#
# A fatal error has been detected by the Java Runtime Environment:
#
#  EXCEPTION_ACCESS_VIOLATION (0xc0000005) at pc=0x00007ff97529dcaf, pid=43748, tid=9400
#
# JRE version: OpenJDK Runtime Environment Temurin-17.0.18+8 (17.0.18+8) (build 17.0.18+8)
# Java VM: OpenJDK 64-Bit Server VM Temurin-17.0.18+8 (17.0.18+8, mixed mode, sharing, tiered, compressed oops, compressed class ptrs, g1 gc, windows-amd64)
# Problematic frame:
# C  0x00007ff97529dcaf
#
# No core dump will be written. Minidumps are not enabled by default on client versions of Windows
#
# If you would like to submit a bug report, please visit:
#   https://github.com/adoptium/adoptium-support/issues
# The crash happened outside the Java Virtual Machine in native code.
# See problematic frame for where to report the bug.
#

---------------  S U M M A R Y ------------

Command Line: --module-path=C:\Users\zeren\.m2\repository\org\openjfx\javafx-base\21.0.2\javafx-base-21.0.2-win.jar;C:\Users\zeren\.m2\repository\org\openjfx\javafx-base\21.0.2\javafx-base-21.0.2.jar;C:\Users\zeren\.m2\repository\org\openjfx\javafx-controls\21.0.2\javafx-controls-21.0.2-win.jar;C:\Users\zeren\.m2\repository\org\openjfx\javafx-controls\21.0.2\javafx-controls-21.0.2.jar;C:\Users\zeren\.m2\repository\org\openjfx\javafx-fxml\21.0.2\javafx-fxml-21.0.2-win.jar;C:\Users\zeren\.m2\repository\org\openjfx\javafx-fxml\21.0.2\javafx-fxml-21.0.2.jar;C:\Users\zeren\.m2\repository\org\openjfx\javafx-graphics\21.0.2\javafx-graphics-21.0.2-win.jar;C:\Users\zeren\.m2\repository\org\openjfx\javafx-graphics\21.0.2\javafx-graphics-21.0.2.jar;C:\Users\zeren\.m2\repository\org\openjfx\javafx-swing\21.0.2\javafx-swing-21.0.2-win.jar;C:\Users\zeren\.m2\repository\org\openjfx\javafx-swing\21.0.2\javafx-swing-21.0.2.jar --add-modules=javafx.base,javafx.controls,javafx.fxml,javafx.graphics,javafx.swing com.gozcu.MainApp

Host: AMD Ryzen 9 5900HX with Radeon Graphics        , 16 cores, 27G,  Windows 11 , 64 bit Build 26100 (10.0.26100.8246)
Time: Tue May  5 04:37:08 2026 Türkiye Standart Saati elapsed time: 82.620462 seconds (0d 0h 1m 22s)

---------------  T H R E A D  ---------------

Current thread (0x00000172f1bdcaf0):  JavaThread "camera-worker" daemon [_thread_in_native, id=9400, stack(0x0000000bd2400000,0x0000000bd2500000)]

Stack: [0x0000000bd2400000,0x0000000bd2500000],  sp=0x0000000bd24fce80,  free space=1011k
Native frames: (J=compiled Java code, j=interpreted, Vv=VM code, C=native code)
C  0x00007ff97529dcaf

Java frames: (J=compiled Java code, j=interpreted, Vv=VM code)
J 5352  ai.onnxruntime.OrtSession.run(JJJ[Ljava/lang/String;[JJ[Ljava/lang/String;J[Lai/onnxruntime/OnnxValue;[JJ)[Z (0 bytes) @ 0x000001728f923aac [0x000001728f9239c0+0x00000000000000ec]
J 6415 c1 ai.onnxruntime.OrtSession.run(Ljava/util/Map;Ljava/util/Set;Ljava/util/Map;Lai/onnxruntime/OrtSession$RunOptions;)Lai/onnxruntime/OrtSession$Result; (751 bytes) @ 0x000001728818a464 [0x0000017288185480+0x0000000000004fe4]
J 6428 c1 ai.onnxruntime.OrtSession.run(Ljava/util/Map;Ljava/util/Set;)Lai/onnxruntime/OrtSession$Result; (11 bytes) @ 0x0000017287f021fc [0x0000017287f02140+0x00000000000000bc]
J 6414 c1 ai.onnxruntime.OrtSession.run(Ljava/util/Map;)Lai/onnxruntime/OrtSession$Result; (10 bytes) @ 0x0000017287c0aabc [0x0000017287c0aa40+0x000000000000007c]
J 5990 c2 com.gozcu.inference.SmokeDetector.detect(Ljava/awt/image/BufferedImage;F)Ljava/util/List; (561 bytes) @ 0x000001728f730ce8 [0x000001728f730600+0x00000000000006e8]
j  com.gozcu.inference.CameraWorker.cameraLoop(Ljava/lang/String;)V+87
j  com.gozcu.inference.CameraWorker.lambda$start$1(Ljava/lang/String;)V+2
j  com.gozcu.inference.CameraWorker$$Lambda$448+0x00000172a828bd48.run()V+8
j  java.util.concurrent.Executors$RunnableAdapter.call()Ljava/lang/Object;+4 java.base@17.0.18
j  java.util.concurrent.FutureTask.run()V+39 java.base@17.0.18
j  java.util.concurrent.ThreadPoolExecutor.runWorker(Ljava/util/concurrent/ThreadPoolExecutor$Worker;)V+92 java.base@17.0.18
j  java.util.concurrent.ThreadPoolExecutor$Worker.run()V+5 java.base@17.0.18
j  java.lang.Thread.run()V+11 java.base@17.0.18
v  ~StubRoutines::call_stub

siginfo: EXCEPTION_ACCESS_VIOLATION (0xc0000005), reading address 0x00000000000026e8


Registers:
RAX=0x00000172f5ad6250, RBX=0x000000000000019f, RCX=0x00000172f5ad5ec0, RDX=0x0000000000000000
RSP=0x0000000bd24fce80, RBP=0x0000000bd24fd930, RSI=0x0000000000000000, RDI=0x0000000bd24fd610
R8 =0x00000000000004dd, R9 =0x00000172f50f5fd8, R10=0x00000172f9790000, R11=0x0000000bd24fd000
R12=0x00000172f5ac5a60, R13=0x0000000000000000, R14=0x0000000bd24fd9d8, R15=0x00000172f5ad6250
RIP=0x00007ff97529dcaf, EFLAGS=0x0000000000010206

XMM[0]=0x3d0603623fc8ed42 0x3f3d5dfcbddd760f
XMM[1]=0x3d0603623fc8ed42 0x3f3d5dfcbddd760f
XMM[2]=0x3f3d5dfcbddd760f 0x3f3d5dfcbddd760f
XMM[3]=0x3d0603623fc8ed42 0x3f3d5dfcbddd760f
XMM[4]=0x3f63bc59be67ab3e 0x3f3d5dfcbddd760f
XMM[5]=0x3ddd808a3fc12a38 0x3f63bc59be67ab3e
XMM[6]=0x0000000000000000 0x000000003ee4e4e5
XMM[7]=0x0000000000000000 0x000000003ee4e4e5
XMM[8]=0x0000000000000000 0x000000003ee4e4e5
XMM[9]=0x0000000000000000 0x000000003ee4e4e5
XMM[10]=0x0000000000000000 0x000000003ee4e4e5
XMM[11]=0x0000000000000000 0x000000003ee4e4e5
XMM[12]=0x0000000000000000 0x000000003ee4e4e5
XMM[13]=0x0000000000000000 0x000000003ee4e4e5
XMM[14]=0x0000000000000000 0x0000000000000000
XMM[15]=0x0000000000000000 0x000000003ee4e4e5
  MXCSR=0x00001fa2


Register to memory mapping:

RIP=0x00007ff97529dcaf points into unknown readable memory: 4a
RAX=0x00000172f5ad6250 points into unknown readable memory: 0x00007ff975595ef0 | f0 5e 59 75 f9 7f 00 00
RBX=0x000000000000019f is an unknown value
RCX=0x00000172f5ad5ec0 points into unknown readable memory: 0x00000172ec7448c0 | c0 48 74 ec 72 01 00 00
RDX=0x0 is NULL
RSP=0x0000000bd24fce80 is pointing into the stack for thread: 0x00000172f1bdcaf0
RBP=0x0000000bd24fd930 is pointing into the stack for thread: 0x00000172f1bdcaf0
RSI=0x0 is NULL
RDI=0x0000000bd24fd610 is pointing into the stack for thread: 0x00000172f1bdcaf0
R8 =0x00000000000004dd is an unknown value
R9 =0x00000172f50f5fd8 is an unknown value
R10=0x00000172f9790000 points into unknown readable memory: 0x0000000000000000 | 00 00 00 00 00 00 00 00
R11=0x0000000bd24fd000 is pointing into the stack for thread: 0x00000172f1bdcaf0
R12=0x00000172f5ac5a60 points into unknown readable memory: 0x00000172f46f2d80 | 80 2d 6f f4 72 01 00 00
R13=0x0 is NULL
R14=0x0000000bd24fd9d8 is pointing into the stack for thread: 0x00000172f1bdcaf0
R15=0x00000172f5ad6250 points into unknown readable memory: 0x00007ff975595ef0 | f0 5e 59 75 f9 7f 00 00


Top of Stack: (sp=0x0000000bd24fce80)
0x0000000bd24fce80:   00000172f4da5410 00000172f5ac5a60
0x0000000bd24fce90:   0000000bd24fd3a0 00000172f409aae0
0x0000000bd24fcea0:   0000000bd24fcfc9 00007ff9753a8254
0x0000000bd24fceb0:   0000000000000000 0000af9962d112a7
0x0000000bd24fcec0:   0000000000000000 00007ff975216aab
0x0000000bd24fced0:   00007ff975598e08 0000000bd24fcf90
0x0000000bd24fcee0:   00000172f409aae0 00007ff9753a8c57
0x0000000bd24fcef0:   000001730c018080 000001730be88080
0x0000000bd24fcf00:   0000000000000040 0000000000000008
0x0000000bd24fcf10:   0000000000001900 00000172f40993d0
0x0000000bd24fcf20:   0000000000000004 0000000bd24fcf60
0x0000000bd24fcf30:   00000172f409aae0 0000017300e497b0
0x0000000bd24fcf40:   0000000000000008 0000000000000040
0x0000000bd24fcf50:   0000000000000008 0000000000000008
0x0000000bd24fcf60:   0000000000000001 0000000000000040
0x0000000bd24fcf70:   0000000000000050 0000000000000050
0x0000000bd24fcf80:   0000000bd24fcf48 0000000000000000
0x0000000bd24fcf90:   0000000bd24fcf08 0000000bd24fcf40
0x0000000bd24fcfa0:   0000017300e49d50 0000000bd24fcf10
0x0000000bd24fcfb0:   0000000bd24fcef8 0000000bd24fcf48
0x0000000bd24fcfc0:   0000000bd24fcef0 0000000bd24fcf00
0x0000000bd24fcfd0:   0000000bd24fcf50 000001730be88080
0x0000000bd24fcfe0:   0000af9962d11047 0000000000000000
0x0000000bd24fcff0:   000000003ee4e4e5 0000000000000000
0x0000000bd24fd000:   000000000000019f 0000000bd24fd9d8
0x0000000bd24fd010:   0000000bd24fd610 0000000000000000
0x0000000bd24fd020:   0000000bd24fd930 00007ff9752758fd
0x0000000bd24fd030:   0000000bd24fd320 0000017300e49d50
0x0000000bd24fd040:   0000017300e49d50 0000000bd24fd610
0x0000000bd24fd050:   00000172f5ac5a60 0000000bd24feab8
0x0000000bd24fd060:   0000000000000000 40840ffdf3b645a2
0x0000000bd24fd070:   0000017300e49d50 000000000000019f 

Instructions: (pc=0x00007ff97529dcaf)
0x00007ff97529dbaf:   cc 48 83 ec 28 48 81 c1 38 01 00 00 e8 70 91 9a
0x00007ff97529dbbf:   ff 8b 08 85 c9 74 08 f3 90 8b 08 85 c9 75 f8 48
0x00007ff97529dbcf:   83 c4 28 c3 cc cc cc cc cc cc cc cc cc cc cc cc
0x00007ff97529dbdf:   cc 48 81 c1 40 01 00 00 48 83 39 00 75 0a 48 83
0x00007ff97529dbef:   3a 00 0f 85 49 a6 9f ff c3 cc cc cc cc cc cc cc
0x00007ff97529dbff:   cc 48 89 5c 24 08 57 48 83 ec 20 48 8b d9 48 81
0x00007ff97529dc0f:   c1 90 01 00 00 e8 a7 e1 9b ff 48 8d 8b 50 01 00
0x00007ff97529dc1f:   00 48 83 39 00 74 05 e8 75 18 a2 ff 48 8b bb 40
0x00007ff97529dc2f:   01 00 00 48 85 ff 74 16 48 8d 4f 08 e8 10 8c 9a
0x00007ff97529dc3f:   ff ba 28 00 00 00 48 8b cf e8 e3 85 fa ff 48 8b
0x00007ff97529dc4f:   8b 30 01 00 00 48 85 c9 74 05 e8 d2 85 fa ff 48
0x00007ff97529dc5f:   8d 4b 08 48 8b 5c 24 30 48 83 c4 20 5f e9 cf dd
0x00007ff97529dc6f:   fc ff cc cc cc cc cc cc cc cc cc cc cc cc cc cc
0x00007ff97529dc7f:   cc 48 89 5c 24 18 55 56 57 41 56 41 57 48 81 ec
0x00007ff97529dc8f:   80 01 00 00 48 8b da 4c 8b f1 48 8b 09 e8 6f d5
0x00007ff97529dc9f:   fa ff 4c 8b f8 4c 8d 04 5b 48 8b 90 c0 00 00 00
0x00007ff97529dcaf:   4a 8b 1c c2 4a 8b 6c c2 08 48 3b dd 74 77 0f 1f
0x00007ff97529dcbf:   00 48 8b 13 49 8b 86 30 01 00 00 48 8d 0c 90 e8
0x00007ff97529dccf:   5d 90 9a ff b9 ff ff ff ff f0 0f c1 08 83 f9 01
0x00007ff97529dcdf:   75 4a 49 8d 4e 08 48 03 d2 4d 8b 87 a8 00 00 00
0x00007ff97529dcef:   45 8b 04 d0 48 8d 94 24 b8 01 00 00 e8 70 bd fc
0x00007ff97529dcff:   ff 48 8b 30 48 8b bc 24 b8 01 00 00 48 85 ff 74
0x00007ff97529dd0f:   16 48 8d 4f 08 e8 37 8b 9a ff ba 28 00 00 00 48
0x00007ff97529dd1f:   8b cf e8 0a 85 fa ff 48 85 f6 75 20 48 83 c3 08
0x00007ff97529dd2f:   48 3b dd 75 8c 48 8b 9c 24 c0 01 00 00 48 81 c4
0x00007ff97529dd3f:   80 01 00 00 41 5f 41 5e 5f 5e 5d c3 48 8d 4c 24
0x00007ff97529dd4f:   48 e8 9b fd 9b ff 48 8b d8 48 8d 4c 24 30 e8 ae
0x00007ff97529dd5f:   97 0f 00 90 48 89 44 24 20 4c 8d 0d f9 a8 34 00
0x00007ff97529dd6f:   41 b8 aa 00 00 00 48 8d 15 34 a8 34 00 48 8d 8c
0x00007ff97529dd7f:   24 20 01 00 00 e8 87 29 9b ff 90 4c 8b cb 4c 8d
0x00007ff97529dd8f:   05 6c a8 34 00 48 8b d0 48 8d 4c 24 70 e8 df 2c
0x00007ff97529dd9f:   9b ff 48 8d 15 28 92 43 00 48 8d 4c 24 70 e8 b8 


Stack slot to memory mapping:
stack at sp + 0 slots: 0x00000172f4da5410 points into unknown readable memory: 0x0000000000000000 | 00 00 00 00 00 00 00 00
stack at sp + 1 slots: 0x00000172f5ac5a60 points into unknown readable memory: 0x00000172f46f2d80 | 80 2d 6f f4 72 01 00 00
stack at sp + 2 slots: 0x0000000bd24fd3a0 is pointing into the stack for thread: 0x00000172f1bdcaf0
stack at sp + 3 slots: 0x00000172f409aae0 points into unknown readable memory: 0x000001730c018080 | 80 80 01 0c 73 01 00 00
stack at sp + 4 slots: 0x0000000bd24fcfc9 is pointing into the stack for thread: 0x00000172f1bdcaf0
stack at sp + 5 slots: 0x00007ff9753a8254 points into unknown readable memory: 48 83 c4 68
stack at sp + 6 slots: 0x0 is NULL
stack at sp + 7 slots: 0x0000af9962d112a7 is an unknown value


Compiled method (n/a) 82782 5352     n 0       ai.onnxruntime.OrtSession::run (native)
 total in heap  [0x000001728f923810,0x000001728f923d40] = 1328
 relocation     [0x000001728f923970,0x000001728f9239a8] = 56
 main code      [0x000001728f9239c0,0x000001728f923d38] = 888
 oops           [0x000001728f923d38,0x000001728f923d40] = 8

[Constant Pool (empty)]

[MachCode]
[Entry Point]
  # {method} {0x00000172e8ed2a48} 'run' '(JJJ[Ljava/lang/String;[JJ[Ljava/lang/String;J[Lai/onnxruntime/OnnxValue;[JJ)[Z' in 'ai/onnxruntime/OrtSession'
  # this:     rdx:rdx   = 'ai/onnxruntime/OrtSession'
  # parm0:    r8:r8     = long
  # parm1:    r9:r9     = long
  # parm2:    rdi:rdi   = long
  # parm3:    rsi:rsi   = '[Ljava/lang/String;'
  # parm4:    rcx:rcx   = '[J'
  # parm5:    [sp+0xb0]   = long  (sp of caller)
  # parm6:    [sp+0xb8]   = '[Ljava/lang/String;'
  # parm7:    [sp+0xc0]   = long
  # parm8:    [sp+0xc8]   = '[Lai/onnxruntime/OnnxValue;'
  # parm9:    [sp+0xd0]   = '[J'
  # parm10:   [sp+0xd8]   = long
  0x000001728f9239c0: 448b 5208 | 49bb 0000 | 00a7 7201 | 0000 4d03 | d349 3bc2 | 0f84 0600 

  0x000001728f9239d8: ;   {runtime_call ic_miss_stub}
  0x000001728f9239d8: 0000 e9a1 | d662 ff90 
[Verified Entry Point]
  0x000001728f9239e0: 8984 2400 | 90ff ff55 | 488b ec48 | 81ec a000 | 0000 488b | 4538 4889 | 4424 6048 | 817d 3000 
  0x000001728f923a00: 0000 0048 | 8d45 3048 | 0f44 4530 | 4889 4424 | 5848 817d | 2800 0000 | 0048 8d45 | 2848 0f44 
  0x000001728f923a20: 4528 4889 | 4424 5048 | 8b45 2048 | 8944 2448 | 4881 7d18 | 0000 0000 | 488d 4518 | 480f 4445 
  0x000001728f923a40: 1848 8944 | 2440 488b | 4510 4889 | 4424 3848 | 898c 2490 | 0000 0048 | 83f9 0048 | 8d84 2490 
  0x000001728f923a60: 0000 0048 | 0f44 8424 | 9000 0000 | 4889 4424 | 3048 89b4 | 2488 0000 | 0048 83fe | 0048 8d84 
  0x000001728f923a80: 2488 0000 | 0048 0f44 | 8424 8800 | 0000 4889 | 4424 2848 | 897c 2420 | 4889 5424 | 6848 83fa 
  0x000001728f923aa0: 0048 8d54 | 2468 480f | 4454 2468 

  0x000001728f923aac: ;   {internal_word}
  0x000001728f923aac: c5f8 7749 | baac 3a92 | 8f72 0100 | 004d 8997 | a002 0000 | 4989 a798 

  0x000001728f923ac4: ;   {external_word}
  0x000001728f923ac4: 0200 0049 | bad5 c62f | 7cf9 7f00 | 0041 803a | 000f 8452 | 0000 0052 | 4150 4151 

  0x000001728f923ae0: ;   {metadata({method} {0x00000172e8ed2a48} 'run' '(JJJ[Ljava/lang/String;[JJ[Ljava/lang/String;J[Lai/onnxruntime/OnnxValue;[JJ)[Z' in 'ai/onnxruntime/OrtSession')}
  0x000001728f923ae0: 48ba 402a | ede8 7201 | 0000 498b | cf48 83ec | 20f7 c40f | 0000 000f | 841a 0000 | 0048 83ec 
  0x000001728f923b00: ;   {runtime_call}
  0x000001728f923b00: 0849 ba50 | a0e5 7bf9 | 7f00 0041 | ffd2 4883 | c408 e90d 

  0x000001728f923b14: ;   {runtime_call}
  0x000001728f923b14: 0000 0049 | ba50 a0e5 | 7bf9 7f00 | 0041 ffd2 | 4883 c420 | 4159 4158 | 5a49 8d8f | b802 0000 
  0x000001728f923b34: 41c7 8740 | 0300 0004 

  0x000001728f923b3c: ;   {runtime_call}
  0x000001728f923b3c: 0000 0049 | bac0 6b8c | d7f9 7f00 | 0041 ffd2 | c5f8 7741 | c787 4003 | 0000 0500 | 0000 f083 
  0x000001728f923b5c: 4424 c000 | 493b af48 | 0300 000f | 8711 0000 | 0041 81bf | 3003 0000 | 0000 0000 | 0f84 2c00 
  0x000001728f923b7c: 0000 c5f8 | 7748 8945 | f849 8bcf | 4c8b e448 | 83ec 2048 

  0x000001728f923b90: ;   {runtime_call}
  0x000001728f923b90: 83e4 f049 | baa0 aff5 | 7bf9 7f00 | 0041 ffd2 | 498b e44d | 33e4 488b | 45f8 41c7 | 8740 0300 
  0x000001728f923bb0: 0008 0000 | 0041 81bf | b003 0000 | 0200 0000 | 0f84 3f01 

  0x000001728f923bc4: ;   {external_word}
  0x000001728f923bc4: 0000 49ba | d5c6 2f7c | f97f 0000 | 4180 3a00 | 0f84 5000 | 0000 4889 

  0x000001728f923bdc: ;   {metadata({method} {0x00000172e8ed2a48} 'run' '(JJJ[Ljava/lang/String;[JJ[Ljava/lang/String;J[Lai/onnxruntime/OnnxValue;[JJ)[Z' in 'ai/onnxruntime/OrtSession')}
  0x000001728f923bdc: 45f8 48ba | 402a ede8 | 7201 0000 | 498b cf48 | 83ec 20f7 | c40f 0000 | 000f 841a | 0000 0048 
  0x000001728f923bfc: ;   {runtime_call}
  0x000001728f923bfc: 83ec 0849 | ba50 a0e5 | 7bf9 7f00 | 0041 ffd2 | 4883 c408 | e90d 0000 

  0x000001728f923c14: ;   {runtime_call}
  0x000001728f923c14: 0049 ba50 | a0e5 7bf9 | 7f00 0041 | ffd2 4883 | c420 488b | 45f8 49c7 | 8798 0200 | 0000 0000 
  0x000001728f923c34: 0049 c787 | a002 0000 | 0000 0000 | c5f8 7748 | 85c0 0f84 | 9300 0000 | 48f7 c001 | 0000 000f 
  0x000001728f923c54: 8483 0000 | 0048 8b40 | ff41 807f | 3800 0f84 | 6f00 0000 | 4883 f800 | 0f84 6500 | 0000 498b 
  0x000001728f923c74: 4f20 4883 | f900 0f84 | 1400 0000 | 4883 e908 | 4989 4f20 | 4903 4f30 | 4889 01e9 | 4300 0000 
  0x000001728f923c94: 5049 8bd7 | 488b c848 | 83ec 20f7 | c40f 0000 | 000f 841a | 0000 0048 

  0x000001728f923cac: ;   {runtime_call}
  0x000001728f923cac: 83ec 0849 | ba10 6aa4 | 7bf9 7f00 | 0041 ffd2 | 4883 c408 | e90d 0000 

  0x000001728f923cc4: ;   {runtime_call}
  0x000001728f923cc4: 0049 ba10 | 6aa4 7bf9 | 7f00 0041 | ffd2 4883 | c420 58e9 | 0300 0000 | 488b 0049 | 8b8f d800 
  0x000001728f923ce4: 0000 c781 | 0001 0000 | 0000 0000 | c949 817f | 0800 0000 | 000f 8501 | 0000 00c3 

  0x000001728f923d00: ;   {runtime_call StubRoutines (1)}
  0x000001728f923d00: e9fb d15d | ffc5 f877 | 4889 45f8 | 4c8b e448 | 83ec 2048 

  0x000001728f923d14: ;   {runtime_call}
  0x000001728f923d14: 83e4 f049 | ba40 d1e5 | 7bf9 7f00 | 0041 ffd2 | 498b e44d | 33e4 488b | 45f8 e993 | feff fff4 
  0x000001728f923d34: f4f4 f4f4 
[/MachCode]


Compiled method (c1) 82792 6415       3       ai.onnxruntime.OrtSession::run (751 bytes)
 total in heap  [0x0000017288184a90,0x000001728818d418] = 35208
 relocation     [0x0000017288184bf0,0x0000017288185480] = 2192
 main code      [0x0000017288185480,0x000001728818b180] = 23808
 stub code      [0x000001728818b180,0x000001728818b738] = 1464
 oops           [0x000001728818b738,0x000001728818b780] = 72
 metadata       [0x000001728818b780,0x000001728818b7d0] = 80
 scopes data    [0x000001728818b7d0,0x000001728818c588] = 3512
 scopes pcs     [0x000001728818c588,0x000001728818d328] = 3488
 dependencies   [0x000001728818d328,0x000001728818d330] = 8
 nul chk table  [0x000001728818d330,0x000001728818d418] = 232

[Constant Pool (empty)]

[MachCode]
[Entry Point]
  # {method} {0x00000172e8ed14f0} 'run' '(Ljava/util/Map;Ljava/util/Set;Ljava/util/Map;Lai/onnxruntime/OrtSession$RunOptions;)Lai/onnxruntime/OrtSession$Result;' in 'ai/onnxruntime/OrtSession'
  # this:     rdx:rdx   = 'ai/onnxruntime/OrtSession'
  # parm0:    r8:r8     = 'java/util/Map'
  # parm1:    r9:r9     = 'java/util/Set'
  # parm2:    rdi:rdi   = 'java/util/Map'
  # parm3:    rsi:rsi   = 'ai/onnxruntime/OrtSession$RunOptions'
  #           [sp+0x210]  (sp of caller)
  0x0000017288185480: 448b 5208 | 49bb 0000 | 00a7 7201 | 0000 4d03 | d34c 3bd0 

  0x0000017288185494: ;   {runtime_call ic_miss_stub}
  0x0000017288185494: 0f85 e6bb | dc06 660f | 1f44 0000 
[Verified Entry Point]
  0x00000172881854a0: 8984 2400 | 90ff ff55 | 4881 ec00 | 0200 0048 | 8994 24c8 | 0000 004c | 8984 24d0 | 0000 004c 
  0x00000172881854c0: 898c 24d8 | 0000 0048 | 89bc 24e0 

  0x00000172881854cc: ;   {metadata(method data for {method} {0x00000172e8ed14f0} 'run' '(Ljava/util/Map;Ljava/util/Set;Ljava/util/Map;Lai/onnxruntime/OrtSession$RunOptions;)Lai/onnxruntime/OrtSession$Result;' in 'ai/onnxruntime/OrtSession')}
  0x00000172881854cc: 0000 0048 | bb20 8f2a | e972 0100 | 008b 83cc | 0000 0083 | c002 8983 | cc00 0000 | 81e0 fe07 
  0x00000172881854ec: 0000 83f8 | 000f 840a | 5200 000f | be5a 0c83 

  0x00000172881854fc: ;   {metadata(method data for {method} {0x00000172e8ed14f0} 'run' '(Ljava/util/Map;Ljava/util/Set;Ljava/util/Map;Lai/onnxruntime/OrtSession$RunOptions;)Lai/onnxruntime/OrtSession$Result;' in 'ai/onnxruntime/OrtSession')}
  0x00000172881854fc: fb00 48bb | 208f 2ae9 | 7201 0000 | 48c7 c010 | 0100 000f | 8507 0000 | 0048 c7c0 | 2001 0000 
  0x000001728818551c: 488b 0c03 | 488d 4901 | 4889 0c03 | 0f85 3351 | 0000 4889 | b424 e800 | 0000 493b | 0049 8bd8 
  0x000001728818553c: ;   {metadata(method data for {method} {0x00000172e8ed14f0} 'run' '(Ljava/util/Map;Ljava/util/Set;Ljava/util/Map;Lai/onnxruntime/OrtSession$RunOptions;)Lai/onnxruntime/OrtSession$Result;' in 'ai/onnxruntime/OrtSession')}
  0x000001728818553c: 48b8 208f | 2ae9 7201 | 0000 8b5b | 0849 ba00 | 0000 a772 | 0100 0049 | 03da 483b | 9840 0100 
  0x000001728818555c: 0075 0d48 | 8380 4801 | 0000 01e9 | 6600 0000 | 483b 9850 | 0100 0075 | 0d48 8380 | 5801 0000 
  0x000001728818557c: 01e9 5000 | 0000 4881 | b840 0100 | 0000 0000 | 0075 1748 | 8998 4001 | 0000 48c7 | 8048 0100 
  0x000001728818559c: 0001 0000 | 00e9 2c00 | 0000 4881 | b850 0100 | 0000 0000 | 0075 1748 | 8998 5001 | 0000 48c7 
  0x00000172881855bc: 8058 0100 | 0001 0000 | 00e9 0800 | 0000 4883 | 8030 0100 | 0001 498b | d048 b810 | 4610 a772 
  0x00000172881855dc: ;   {virtual_call}
  0x00000172881855dc: 0100 00e8 

  0x00000172881855e0: ; ImmutableOopMap {[208]=Oop [200]=Oop [232]=Oop [224]=Oop [216]=Oop }
                      ;*invokeinterface isEmpty {reexecute=0 rethrow=0 return_oop=0}
                      ; - ai.onnxruntime.OrtSession::run@8 (line 362)
  0x00000172881855e0: bcdd 7907 

  0x00000172881855e4: ;   {metadata(method data for {method} {0x00000172e8ed14f0} 'run' '(Ljava/util/Map;Ljava/util/Set;Ljava/util/Map;Lai/onnxruntime/OrtSession$RunOptions;)Lai/onnxruntime/OrtSession$Result;' in 'ai/onnxruntime/OrtSession')}
  0x00000172881855e4: 83f8 0048 | ba20 8f2a | e972 0100 | 0048 c7c6 | 6801 0000 | 0f84 0700 | 0000 48c7 | c678 0100 
  0x0000017288185604: 0048 8b3c | 3248 8d7f | 0148 893c | 320f 8440 | 0000 0048 | 8b94 24c8 | 0000 0048 | 8b72 1848 
  0x0000017288185624: ;   {metadata(method data for {method} {0x00000172e8ed14f0} 'run' '(Ljava/util/Map;Ljava/util/Set;Ljava/util/Map;Lai/onnxruntime/OrtSession$RunOptions;)Lai/onnxruntime/OrtSession$Result;' in 'ai/onnxruntime/OrtSession')}
  0x0000017288185624: 83fe 0048 | be20 8f2a | e972 0100 | 0048 c7c7 | 8801 0000 | 0f85 0700 | 0000 48c7 | c798 0100 
  0x0000017288185644: 0048 8b1c | 3e48 8d5b | 0148 891c | 3e0f 85ff | 0000 004c | 8b84 24d0 

  0x000001728818565c: ;   {metadata(method data for {method} {0x00000172e8ed14f0} 'run' '(Ljava/util/Map;Ljava/util/Set;Ljava/util/Map;Lai/onnxruntime/OrtSession$RunOptions;)Lai/onnxruntime/OrtSession$Result;' in 'ai/onnxruntime/OrtSession')}
  0x000001728818565c: 0000 0048 | be20 8f2a | e972 0100 | 0045 8b40 | 0849 ba00 | 0000 a772 | 0100 004d | 03c2 4c3b 
  0x000001728818567c: 86b8 0100 | 0075 0d48 | 8386 c001 | 0000 01e9 | 6600 0000 | 4c3b 86c8 | 0100 0075 | 0d48 8386 
  0x000001728818569c: d001 0000 | 01e9 5000 | 0000 4881 | beb8 0100 | 0000 0000 | 0075 174c | 8986 b801 | 0000 48c7 
  0x00000172881856bc: 86c0 0100 | 0001 0000 | 00e9 2c00 | 0000 4881 | bec8 0100 | 0000 0000 | 0075 174c | 8986 c801 
  0x00000172881856dc: 0000 48c7 | 86d0 0100 | 0001 0000 | 00e9 0800 | 0000 4883 | 86a8 0100 | 0001 488b | 9424 d000 
  0x00000172881856fc: 0000 0f1f | 8000 0000 | 0048 b810 | 4610 a772 

  0x000001728818570c: ;   {virtual_call}
  0x000001728818570c: 0100 00e8 

  0x0000017288185710: ; ImmutableOopMap {[208]=Oop [216]=Oop [224]=Oop [232]=Oop [200]=Oop }
                      ;*invokeinterface size {reexecute=0 rethrow=0 return_oop=0}
                      ; - ai.onnxruntime.OrtSession::run@26 (line 362)
  0x0000017288185710: 0c7d 6e07 | 488b 9424 | c800 0000 | 488b 7218 | 4863 c048 

  0x0000017288185724: ;   {metadata(method data for {method} {0x00000172e8ed14f0} 'run' '(Ljava/util/Map;Ljava/util/Set;Ljava/util/Map;Lai/onnxruntime/OrtSession$RunOptions;)Lai/onnxruntime/OrtSession$Result;' in 'ai/onnxruntime/OrtSession')}
  0x0000017288185724: 3bf0 48be | 208f 2ae9 | 7201 0000 | 48c7 c7e0 | 0100 000f | 8d07 0000 | 0048 c7c7 | f001 0000 
  0x0000017288185744: 488b 043e | 488d 4001 | 4889 043e | 0f8d 6305 | 0000 6690 

  0x0000017288185758: ;   {no_reloc}
  0x0000017288185758: e9d9 4f00 | 0000 0000 | 0000 80ba | 3301 0000 | 040f 85d6 | 4f00 0049 | 8b87 0801 | 0000 488d 
  0x0000017288185778: 7828 493b | bf18 0100 | 000f 87be | 4f00 0049 | 89bf 0801 | 0000 48c7 | 0001 0000 | 0048 8bca 
  0x0000017288185798: 49ba 0000 | 00a7 7201 | 0000 492b | ca89 4808 | 4833 c989 | 480c 4833 | c948 8948 | 1048 8948 
  0x00000172881857b8: 1848 8948 | 2048 8984 | 24f8 0000 | 0066 6690 

  0x00000172881857c8: ;   {no_reloc}
  0x00000172881857c8: e994 4f00 | 0000 0000 | 0000 498b | 8708 0100 | 0048 8d78 | 1849 3bbf | 1801 0000 | 0f87 814f 
  0x00000172881857e8: 0000 4989 | bf08 0100 | 0048 c700 | 0100 0000 | 488b ca49 | ba00 0000 | a772 0100 | 0049 2bca 
  0x0000017288185808: 8948 0848 | 33c9 8948 | 0c48 33c9 | 4889 4810 

  0x0000017288185818: ;   {metadata(method data for {method} {0x00000172e8ed14f0} 'run' '(Ljava/util/Map;Ljava/util/Set;Ljava/util/Map;Lai/onnxruntime/OrtSession$RunOptions;)Lai/onnxruntime/OrtSession$Result;' in 'ai/onnxruntime/OrtSession')}
  0x0000017288185818: 4c8b c048 | ba20 8f2a | e972 0100 | 0048 8382 | 0002 0000 

  0x000001728818582c: ;   {metadata(method data for {method} {0x00000172a741f118} '<init>' '()V' in 'java/lang/StringBuilder')}
  0x000001728818582c: 0149 b8a0 | 3903 e872 | 0100 0041 | 8b90 cc00 | 0000 83c2 | 0241 8990 | cc00 0000 | 81e2 feff 
  0x000001728818584c: 1f00 83fa | 000f 8421 | 4f00 004c 

  0x0000017288185858: ;   {metadata(method data for {method} {0x00000172a741f118} '<init>' '()V' in 'java/lang/StringBuilder')}
  0x0000017288185858: 8bc0 48ba | a039 03e8 | 7201 0000 | 4883 8210 | 0100 0001 | 41b8 1000 | 0000 488b | d048 8984 
  0x0000017288185878: 24f0 0000 

  0x000001728818587c: ;   {optimized virtual_call}
  0x000001728818587c: 0066 90e8 

  0x0000017288185880: ; ImmutableOopMap {[208]=Oop [200]=Oop [240]=Oop [248]=Oop }
                      ;*invokespecial <init> {reexecute=0 rethrow=0 return_oop=0}
                      ; - java.lang.StringBuilder::<init>@3 (line 106)
                      ; - ai.onnxruntime.OrtSession::run@48 (line 363)
  0x0000017288185880: fcba dc06 | 488b 8424 | f000 0000 

  0x000001728818588c: ;   {metadata(method data for {method} {0x00000172e8ed14f0} 'run' '(Ljava/util/Map;Ljava/util/Set;Ljava/util/Map;Lai/onnxruntime/OrtSession$RunOptions;)Lai/onnxruntime/OrtSession$Result;' in 'ai/onnxruntime/OrtSession')}
  0x000001728818588c: 49b8 208f | 2ae9 7201 | 0000 4983 | 8010 0200 

  0x000001728818589c: ;   {metadata(method data for {method} {0x00000172a741f850} 'append' '(Ljava/lang/String;)Ljava/lang/StringBuilder;' in 'java/lang/StringBuilder')}
  0x000001728818589c: 0001 49b8 | f040 03e8 | 7201 0000 | 418b 90cc | 0000 0083 | c202 4189 | 90cc 0000 | 0081 e2fe 
  0x00000172881858bc: ff1f 0083 | fa00 0f84 | d14e 0000 | 488b 8424 | f000 0000 

  0x00000172881858d0: ;   {metadata(method data for {method} {0x00000172a741f850} 'append' '(Ljava/lang/String;)Ljava/lang/StringBuilder;' in 'java/lang/StringBuilder')}
  0x00000172881858d0: 49b8 f040 | 03e8 7201 | 0000 4983 | 8010 0100 

  0x00000172881858e0: ;   {oop("Unexpected number of inputs, expected [1,"{0x0000000644a9a640})}
  0x00000172881858e0: 0001 49b8 | 40a6 a944 | 0600 0000 | 488b 9424 | f000 0000 

  0x00000172881858f4: ;   {optimized virtual_call}
  0x00000172881858f4: 6666 90e8 

  0x00000172881858f8: ; ImmutableOopMap {[208]=Oop [200]=Oop [240]=Oop [248]=Oop }
                      ;*invokespecial append {reexecute=0 rethrow=0 return_oop=0}
                      ; - java.lang.StringBuilder::append@2 (line 179)
                      ; - ai.onnxruntime.OrtSession::run@53 (line 363)
  0x00000172881858f8: 84ba dc06 | 488b 9424 | c800 0000 | 4c8b 4218 | 488b 8424 | f000 0000 

  0x0000017288185910: ;   {metadata(method data for {method} {0x00000172e8ed14f0} 'run' '(Ljava/util/Map;Ljava/util/Set;Ljava/util/Map;Lai/onnxruntime/OrtSession$RunOptions;)Lai/onnxruntime/OrtSession$Result;' in 'ai/onnxruntime/OrtSession')}
  0x0000017288185910: 48ba 208f | 2ae9 7201 | 0000 4883 | 8248 0200 

  0x0000017288185920: ;   {metadata(method data for {method} {0x00000172a741fa60} 'append' '(J)Ljava/lang/StringBuilder;' in 'java/lang/StringBuilder')}
  0x0000017288185920: 0001 48ba | e867 17e9 | 7201 0000 | 8bb2 cc00 | 0000 83c6 | 0289 b2cc | 0000 0081 | e6fe ff1f 
  0x0000017288185940: 0083 fe00 | 0f84 704e | 0000 488b | 8424 f000 

  0x0000017288185950: ;   {metadata(method data for {method} {0x00000172a741fa60} 'append' '(J)Ljava/lang/StringBuilder;' in 'java/lang/StringBuilder')}
  0x0000017288185950: 0000 48ba | e867 17e9 | 7201 0000 | 4883 8210 | 0100 0001 | 488b 9424 | f000 0000 

  0x000001728818596c: ;   {optimized virtual_call}
  0x000001728818596c: 6666 90e8 

  0x0000017288185970: ; ImmutableOopMap {[208]=Oop [240]=Oop [248]=Oop }
                      ;*invokespecial append {reexecute=0 rethrow=0 return_oop=0}
                      ; - java.lang.StringBuilder::append@2 (line 259)
                      ; - ai.onnxruntime.OrtSession::run@60 (line 363)
  0x0000017288185970: 0cba dc06 | 488b 8424 | f000 0000 

  0x000001728818597c: ;   {metadata(method data for {method} {0x00000172e8ed14f0} 'run' '(Ljava/util/Map;Ljava/util/Set;Ljava/util/Map;Lai/onnxruntime/OrtSession$RunOptions;)Lai/onnxruntime/OrtSession$Result;' in 'ai/onnxruntime/OrtSession')}
  0x000001728818597c: 49b8 208f | 2ae9 7201 | 0000 4983 | 8080 0200 

  0x000001728818598c: ;   {metadata(method data for {method} {0x00000172a741f850} 'append' '(Ljava/lang/String;)Ljava/lang/StringBuilder;' in 'java/lang/StringBuilder')}
  0x000001728818598c: 0001 49b8 | f040 03e8 | 7201 0000 | 418b 90cc | 0000 0083 | c202 4189 | 90cc 0000 | 0081 e2fe 
  0x00000172881859ac: ff1f 0083 | fa00 0f84 | 234e 0000 | 488b 8424 | f000 0000 

  0x00000172881859c0: ;   {metadata(method data for {method} {0x00000172a741f850} 'append' '(Ljava/lang/String;)Ljava/lang/StringBuilder;' in 'java/lang/StringBuilder')}
  0x00000172881859c0: 49b8 f040 | 03e8 7201 | 0000 4983 | 8010 0100 

  0x00000172881859d0: ;   {oop(") found "{0x0000000644a9a658})}
  0x00000172881859d0: 0001 49b8 | 58a6 a944 | 0600 0000 | 488b 9424 | f000 0000 

  0x00000172881859e4: ;   {optimized virtual_call}
  0x00000172881859e4: 6666 90e8 

  0x00000172881859e8: ; ImmutableOopMap {[208]=Oop [240]=Oop [248]=Oop }
                      ;*invokespecial append {reexecute=0 rethrow=0 return_oop=0}
                      ; - java.lang.StringBuilder::append@2 (line 179)
                      ; - ai.onnxruntime.OrtSession::run@65 (line 363)
  0x00000172881859e8: 94b9 dc06 | 4c8b 8424 | d000 0000 

  0x00000172881859f4: ;   {metadata(method data for {method} {0x00000172e8ed14f0} 'run' '(Ljava/util/Map;Ljava/util/Set;Ljava/util/Map;Lai/onnxruntime/OrtSession$RunOptions;)Lai/onnxruntime/OrtSession$Result;' in 'ai/onnxruntime/OrtSession')}
  0x00000172881859f4: 48ba 208f | 2ae9 7201 | 0000 458b | 4008 49ba | 0000 00a7 | 7201 0000 | 4d03 c24c | 3b82 c802 
  0x0000017288185a14: 0000 750d | 4883 82d0 | 0200 0001 | e966 0000 | 004c 3b82 | d802 0000 | 750d 4883 | 82e0 0200 
  0x0000017288185a34: 0001 e950 | 0000 0048 | 81ba c802 | 0000 0000 | 0000 7517 | 4c89 82c8 | 0200 0048 | c782 d002 
  0x0000017288185a54: 0000 0100 | 0000 e92c | 0000 0048 | 81ba d802 | 0000 0000 | 0000 7517 | 4c89 82d8 | 0200 0048 
  0x0000017288185a74: c782 e002 | 0000 0100 | 0000 e908 | 0000 0048 | 8382 b802 | 0000 0148 | 8b94 24d0 | 0000 0066 
  0x0000017288185a94: 9048 b8ff | ffff ffff 

  0x0000017288185a9c: ;   {virtual_call}
  0x0000017288185a9c: ffff ffe8 

  0x0000017288185aa0: ; ImmutableOopMap {[240]=Oop [248]=Oop }
                      ;*invokeinterface size {reexecute=0 rethrow=0 return_oop=0}
                      ; - ai.onnxruntime.OrtSession::run@69 (line 364)
  0x0000017288185aa0: dcbb dc06 | 4c8b 8424 | f000 0000 

  0x0000017288185aac: ;   {metadata(method data for {method} {0x00000172e8ed14f0} 'run' '(Ljava/util/Map;Ljava/util/Set;Ljava/util/Map;Lai/onnxruntime/OrtSession$RunOptions;)Lai/onnxruntime/OrtSession$Result;' in 'ai/onnxruntime/OrtSession')}
  0x0000017288185aac: 48ba 208f | 2ae9 7201 | 0000 4883 | 82f0 0200 

  0x0000017288185abc: ;   {metadata(method data for {method} {0x00000172a741fa08} 'append' '(I)Ljava/lang/StringBuilder;' in 'java/lang/StringBuilder')}
  0x0000017288185abc: 0001 49b8 | 903c 03e8 | 7201 0000 | 418b 90cc | 0000 0083 | c202 4189 | 90cc 0000 | 0081 e2fe 
  0x0000017288185adc: ff1f 0083 | fa00 0f84 | 144d 0000 | 4c8b 8424 | f000 0000 

  0x0000017288185af0: ;   {metadata(method data for {method} {0x00000172a741fa08} 'append' '(I)Ljava/lang/StringBuilder;' in 'java/lang/StringBuilder')}
  0x0000017288185af0: 48ba 903c | 03e8 7201 | 0000 4883 | 8210 0100 | 0001 4c8b | c048 8b94 | 24f0 0000 

  0x0000017288185b0c: ;   {optimized virtual_call}
  0x0000017288185b0c: 0066 90e8 

  0x0000017288185b10: ; ImmutableOopMap {[240]=Oop [248]=Oop }
                      ;*invokespecial append {reexecute=0 rethrow=0 return_oop=0}
                      ; - java.lang.StringBuilder::append@2 (line 253)
                      ; - ai.onnxruntime.OrtSession::run@74 (line 364)
  0x0000017288185b10: 6cb8 dc06 | 488b 8424 | f000 0000 

  0x0000017288185b1c: ;   {metadata(method data for {method} {0x00000172e8ed14f0} 'run' '(Ljava/util/Map;Ljava/util/Set;Ljava/util/Map;Lai/onnxruntime/OrtSession$RunOptions;)Lai/onnxruntime/OrtSession$Result;' in 'ai/onnxruntime/OrtSession')}
  0x0000017288185b1c: 48ba 208f | 2ae9 7201 | 0000 4883 | 8228 0300 

  0x0000017288185b2c: ;   {metadata(method data for {method} {0x00000172a741f170} 'toString' '()Ljava/lang/String;' in 'java/lang/StringBuilder')}
  0x0000017288185b2c: 0001 48ba | 9844 03e8 | 7201 0000 | 448b 82cc | 0000 0041 | 83c0 0244 | 8982 cc00 | 0000 4181 
  0x0000017288185b4c: e0fe ff1f | 0041 83f8 | 000f 84c2 | 4c00 0048 | 8b84 24f0 

  0x0000017288185b60: ;   {metadata(method data for {method} {0x00000172a741f170} 'toString' '()Ljava/lang/String;' in 'java/lang/StringBuilder')}
  0x0000017288185b60: 0000 0048 | ba98 4403 | e872 0100 | 0048 8382 | 1001 0000 

  0x0000017288185b74: ;   {metadata(method data for {method} {0x00000172a705d7b8} 'isLatin1' '()Z' in 'java/lang/AbstractStringBuilder')}
  0x0000017288185b74: 0148 ba08 | 2902 e872 | 0100 0044 | 8b82 cc00 | 0000 4183 | c002 4489 | 82cc 0000 | 0041 81e0 
  0x0000017288185b94: feff 1f00 | 4183 f800 | 0f84 9c4c 

  0x0000017288185ba0: ;   {metadata(method data for {method} {0x00000172a705d7b8} 'isLatin1' '()Z' in 'java/lang/AbstractStringBuilder')}
  0x0000017288185ba0: 0000 48ba | 0829 02e8 | 7201 0000 | ff82 2001 | 0000 488b | 8424 f000 | 0000 0fbe | 5010 83fa 
  0x0000017288185bc0: ;   {metadata(method data for {method} {0x00000172a705d7b8} 'isLatin1' '()Z' in 'java/lang/AbstractStringBuilder')}
  0x0000017288185bc0: 0048 ba08 | 2902 e872 | 0100 0049 | c7c0 3001 | 0000 0f85 | 0700 0000 | 49c7 c040 | 0100 004e 
  0x0000017288185be0: 8b0c 024d | 8d49 014e | 890c 020f | 851a 0000 

  0x0000017288185bf0: ;   {metadata(method data for {method} {0x00000172a705d7b8} 'isLatin1' '()Z' in 'java/lang/AbstractStringBuilder')}
  0x0000017288185bf0: 0048 ba08 | 2902 e872 | 0100 00ff | 8250 0100 | 00ba 0100 | 0000 e905 | 0000 00ba | 0000 0000 
  0x0000017288185c10: 83e2 0183 

  0x0000017288185c14: ;   {metadata(method data for {method} {0x00000172a741f170} 'toString' '()Ljava/lang/String;' in 'java/lang/StringBuilder')}
  0x0000017288185c14: fa00 48ba | 9844 03e8 | 7201 0000 | 49c7 c048 | 0100 000f | 8407 0000 | 0049 c7c0 | 5801 0000 
  0x0000017288185c34: 4e8b 0c02 | 4d8d 4901 | 4e89 0c02 | 0f84 4300 | 0000 8b50 | 1448 c1e2 | 0344 8b48 

  0x0000017288185c50: ;   {metadata(method data for {method} {0x00000172a741f170} 'toString' '()Ljava/lang/String;' in 'java/lang/StringBuilder')}
  0x0000017288185c50: 0c49 b898 | 4403 e872 | 0100 0049 | 8380 6801 | 0000 0141 | b800 0000 | 0066 0f1f 

  0x0000017288185c6c: ;   {static_call}
  0x0000017288185c6c: 4400 00e8 

  0x0000017288185c70: ; ImmutableOopMap {[248]=Oop }
                      ;*invokestatic newString {reexecute=0 rethrow=0 return_oop=0}
                      ; - java.lang.StringBuilder::toString@16 (line 453)
                      ; - ai.onnxruntime.OrtSession::run@77 (line 364)
  0x0000017288185c70: 0cbd dc06 

  0x0000017288185c74: ;   {metadata(method data for {method} {0x00000172a741f170} 'toString' '()Ljava/lang/String;' in 'java/lang/StringBuilder')}
  0x0000017288185c74: 48ba 9844 | 03e8 7201 | 0000 ff82 | 7801 0000 | e9a0 4900 | 008b 5014 | 48c1 e203 | 448b 480c 
  0x0000017288185c94: ;   {metadata(method data for {method} {0x00000172a741f170} 'toString' '()Ljava/lang/String;' in 'java/lang/StringBuilder')}
  0x0000017288185c94: 49b8 9844 | 03e8 7201 | 0000 4983 | 8090 0100 | 0001 41b8 | 0000 0000 

  0x0000017288185cac: ;   {static_call}
  0x0000017288185cac: 6666 90e8 

  0x0000017288185cb0: ; ImmutableOopMap {[248]=Oop }
                      ;*invokestatic newString {reexecute=0 rethrow=0 return_oop=0}
                      ; - java.lang.StringBuilder::toString@31 (line 454)
                      ; - ai.onnxruntime.OrtSession::run@77 (line 364)
  0x0000017288185cb0: ccbc dc06 | e970 4900 | 004c 8b8c | 24d8 0000 | 0049 3b01 

  0x0000017288185cc4: ;   {metadata(method data for {method} {0x00000172e8ed14f0} 'run' '(Ljava/util/Map;Ljava/util/Set;Ljava/util/Map;Lai/onnxruntime/OrtSession$RunOptions;)Lai/onnxruntime/OrtSession$Result;' in 'ai/onnxruntime/OrtSession')}
  0x0000017288185cc4: 498b f148 | bb20 8f2a | e972 0100 | 008b 7608 | 49ba 0000 | 00a7 7201 | 0000 4903 | f248 3bb3 
  0x0000017288185ce4: 8003 0000 | 750d 4883 | 8388 0300 | 0001 e966 | 0000 0048 | 3bb3 9003 | 0000 750d | 4883 8398 
  0x0000017288185d04: 0300 0001 | e950 0000 | 0048 81bb | 8003 0000 | 0000 0000 | 7517 4889 | b380 0300 | 0048 c783 
  0x0000017288185d24: 8803 0000 | 0100 0000 | e92c 0000 | 0048 81bb | 9003 0000 | 0000 0000 | 7517 4889 | b390 0300 
  0x0000017288185d44: 0048 c783 | 9803 0000 | 0100 0000 | e908 0000 | 0048 8383 | 7003 0000 | 0149 8bd1 | 0f1f 4400 
  0x0000017288185d64: 0048 b820 | ad0e a772 

  0x0000017288185d6c: ;   {virtual_call}
  0x0000017288185d6c: 0100 00e8 

  0x0000017288185d70: ; ImmutableOopMap {[232]=Oop [208]=Oop [216]=Oop [200]=Oop [224]=Oop }
                      ;*invokeinterface size {reexecute=0 rethrow=0 return_oop=0}
                      ; - ai.onnxruntime.OrtSession::run@85 (line 366)
  0x0000017288185d70: acc8 c6ff | 488b bc24 | e000 0000 

  0x0000017288185d7c: ; implicit exception: dispatches to 0x000001728818a864
  0x0000017288185d7c: 483b 0748 

  0x0000017288185d80: ;   {metadata(method data for {method} {0x00000172e8ed14f0} 'run' '(Ljava/util/Map;Ljava/util/Set;Ljava/util/Map;Lai/onnxruntime/OrtSession$RunOptions;)Lai/onnxruntime/OrtSession$Result;' in 'ai/onnxruntime/OrtSession')}
  0x0000017288185d80: 8bd7 48be | 208f 2ae9 | 7201 0000 | 8b52 0849 | ba00 0000 | a772 0100 | 0049 03d2 | 483b 96b8 
  0x0000017288185da0: 0300 0075 | 0d48 8386 | c003 0000 | 01e9 6600 | 0000 483b | 96c8 0300 | 0075 0d48 | 8386 d003 
  0x0000017288185dc0: 0000 01e9 | 5000 0000 | 4881 beb8 | 0300 0000 | 0000 0075 | 1748 8996 | b803 0000 | 48c7 86c0 
  0x0000017288185de0: 0300 0001 | 0000 00e9 | 2c00 0000 | 4881 bec8 | 0300 0000 | 0000 0075 | 1748 8996 | c803 0000 
  0x0000017288185e00: 48c7 86d0 | 0300 0001 | 0000 00e9 | 0800 0000 | 4883 86a8 | 0300 0001 | 488b d789 | 8424 0001 
  0x0000017288185e20: 0000 6666 | 9048 b8b0 | 1c06 a772 

  0x0000017288185e2c: ;   {virtual_call}
  0x0000017288185e2c: 0100 00e8 

  0x0000017288185e30: ; ImmutableOopMap {[232]=Oop [208]=Oop [216]=Oop [200]=Oop [224]=Oop }
                      ;*invokeinterface size {reexecute=0 rethrow=0 return_oop=0}
                      ; - ai.onnxruntime.OrtSession::run@91 (line 366)
  0x0000017288185e30: ec51 7107 | 8b9c 2400 | 0100 0003 | d883 fb00 

  0x0000017288185e40: ;   {metadata(method data for {method} {0x00000172e8ed14f0} 'run' '(Ljava/util/Map;Ljava/util/Set;Ljava/util/Map;Lai/onnxruntime/OrtSession$RunOptions;)Lai/onnxruntime/OrtSession$Result;' in 'ai/onnxruntime/OrtSession')}
  0x0000017288185e40: 48ba 208f | 2ae9 7201 | 0000 48c7 | c6e0 0300 | 000f 8407 | 0000 0048 | c7c6 f003 | 0000 488b 
  0x0000017288185e60: 3c32 488d | 7f01 4889 | 3c32 0f84 | 4200 0000 | 488b 9424 | c800 0000 | 488b 7220 | 4863 fb48 
  0x0000017288185e80: ;   {metadata(method data for {method} {0x00000172e8ed14f0} 'run' '(Ljava/util/Map;Ljava/util/Set;Ljava/util/Map;Lai/onnxruntime/OrtSession$RunOptions;)Lai/onnxruntime/OrtSession$Result;' in 'ai/onnxruntime/OrtSession')}
  0x0000017288185e80: 3bf7 48be | 208f 2ae9 | 7201 0000 | 48c7 c700 | 0400 000f | 8d07 0000 | 0048 c7c7 | 1004 0000 
  0x0000017288185ea0: 488b 043e | 488d 4001 | 4889 043e | 0f8d bf04 | 0000 899c | 2404 0100 | 000f 1f80 | 0000 0000 
  0x0000017288185ec0: ;   {no_reloc}
  0x0000017288185ec0: e9b3 4900 | 0000 0000 | 0000 80ba | 3301 0000 | 040f 85b0 | 4900 0049 | 8b87 0801 | 0000 488d 
  0x0000017288185ee0: 7828 493b | bf18 0100 | 000f 8798 | 4900 0049 | 89bf 0801 | 0000 48c7 | 0001 0000 | 0048 8bca 
  0x0000017288185f00: 49ba 0000 | 00a7 7201 | 0000 492b | ca89 4808 | 4833 c989 | 480c 4833 | c948 8948 | 1048 8948 
  0x0000017288185f20: 1848 8948 | 2048 8984 | 2410 0100 | 0066 6690 

  0x0000017288185f30: ;   {no_reloc}
  0x0000017288185f30: e96e 4900 | 0000 0000 | 0000 498b | 8708 0100 | 0048 8d78 | 1849 3bbf | 1801 0000 | 0f87 5b49 
  0x0000017288185f50: 0000 4989 | bf08 0100 | 0048 c700 | 0100 0000 | 488b ca49 | ba00 0000 | a772 0100 | 0049 2bca 
  0x0000017288185f70: 8948 0848 | 33c9 8948 | 0c48 33c9 | 4889 4810 

  0x0000017288185f80: ;   {metadata(method data for {method} {0x00000172e8ed14f0} 'run' '(Ljava/util/Map;Ljava/util/Set;Ljava/util/Map;Lai/onnxruntime/OrtSession$RunOptions;)Lai/onnxruntime/OrtSession$Result;' in 'ai/onnxruntime/OrtSession')}
  0x0000017288185f80: 4c8b c048 | ba20 8f2a | e972 0100 | 0048 8382 | 2004 0000 

  0x0000017288185f94: ;   {metadata(method data for {method} {0x00000172a741f118} '<init>' '()V' in 'java/lang/StringBuilder')}
  0x0000017288185f94: 0149 b8a0 | 3903 e872 | 0100 0041 | 8b90 cc00 | 0000 83c2 | 0241 8990 | cc00 0000 | 81e2 feff 
  0x0000017288185fb4: 1f00 83fa | 000f 84fb | 4800 004c 

  0x0000017288185fc0: ;   {metadata(method data for {method} {0x00000172a741f118} '<init>' '()V' in 'java/lang/StringBuilder')}
  0x0000017288185fc0: 8bc0 48ba | a039 03e8 | 7201 0000 | 4883 8210 | 0100 0001 | 41b8 1000 | 0000 488b | d048 8984 
  0x0000017288185fe0: 2408 0100 

  0x0000017288185fe4: ;   {optimized virtual_call}
  0x0000017288185fe4: 0066 90e8 

  0x0000017288185fe8: ; ImmutableOopMap {[200]=Oop [272]=Oop [264]=Oop }
                      ;*invokespecial <init> {reexecute=0 rethrow=0 return_oop=0}
                      ; - java.lang.StringBuilder::<init>@3 (line 106)
                      ; - ai.onnxruntime.OrtSession::run@123 (line 368)
  0x0000017288185fe8: 94b3 dc06 | 488b 8424 | 0801 0000 

  0x0000017288185ff4: ;   {metadata(method data for {method} {0x00000172e8ed14f0} 'run' '(Ljava/util/Map;Ljava/util/Set;Ljava/util/Map;Lai/onnxruntime/OrtSession$RunOptions;)Lai/onnxruntime/OrtSession$Result;' in 'ai/onnxruntime/OrtSession')}
  0x0000017288185ff4: 49b8 208f | 2ae9 7201 | 0000 4983 | 8030 0400 

  0x0000017288186004: ;   {metadata(method data for {method} {0x00000172a741f850} 'append' '(Ljava/lang/String;)Ljava/lang/StringBuilder;' in 'java/lang/StringBuilder')}
  0x0000017288186004: 0001 49b8 | f040 03e8 | 7201 0000 | 418b 90cc | 0000 0083 | c202 4189 | 90cc 0000 | 0081 e2fe 
  0x0000017288186024: ff1f 0083 | fa00 0f84 | ab48 0000 | 488b 8424 | 0801 0000 

  0x0000017288186038: ;   {metadata(method data for {method} {0x00000172a741f850} 'append' '(Ljava/lang/String;)Ljava/lang/StringBuilder;' in 'java/lang/StringBuilder')}
  0x0000017288186038: 49b8 f040 | 03e8 7201 | 0000 4983 | 8010 0100 

  0x0000017288186048: ;   {oop("Unexpected number of requestedOutputs & pinnedOutputs, expected [1,"{0x0000000644a9a670})}
  0x0000017288186048: 0001 49b8 | 70a6 a944 | 0600 0000 | 488b 9424 | 0801 0000 

  0x000001728818605c: ;   {optimized virtual_call}
  0x000001728818605c: 6666 90e8 

  0x0000017288186060: ; ImmutableOopMap {[200]=Oop [272]=Oop [264]=Oop }
                      ;*invokespecial append {reexecute=0 rethrow=0 return_oop=0}
                      ; - java.lang.StringBuilder::append@2 (line 179)
                      ; - ai.onnxruntime.OrtSession::run@128 (line 368)
  0x0000017288186060: 1cb3 dc06 | 488b 9424 | c800 0000 | 4c8b 4220 | 488b 8424 | 0801 0000 

  0x0000017288186078: ;   {metadata(method data for {method} {0x00000172e8ed14f0} 'run' '(Ljava/util/Map;Ljava/util/Set;Ljava/util/Map;Lai/onnxruntime/OrtSession$RunOptions;)Lai/onnxruntime/OrtSession$Result;' in 'ai/onnxruntime/OrtSession')}
  0x0000017288186078: 48ba 208f | 2ae9 7201 | 0000 4883 | 8268 0400 

  0x0000017288186088: ;   {metadata(method data for {method} {0x00000172a741fa60} 'append' '(J)Ljava/lang/StringBuilder;' in 'java/lang/StringBuilder')}
  0x0000017288186088: 0001 48ba | e867 17e9 | 7201 0000 | 8bb2 cc00 | 0000 83c6 | 0289 b2cc | 0000 0081 | e6fe ff1f 
  0x00000172881860a8: 0083 fe00 | 0f84 4a48 | 0000 488b | 8424 0801 

  0x00000172881860b8: ;   {metadata(method data for {method} {0x00000172a741fa60} 'append' '(J)Ljava/lang/StringBuilder;' in 'java/lang/StringBuilder')}
  0x00000172881860b8: 0000 48ba | e867 17e9 | 7201 0000 | 4883 8210 | 0100 0001 | 488b 9424 | 0801 0000 

  0x00000172881860d4: ;   {optimized virtual_call}
  0x00000172881860d4: 6666 90e8 

  0x00000172881860d8: ; ImmutableOopMap {[272]=Oop [264]=Oop }
                      ;*invokespecial append {reexecute=0 rethrow=0 return_oop=0}
                      ; - java.lang.StringBuilder::append@2 (line 259)
                      ; - ai.onnxruntime.OrtSession::run@135 (line 368)
  0x00000172881860d8: a4b2 dc06 | 488b 8424 | 0801 0000 

  0x00000172881860e4: ;   {metadata(method data for {method} {0x00000172e8ed14f0} 'run' '(Ljava/util/Map;Ljava/util/Set;Ljava/util/Map;Lai/onnxruntime/OrtSession$RunOptions;)Lai/onnxruntime/OrtSession$Result;' in 'ai/onnxruntime/OrtSession')}
  0x00000172881860e4: 49b8 208f | 2ae9 7201 | 0000 4983 | 80a0 0400 

  0x00000172881860f4: ;   {metadata(method data for {method} {0x00000172a741f850} 'append' '(Ljava/lang/String;)Ljava/lang/StringBuilder;' in 'java/lang/StringBuilder')}
  0x00000172881860f4: 0001 49b8 | f040 03e8 | 7201 0000 | 418b 90cc | 0000 0083 | c202 4189 | 90cc 0000 | 0081 e2fe 
  0x0000017288186114: ff1f 0083 | fa00 0f84 | fd47 0000 | 488b 8424 | 0801 0000 

  0x0000017288186128: ;   {metadata(method data for {method} {0x00000172a741f850} 'append' '(Ljava/lang/String;)Ljava/lang/StringBuilder;' in 'java/lang/StringBuilder')}
  0x0000017288186128: 49b8 f040 | 03e8 7201 | 0000 4983 | 8010 0100 

  0x0000017288186138: ;   {oop(") found "{0x0000000644a9a658})}
  0x0000017288186138: 0001 49b8 | 58a6 a944 | 0600 0000 | 488b 9424 | 0801 0000 

  0x000001728818614c: ;   {optimized virtual_call}
  0x000001728818614c: 6666 90e8 

  0x0000017288186150: ; ImmutableOopMap {[272]=Oop [264]=Oop }
                      ;*invokespecial append {reexecute=0 rethrow=0 return_oop=0}
                      ; - java.lang.StringBuilder::append@2 (line 179)
                      ; - ai.onnxruntime.OrtSession::run@140 (line 368)
  0x0000017288186150: 2cb2 dc06 | 488b 8424 | 0801 0000 

  0x000001728818615c: ;   {metadata(method data for {method} {0x00000172e8ed14f0} 'run' '(Ljava/util/Map;Ljava/util/Set;Ljava/util/Map;Lai/onnxruntime/OrtSession$RunOptions;)Lai/onnxruntime/OrtSession$Result;' in 'ai/onnxruntime/OrtSession')}
  0x000001728818615c: 49b8 208f | 2ae9 7201 | 0000 4983 | 80d8 0400 

  0x000001728818616c: ;   {metadata(method data for {method} {0x00000172a741fa08} 'append' '(I)Ljava/lang/StringBuilder;' in 'java/lang/StringBuilder')}
  0x000001728818616c: 0001 49b8 | 903c 03e8 | 7201 0000 | 418b 90cc | 0000 0083 | c202 4189 | 90cc 0000 | 0081 e2fe 
  0x000001728818618c: ff1f 0083 | fa00 0f84 | a647 0000 | 488b 8424 | 0801 0000 

  0x00000172881861a0: ;   {metadata(method data for {method} {0x00000172a741fa08} 'append' '(I)Ljava/lang/StringBuilder;' in 'java/lang/StringBuilder')}
  0x00000172881861a0: 49b8 903c | 03e8 7201 | 0000 4983 | 8010 0100 | 0001 448b | 8424 0401 | 0000 488b | 9424 0801 
  0x00000172881861c0: 0000 0f1f 

  0x00000172881861c4: ;   {optimized virtual_call}
  0x00000172881861c4: 4400 00e8 

  0x00000172881861c8: ; ImmutableOopMap {[272]=Oop [264]=Oop }
                      ;*invokespecial append {reexecute=0 rethrow=0 return_oop=0}
                      ; - java.lang.StringBuilder::append@2 (line 253)
                      ; - ai.onnxruntime.OrtSession::run@145 (line 368)
  0x00000172881861c8: b4b1 dc06 | 488b 8424 | 0801 0000 

  0x00000172881861d4: ;   {metadata(method data for {method} {0x00000172e8ed14f0} 'run' '(Ljava/util/Map;Ljava/util/Set;Ljava/util/Map;Lai/onnxruntime/OrtSession$RunOptions;)Lai/onnxruntime/OrtSession$Result;' in 'ai/onnxruntime/OrtSession')}
  0x00000172881861d4: 48ba 208f | 2ae9 7201 | 0000 4883 | 8210 0500 

  0x00000172881861e4: ;   {metadata(method data for {method} {0x00000172a741f170} 'toString' '()Ljava/lang/String;' in 'java/lang/StringBuilder')}
  0x00000172881861e4: 0001 48ba | 9844 03e8 | 7201 0000 | 448b 82cc | 0000 0041 | 83c0 0244 | 8982 cc00 | 0000 4181 
  0x0000017288186204: e0fe ff1f | 0041 83f8 | 000f 844c | 4700 0048 | 8b84 2408 

  0x0000017288186218: ;   {metadata(method data for {method} {0x00000172a741f170} 'toString' '()Ljava/lang/String;' in 'java/lang/StringBuilder')}
  0x0000017288186218: 0100 0048 | ba98 4403 | e872 0100 | 0048 8382 | 1001 0000 

  0x000001728818622c: ;   {metadata(method data for {method} {0x00000172a705d7b8} 'isLatin1' '()Z' in 'java/lang/AbstractStringBuilder')}
  0x000001728818622c: 0148 ba08 | 2902 e872 | 0100 0044 | 8b82 cc00 | 0000 4183 | c002 4489 | 82cc 0000 | 0041 81e0 
  0x000001728818624c: feff 1f00 | 4183 f800 | 0f84 2647 

  0x0000017288186258: ;   {metadata(method data for {method} {0x00000172a705d7b8} 'isLatin1' '()Z' in 'java/lang/AbstractStringBuilder')}
  0x0000017288186258: 0000 48ba | 0829 02e8 | 7201 0000 | ff82 2001 | 0000 488b | 8424 0801 | 0000 0fbe | 5010 83fa 
  0x0000017288186278: ;   {metadata(method data for {method} {0x00000172a705d7b8} 'isLatin1' '()Z' in 'java/lang/AbstractStringBuilder')}
  0x0000017288186278: 0048 ba08 | 2902 e872 | 0100 0049 | c7c0 3001 | 0000 0f85 | 0700 0000 | 49c7 c040 | 0100 004e 
  0x0000017288186298: 8b0c 024d | 8d49 014e | 890c 020f | 851a 0000 

  0x00000172881862a8: ;   {metadata(method data for {method} {0x00000172a705d7b8} 'isLatin1' '()Z' in 'java/lang/AbstractStringBuilder')}
  0x00000172881862a8: 0048 ba08 | 2902 e872 | 0100 00ff | 8250 0100 | 00ba 0100 | 0000 e905 | 0000 00ba | 0000 0000 
  0x00000172881862c8: 83e2 0183 

  0x00000172881862cc: ;   {metadata(method data for {method} {0x00000172a741f170} 'toString' '()Ljava/lang/String;' in 'java/lang/StringBuilder')}
  0x00000172881862cc: fa00 48ba | 9844 03e8 | 7201 0000 | 49c7 c048 | 0100 000f | 8407 0000 | 0049 c7c0 | 5801 0000 
  0x00000172881862ec: 4e8b 0c02 | 4d8d 4901 | 4e89 0c02 | 0f84 4300 | 0000 8b50 | 1448 c1e2 | 0344 8b48 

  0x0000017288186308: ;   {metadata(method data for {method} {0x00000172a741f170} 'toString' '()Ljava/lang/String;' in 'java/lang/StringBuilder')}
  0x0000017288186308: 0c49 b898 | 4403 e872 | 0100 0049 | 8380 6801 | 0000 0141 | b800 0000 | 0066 0f1f 

  0x0000017288186324: ;   {static_call}
  0x0000017288186324: 4400 00e8 

  0x0000017288186328: ; ImmutableOopMap {[272]=Oop }
                      ;*invokestatic newString {reexecute=0 rethrow=0 return_oop=0}
                      ; - java.lang.StringBuilder::toString@16 (line 453)
                      ; - ai.onnxruntime.OrtSession::run@148 (line 368)
  0x0000017288186328: 54b6 dc06 

  0x000001728818632c: ;   {metadata(method data for {method} {0x00000172a741f170} 'toString' '()Ljava/lang/String;' in 'java/lang/StringBuilder')}
  0x000001728818632c: 48ba 9844 | 03e8 7201 | 0000 ff82 | 7801 0000 | e9b0 4200 | 008b 5014 | 48c1 e203 | 448b 480c 
  0x000001728818634c: ;   {metadata(method data for {method} {0x00000172a741f170} 'toString' '()Ljava/lang/String;' in 'java/lang/StringBuilder')}
  0x000001728818634c: 49b8 9844 | 03e8 7201 | 0000 4983 | 8090 0100 | 0001 41b8 | 0000 0000 

  0x0000017288186364: ;   {static_call}
  0x0000017288186364: 6666 90e8 

  0x0000017288186368: ; ImmutableOopMap {[272]=Oop }
                      ;*invokestatic newString {reexecute=0 rethrow=0 return_oop=0}
                      ; - java.lang.StringBuilder::toString@31 (line 454)
                      ; - ai.onnxruntime.OrtSession::run@148 (line 368)
  0x0000017288186368: 14b6 dc06 | e980 4200 | 004c 8b84 | 24d0 0000 | 0049 8bf0 

  0x000001728818637c: ;   {metadata(method data for {method} {0x00000172e8ed14f0} 'run' '(Ljava/util/Map;Ljava/util/Set;Ljava/util/Map;Lai/onnxruntime/OrtSession$RunOptions;)Lai/onnxruntime/OrtSession$Result;' in 'ai/onnxruntime/OrtSession')}
  0x000001728818637c: 48bf 208f | 2ae9 7201 | 0000 8b76 | 0849 ba00 | 0000 a772 | 0100 0049 | 03f2 483b | b768 0500 
  0x000001728818639c: 0075 0d48 | 8387 7005 | 0000 01e9 | 6600 0000 | 483b b778 | 0500 0075 | 0d48 8387 | 8005 0000 
  0x00000172881863bc: 01e9 5000 | 0000 4881 | bf68 0500 | 0000 0000 | 0075 1748 | 89b7 6805 | 0000 48c7 | 8770 0500 
  0x00000172881863dc: 0001 0000 | 00e9 2c00 | 0000 4881 | bf78 0500 | 0000 0000 | 0075 1748 | 89b7 7805 | 0000 48c7 
  0x00000172881863fc: 8780 0500 | 0001 0000 | 00e9 0800 | 0000 4883 | 8758 0500 | 0001 498b | d048 b810 | 4610 a772 
  0x000001728818641c: ;   {virtual_call}
  0x000001728818641c: 0100 00e8 

  0x0000017288186420: ; ImmutableOopMap {[224]=Oop [216]=Oop [232]=Oop [200]=Oop [208]=Oop }
                      ;*invokeinterface size {reexecute=0 rethrow=0 return_oop=0}
                      ; - ai.onnxruntime.OrtSession::run@156 (line 374)
  0x0000017288186420: fc6f 6e07 

  0x0000017288186424: ;   {metadata('java/lang/String'[])}
  0x0000017288186424: 488b d848 | bac0 8c01 | a772 0100 | 0048 63db | 488b fb48 | 81fb ffff | ff00 0f87 | 5d45 0000 
  0x0000017288186444: 48be 1700 | 0000 0000 | 0000 488d | 349e 4883 | e6f8 498b | 8708 0100 | 0048 8d34 | 3049 3bb7 
  0x0000017288186464: 1801 0000 | 0f87 3345 | 0000 4989 | b708 0100 | 0048 2bf0 | 48c7 0001 | 0000 0048 | 8bca 49ba 
  0x0000017288186484: 0000 00a7 | 7201 0000 | 492b ca89 | 4808 8958 | 0c48 83ee | 100f 841a | 0000 0048 | 85f6 0f84 
  0x00000172881864a4: 1100 0000 | 4833 db48 | c1ee 0348 | 895c f008 | 48ff ce75 | f648 8984 | 2418 0100 | 004c 8b84 
  0x00000172881864c4: 24d0 0000 

  0x00000172881864c8: ;   {metadata(method data for {method} {0x00000172e8ed14f0} 'run' '(Ljava/util/Map;Ljava/util/Set;Ljava/util/Map;Lai/onnxruntime/OrtSession$RunOptions;)Lai/onnxruntime/OrtSession$Result;' in 'ai/onnxruntime/OrtSession')}
  0x00000172881864c8: 0048 ba20 | 8f2a e972 | 0100 0045 | 8b40 0849 | ba00 0000 | a772 0100 | 004d 03c2 | 4c3b 82a0 
  0x00000172881864e8: 0500 0075 | 0d48 8382 | a805 0000 | 01e9 6600 | 0000 4c3b | 82b0 0500 | 0075 0d48 | 8382 b805 
  0x0000017288186508: 0000 01e9 | 5000 0000 | 4881 baa0 | 0500 0000 | 0000 0075 | 174c 8982 | a005 0000 | 48c7 82a8 
  0x0000017288186528: 0500 0001 | 0000 00e9 | 2c00 0000 | 4881 bab0 | 0500 0000 | 0000 0075 | 174c 8982 | b005 0000 
  0x0000017288186548: 48c7 82b8 | 0500 0001 | 0000 00e9 | 0800 0000 | 4883 8290 | 0500 0001 | 488b 9424 | d000 0000 
  0x0000017288186568: 0f1f 4400 | 0048 b810 | 4610 a772 

  0x0000017288186574: ;   {virtual_call}
  0x0000017288186574: 0100 00e8 

  0x0000017288186578: ; ImmutableOopMap {[224]=Oop [216]=Oop [232]=Oop [200]=Oop [208]=Oop [280]=Oop }
                      ;*invokeinterface size {reexecute=0 rethrow=0 return_oop=0}
                      ; - ai.onnxruntime.OrtSession::run@167 (line 375)
  0x0000017288186578: a46e 6e07 

  0x000001728818657c: ;   {metadata({type array long})}
  0x000001728818657c: 488b d848 | ba60 1100 | a772 0100 | 0048 63db | 488b fb48 | 81fb ffff | ff00 0f87 | 0f44 0000 
  0x000001728818659c: 48be 1700 | 0000 0000 | 0000 488d | 34de 4883 | e6f8 498b | 8708 0100 | 0048 8d34 | 3049 3bb7 
  0x00000172881865bc: 1801 0000 | 0f87 e543 | 0000 4989 | b708 0100 | 0048 2bf0 | 48c7 0001 | 0000 0048 | 8bca 49ba 
  0x00000172881865dc: 0000 00a7 | 7201 0000 | 492b ca89 | 4808 8958 | 0c48 83ee | 100f 841a | 0000 0048 | 85f6 0f84 
  0x00000172881865fc: 1100 0000 | 4833 db48 | c1ee 0348 | 895c f008 | 48ff ce75 | f648 8984 | 2420 0100 | 004c 8b84 
  0x000001728818661c: 24d0 0000 

  0x0000017288186620: ;   {metadata(method data for {method} {0x00000172e8ed14f0} 'run' '(Ljava/util/Map;Ljava/util/Set;Ljava/util/Map;Lai/onnxruntime/OrtSession$RunOptions;)Lai/onnxruntime/OrtSession$Result;' in 'ai/onnxruntime/OrtSession')}
  0x0000017288186620: 0048 ba20 | 8f2a e972 | 0100 0045 | 8b40 0849 | ba00 0000 | a772 0100 | 004d 03c2 | 4c3b 82d8 
  0x0000017288186640: 0500 0075 | 0d48 8382 | e005 0000 | 01e9 6600 | 0000 4c3b | 82e8 0500 | 0075 0d48 | 8382 f005 
  0x0000017288186660: 0000 01e9 | 5000 0000 | 4881 bad8 | 0500 0000 | 0000 0075 | 174c 8982 | d805 0000 | 48c7 82e0 
  0x0000017288186680: 0500 0001 | 0000 00e9 | 2c00 0000 | 4881 bae8 | 0500 0000 | 0000 0075 | 174c 8982 | e805 0000 
  0x00000172881866a0: 48c7 82f0 | 0500 0001 | 0000 00e9 | 0800 0000 | 4883 82c8 | 0500 0001 | 488b 9424 | d000 0000 
  0x00000172881866c0: 0f1f 4400 | 0048 b810 | 4610 a772 

  0x00000172881866cc: ;   {virtual_call}
  0x00000172881866cc: 0100 00e8 

  0x00000172881866d0: ; ImmutableOopMap {[224]=Oop [216]=Oop [232]=Oop [200]=Oop [280]=Oop [288]=Oop }
                      ;*invokeinterface entrySet {reexecute=0 rethrow=0 return_oop=0}
                      ; - ai.onnxruntime.OrtSession::run@180 (line 377)
  0x00000172881866d0: 2c81 4f00 

  0x00000172881866d4: ; implicit exception: dispatches to 0x000001728818a9b5
  0x00000172881866d4: 483b 0048 

  0x00000172881866d8: ;   {metadata(method data for {method} {0x00000172e8ed14f0} 'run' '(Ljava/util/Map;Ljava/util/Set;Ljava/util/Map;Lai/onnxruntime/OrtSession$RunOptions;)Lai/onnxruntime/OrtSession$Result;' in 'ai/onnxruntime/OrtSession')}
  0x00000172881866d8: 8bd0 48be | 208f 2ae9 | 7201 0000 | 8b52 0849 | ba00 0000 | a772 0100 | 0049 03d2 | 483b 9610 
  0x00000172881866f8: 0600 0075 | 0d48 8386 | 1806 0000 | 01e9 6600 | 0000 483b | 9620 0600 | 0075 0d48 | 8386 2806 
  0x0000017288186718: 0000 01e9 | 5000 0000 | 4881 be10 | 0600 0000 | 0000 0075 | 1748 8996 | 1006 0000 | 48c7 8618 
  0x0000017288186738: 0600 0001 | 0000 00e9 | 2c00 0000 | 4881 be20 | 0600 0000 | 0000 0075 | 1748 8996 | 2006 0000 
  0x0000017288186758: 48c7 8628 | 0600 0001 | 0000 00e9 | 0800 0000 | 4883 8600 | 0600 0001 | 488b d066 | 9048 b870 
  0x0000017288186778: 6410 a772 

  0x000001728818677c: ;   {virtual_call}
  0x000001728818677c: 0100 00e8 

  0x0000017288186780: ; ImmutableOopMap {[224]=Oop [216]=Oop [232]=Oop [200]=Oop [280]=Oop [288]=Oop }
                      ;*invokeinterface iterator {reexecute=0 rethrow=0 return_oop=0}
                      ; - ai.onnxruntime.OrtSession::run@185 (line 377)
  0x0000017288186780: bc95 4f00 | 4889 8424 | 2801 0000 | be00 0000 | 0089 b424 | 3001 0000 | e97a 0900 | 0066 6690 
  0x00000172881867a0: 488b 8424 | 2801 0000 

  0x00000172881867a8: ;   {metadata(method data for {method} {0x00000172e8ed14f0} 'run' '(Ljava/util/Map;Ljava/util/Set;Ljava/util/Map;Lai/onnxruntime/OrtSession$RunOptions;)Lai/onnxruntime/OrtSession$Result;' in 'ai/onnxruntime/OrtSession')}
  0x00000172881867a8: 48be 208f | 2ae9 7201 | 0000 8b40 | 0849 ba00 | 0000 a772 | 0100 0049 | 03c2 483b | 86a0 0600 
  0x00000172881867c8: 0075 0d48 | 8386 a806 | 0000 01e9 | 6600 0000 | 483b 86b0 | 0600 0075 | 0d48 8386 | b806 0000 
  0x00000172881867e8: 01e9 5000 | 0000 4881 | bea0 0600 | 0000 0000 | 0075 1748 | 8986 a006 | 0000 48c7 | 86a8 0600 
  0x0000017288186808: 0001 0000 | 00e9 2c00 | 0000 4881 | beb0 0600 | 0000 0000 | 0075 1748 | 8986 b006 | 0000 48c7 
  0x0000017288186828: 86b8 0600 | 0001 0000 | 00e9 0800 | 0000 4883 | 8690 0600 | 0001 488b | 9424 2801 | 0000 0f1f 
  0x0000017288186848: 8000 0000 | 0048 b8a8 | 431d a772 

  0x0000017288186854: ;   {virtual_call}
  0x0000017288186854: 0100 00e8 

  0x0000017288186858: ; ImmutableOopMap {[224]=Oop [216]=Oop [232]=Oop [288]=Oop [296]=Oop [280]=Oop [200]=Oop }
                      ;*invokeinterface next {reexecute=0 rethrow=0 return_oop=0}
                      ; - ai.onnxruntime.OrtSession::run@204 (line 377)
  0x0000017288186858: e432 4100 | 4883 f800 

  0x0000017288186860: ;   {metadata(method data for {method} {0x00000172e8ed14f0} 'run' '(Ljava/util/Map;Ljava/util/Set;Ljava/util/Map;Lai/onnxruntime/OrtSession$RunOptions;)Lai/onnxruntime/OrtSession$Result;' in 'ai/onnxruntime/OrtSession')}
  0x0000017288186860: 7516 48bf | 208f 2ae9 | 7201 0000 | 808f c106 | 0000 01e9 | ee00 0000 

  0x0000017288186878: ;   {metadata('java/util/Map$Entry')}
  0x0000017288186878: 48bb 708f | 01a7 7201 | 0000 8b78 | 0849 ba00 | 0000 a772 | 0100 0049 | 03fa 483b | 5f20 0f84 
  0x0000017288186898: 1b00 0000 | 483b fb0f | 8412 0000 

  0x00000172881868a4: ;   {runtime_call slow_subtype_check Runtime1 stub}
  0x00000172881868a4: 0057 53e8 | d422 e706 | 5f5f 83ff | 000f 8493 

  0x00000172881868b4: ;   {metadata(method data for {method} {0x00000172e8ed14f0} 'run' '(Ljava/util/Map;Ljava/util/Set;Ljava/util/Map;Lai/onnxruntime/OrtSession$RunOptions;)Lai/onnxruntime/OrtSession$Result;' in 'ai/onnxruntime/OrtSession')}
  0x00000172881868b4: 0000 0048 | bf20 8f2a | e972 0100 | 008b 5808 | 49ba 0000 | 00a7 7201 | 0000 4903 | da48 3b9f 
  0x00000172881868d4: d806 0000 | 750d 4883 | 87e0 0600 | 0001 e97f | 0000 0048 | 3b9f e806 | 0000 750d | 4883 87f0 
  0x00000172881868f4: 0600 0001 | e969 0000 | 0048 81bf | d806 0000 | 0000 0000 | 7517 4889 | 9fd8 0600 | 0048 c787 
  0x0000017288186914: e006 0000 | 0100 0000 | e945 0000 | 0048 81bf | e806 0000 | 0000 0000 | 7517 4889 | 9fe8 0600 
  0x0000017288186934: 0048 c787 | f006 0000 | 0100 0000 | e921 0000 | 00e9 1c00 

  0x0000017288186948: ;   {metadata(method data for {method} {0x00000172e8ed14f0} 'run' '(Ljava/util/Map;Ljava/util/Set;Ljava/util/Map;Lai/onnxruntime/OrtSession$RunOptions;)Lai/onnxruntime/OrtSession$Result;' in 'ai/onnxruntime/OrtSession')}
  0x0000017288186948: 0000 48bf | 208f 2ae9 | 7201 0000 | 4883 afc8 | 0600 0001 | e959 4000 | 00e9 0000 | 0000 488b 
  0x0000017288186968: f048 89b4 | 2440 0100 | 0048 8b94 | 24c8 0000 | 008b 7a2c | 48c1 e703 

  0x0000017288186980: ; implicit exception: dispatches to 0x000001728818a9c3
  0x0000017288186980: 483b 0648 

  0x0000017288186984: ;   {metadata(method data for {method} {0x00000172e8ed14f0} 'run' '(Ljava/util/Map;Ljava/util/Set;Ljava/util/Map;Lai/onnxruntime/OrtSession$RunOptions;)Lai/onnxruntime/OrtSession$Result;' in 'ai/onnxruntime/OrtSession')}
  0x0000017288186984: 8bde 48b8 | 208f 2ae9 | 7201 0000 | 8b5b 0849 | ba00 0000 | a772 0100 | 0049 03da | 483b 9810 
  0x00000172881869a4: 0700 0075 | 0d48 8380 | 1807 0000 | 01e9 6600 | 0000 483b | 9820 0700 | 0075 0d48 | 8380 2807 
  0x00000172881869c4: 0000 01e9 | 5000 0000 | 4881 b810 | 0700 0000 | 0000 0075 | 1748 8998 | 1007 0000 | 48c7 8018 
  0x00000172881869e4: 0700 0001 | 0000 00e9 | 2c00 0000 | 4881 b820 | 0700 0000 | 0000 0075 | 1748 8998 | 2007 0000 
  0x0000017288186a04: 48c7 8028 | 0700 0001 | 0000 00e9 | 0800 0000 | 4883 8000 | 0700 0001 | 488b d648 | 89bc 2438 
  0x0000017288186a24: 0100 0066 | 0f1f 4400 | 0048 b880 | b719 a772 

  0x0000017288186a34: ;   {virtual_call}
  0x0000017288186a34: 0100 00e8 

  0x0000017288186a38: ; ImmutableOopMap {[224]=Oop [216]=Oop [232]=Oop [288]=Oop [296]=Oop [280]=Oop [312]=Oop [320]=Oop [200]=Oop }
                      ;*invokeinterface getKey {reexecute=0 rethrow=0 return_oop=0}
                      ; - ai.onnxruntime.OrtSession::run@220 (line 378)
  0x0000017288186a38: e424 6c07 | 488b bc24 | 3801 0000 

  0x0000017288186a44: ; implicit exception: dispatches to 0x000001728818a9c8
  0x0000017288186a44: 483b 074c 

  0x0000017288186a48: ;   {metadata(method data for {method} {0x00000172e8ed14f0} 'run' '(Ljava/util/Map;Ljava/util/Set;Ljava/util/Map;Lai/onnxruntime/OrtSession$RunOptions;)Lai/onnxruntime/OrtSession$Result;' in 'ai/onnxruntime/OrtSession')}
  0x0000017288186a48: 8bc7 48ba | 208f 2ae9 | 7201 0000 | 458b 4008 | 49ba 0000 | 00a7 7201 | 0000 4d03 | c24c 3b82 
  0x0000017288186a68: 4807 0000 | 750d 4883 | 8250 0700 | 0001 e966 | 0000 004c | 3b82 5807 | 0000 750d | 4883 8260 
  0x0000017288186a88: 0700 0001 | e950 0000 | 0048 81ba | 4807 0000 | 0000 0000 | 7517 4c89 | 8248 0700 | 0048 c782 
  0x0000017288186aa8: 5007 0000 | 0100 0000 | e92c 0000 | 0048 81ba | 5807 0000 | 0000 0000 | 7517 4c89 | 8258 0700 
  0x0000017288186ac8: 0048 c782 | 6007 0000 | 0100 0000 | e908 0000 | 0048 8382 | 3807 0000 | 014c 8bc0 | 488b d766 
  0x0000017288186ae8: 0f1f 4400 | 0048 b820 | ad0e a772 

  0x0000017288186af4: ;   {virtual_call}
  0x0000017288186af4: 0100 00e8 

  0x0000017288186af8: ; ImmutableOopMap {[224]=Oop [216]=Oop [232]=Oop [288]=Oop [296]=Oop [280]=Oop [320]=Oop [200]=Oop }
                      ;*invokeinterface contains {reexecute=0 rethrow=0 return_oop=0}
                      ; - ai.onnxruntime.OrtSession::run@225 (line 378)
  0x0000017288186af8: c421 a7ff 

  0x0000017288186afc: ;   {metadata(method data for {method} {0x00000172e8ed14f0} 'run' '(Ljava/util/Map;Ljava/util/Set;Ljava/util/Map;Lai/onnxruntime/OrtSession$RunOptions;)Lai/onnxruntime/OrtSession$Result;' in 'ai/onnxruntime/OrtSession')}
  0x0000017288186afc: 83f8 0048 | ba20 8f2a | e972 0100 | 0048 c7c6 | 7007 0000 | 0f84 0700 | 0000 48c7 | c680 0700 
  0x0000017288186b1c: 0048 8b3c | 3248 8d7f | 0148 893c | 320f 84d5 | 0600 0048 | 8b94 2440 

  0x0000017288186b34: ;   {metadata(method data for {method} {0x00000172e8ed14f0} 'run' '(Ljava/util/Map;Ljava/util/Set;Ljava/util/Map;Lai/onnxruntime/OrtSession$RunOptions;)Lai/onnxruntime/OrtSession$Result;' in 'ai/onnxruntime/OrtSession')}
  0x0000017288186b34: 0100 0048 | bb20 8f2a | e972 0100 | 008b 5208 | 49ba 0000 | 00a7 7201 | 0000 4903 | d248 3b93 
  0x0000017288186b54: a007 0000 | 750d 4883 | 83a8 0700 | 0001 e966 | 0000 0048 | 3b93 b007 | 0000 750d | 4883 83b8 
  0x0000017288186b74: 0700 0001 | e950 0000 | 0048 81bb | a007 0000 | 0000 0000 | 7517 4889 | 93a0 0700 | 0048 c783 
  0x0000017288186b94: a807 0000 | 0100 0000 | e92c 0000 | 0048 81bb | b007 0000 | 0000 0000 | 7517 4889 | 93b0 0700 
  0x0000017288186bb4: 0048 c783 | b807 0000 | 0100 0000 | e908 0000 | 0048 8383 | 9007 0000 | 0148 8b94 | 2440 0100 
  0x0000017288186bd4: 0048 b880 | b719 a772 

  0x0000017288186bdc: ;   {virtual_call}
  0x0000017288186bdc: 0100 00e8 

  0x0000017288186be0: ; ImmutableOopMap {[224]=Oop [216]=Oop [232]=Oop [296]=Oop [320]=Oop [200]=Oop [280]=Oop [288]=Oop }
                      ;*invokeinterface getKey {reexecute=0 rethrow=0 return_oop=0}
                      ; - ai.onnxruntime.OrtSession::run@239 (line 379)
  0x0000017288186be0: 3c23 6c07 | 4883 f800 

  0x0000017288186be8: ;   {metadata(method data for {method} {0x00000172e8ed14f0} 'run' '(Ljava/util/Map;Ljava/util/Set;Ljava/util/Map;Lai/onnxruntime/OrtSession$RunOptions;)Lai/onnxruntime/OrtSession$Result;' in 'ai/onnxruntime/OrtSession')}
  0x0000017288186be8: 7516 48bf | 208f 2ae9 | 7201 0000 | 808f c107 | 0000 01e9 | d200 0000 

  0x0000017288186c00: ;   {metadata('java/lang/String')}
  0x0000017288186c00: 48bb e0e9 | 00a7 7201 | 0000 8b70 | 0849 ba00 | 0000 a772 | 0100 0049 | 03f2 483b | de0f 8593 
  0x0000017288186c20: ;   {metadata(method data for {method} {0x00000172e8ed14f0} 'run' '(Ljava/util/Map;Ljava/util/Set;Ljava/util/Map;Lai/onnxruntime/OrtSession$RunOptions;)Lai/onnxruntime/OrtSession$Result;' in 'ai/onnxruntime/OrtSession')}
  0x0000017288186c20: 0000 0048 | bf20 8f2a | e972 0100 | 008b 5808 | 49ba 0000 | 00a7 7201 | 0000 4903 | da48 3b9f 
  0x0000017288186c40: d807 0000 | 750d 4883 | 87e0 0700 | 0001 e97f | 0000 0048 | 3b9f e807 | 0000 750d | 4883 87f0 
  0x0000017288186c60: 0700 0001 | e969 0000 | 0048 81bf | d807 0000 | 0000 0000 | 7517 4889 | 9fd8 0700 | 0048 c787 
  0x0000017288186c80: e007 0000 | 0100 0000 | e945 0000 | 0048 81bf | e807 0000 | 0000 0000 | 7517 4889 | 9fe8 0700 
  0x0000017288186ca0: 0048 c787 | f007 0000 | 0100 0000 | e921 0000 | 00e9 1c00 

  0x0000017288186cb4: ;   {metadata(method data for {method} {0x00000172e8ed14f0} 'run' '(Ljava/util/Map;Ljava/util/Set;Ljava/util/Map;Lai/onnxruntime/OrtSession$RunOptions;)Lai/onnxruntime/OrtSession$Result;' in 'ai/onnxruntime/OrtSession')}
  0x0000017288186cb4: 0000 48bf | 208f 2ae9 | 7201 0000 | 4883 afc8 | 0700 0001 | e900 3d00 | 00e9 0000 | 0000 488b 
  0x0000017288186cd4: d048 8b84 | 2418 0100 | 008b b424 | 3001 0000 | 3b70 0c0f | 83e9 3c00 | 0048 83fa 

  0x0000017288186cf0: ;   {metadata(method data for {method} {0x00000172e8ed14f0} 'run' '(Ljava/util/Map;Ljava/util/Set;Ljava/util/Map;Lai/onnxruntime/OrtSession$RunOptions;)Lai/onnxruntime/OrtSession$Result;' in 'ai/onnxruntime/OrtSession')}
  0x0000017288186cf0: 0075 1648 | bb20 8f2a | e972 0100 | 0080 8bf9 | 0700 0001 | e9ff 0000 | 008b 7808 | 49ba 0000 
  0x0000017288186d10: 00a7 7201 | 0000 4903 | fa8b 5a08 | 49ba 0000 | 00a7 7201 | 0000 4903 | da48 8bbf | e000 0000 
  0x0000017288186d30: 483b df0f | 8428 0000 | 008b 4f14 | 483b 3c0b | 0f84 1b00 | 0000 83f9 | 200f 85a2 | 0000 0053 
  0x0000017288186d50: ;   {runtime_call slow_subtype_check Runtime1 stub}
  0x0000017288186d50: 57e8 2a1e | e706 5b5f | 83ff 000f | 8490 0000 

  0x0000017288186d60: ;   {metadata(method data for {method} {0x00000172e8ed14f0} 'run' '(Ljava/util/Map;Ljava/util/Set;Ljava/util/Map;Lai/onnxruntime/OrtSession$RunOptions;)Lai/onnxruntime/OrtSession$Result;' in 'ai/onnxruntime/OrtSession')}
  0x0000017288186d60: 0048 bb20 | 8f2a e972 | 0100 008b | 7a08 49ba | 0000 00a7 | 7201 0000 | 4903 fa48 | 3bbb 1008 
  0x0000017288186d80: 0000 750d | 4883 8318 | 0800 0001 | e977 0000 | 0048 3bbb | 2008 0000 | 750d 4883 | 8328 0800 
  0x0000017288186da0: 0001 e961 | 0000 0048 | 81bb 1008 | 0000 0000 | 0000 7517 | 4889 bb10 | 0800 0048 | c783 1808 
  0x0000017288186dc0: 0000 0100 | 0000 e93d | 0000 0048 | 81bb 2008 | 0000 0000 | 0000 7517 | 4889 bb20 | 0800 0048 
  0x0000017288186de0: c783 2808 | 0000 0100 | 0000 e919 | 0000 00eb 

  0x0000017288186df0: ;   {metadata(method data for {method} {0x00000172e8ed14f0} 'run' '(Ljava/util/Map;Ljava/util/Set;Ljava/util/Map;Lai/onnxruntime/OrtSession$RunOptions;)Lai/onnxruntime/OrtSession$Result;' in 'ai/onnxruntime/OrtSession')}
  0x0000017288186df0: 1748 bb20 | 8f2a e972 | 0100 0048 | 83ab 0008 | 0000 01e9 | e13b 0000 | 4863 fe48 | 8d7c b810 
  0x0000017288186e10: 410f be5f | 3883 fb00 | 0f85 d43b | 0000 4c8b | d249 c1ea | 0344 8917 | 488b df48 | 33da 48c1 
  0x0000017288186e30: eb16 4883 | fb00 0f85 | d43b 0000 | 488b 9424 | 4001 0000 

  0x0000017288186e44: ;   {metadata(method data for {method} {0x00000172e8ed14f0} 'run' '(Ljava/util/Map;Ljava/util/Set;Ljava/util/Map;Lai/onnxruntime/OrtSession$RunOptions;)Lai/onnxruntime/OrtSession$Result;' in 'ai/onnxruntime/OrtSession')}
  0x0000017288186e44: 48bf 208f | 2ae9 7201 | 0000 8b52 | 0849 ba00 | 0000 a772 | 0100 0049 | 03d2 483b | 9748 0800 
  0x0000017288186e64: 0075 0d48 | 8387 5008 | 0000 01e9 | 6600 0000 | 483b 9758 | 0800 0075 | 0d48 8387 | 6008 0000 
  0x0000017288186e84: 01e9 5000 | 0000 4881 | bf48 0800 | 0000 0000 | 0075 1748 | 8997 4808 | 0000 48c7 | 8750 0800 
  0x0000017288186ea4: 0001 0000 | 00e9 2c00 | 0000 4881 | bf58 0800 | 0000 0000 | 0075 1748 | 8997 5808 | 0000 48c7 
  0x0000017288186ec4: 8760 0800 | 0001 0000 | 00e9 0800 | 0000 4883 | 8738 0800 | 0001 488b | 9424 4001 | 0000 89b4 
  0x0000017288186ee4: 2430 0100 | 000f 1f40 | 0048 b880 | b719 a772 

  0x0000017288186ef4: ;   {virtual_call}
  0x0000017288186ef4: 0100 00e8 

  0x0000017288186ef8: ; ImmutableOopMap {[224]=Oop [216]=Oop [232]=Oop [296]=Oop [200]=Oop [288]=Oop [280]=Oop }
                      ;*invokeinterface getValue {reexecute=0 rethrow=0 return_oop=0}
                      ; - ai.onnxruntime.OrtSession::run@254 (line 380)
  0x0000017288186ef8: a4bb 7307 | 4883 f800 

  0x0000017288186f00: ;   {metadata(method data for {method} {0x00000172e8ed14f0} 'run' '(Ljava/util/Map;Ljava/util/Set;Ljava/util/Map;Lai/onnxruntime/OrtSession$RunOptions;)Lai/onnxruntime/OrtSession$Result;' in 'ai/onnxruntime/OrtSession')}
  0x0000017288186f00: 7516 48bf | 208f 2ae9 | 7201 0000 | 808f 6908 | 0000 01e9 | d300 0000 

  0x0000017288186f18: ;   {metadata('ai/onnxruntime/OnnxTensorLike')}
  0x0000017288186f18: 48ba 0064 | 29a8 7201 | 0000 8b78 | 0849 ba00 | 0000 a772 | 0100 0049 | 03fa 483b | 5738 0f85 
  0x0000017288186f38: 9300 0000 

  0x0000017288186f3c: ;   {metadata(method data for {method} {0x00000172e8ed14f0} 'run' '(Ljava/util/Map;Ljava/util/Set;Ljava/util/Map;Lai/onnxruntime/OrtSession$RunOptions;)Lai/onnxruntime/OrtSession$Result;' in 'ai/onnxruntime/OrtSession')}
  0x0000017288186f3c: 48bf 208f | 2ae9 7201 | 0000 8b50 | 0849 ba00 | 0000 a772 | 0100 0049 | 03d2 483b | 9780 0800 
  0x0000017288186f5c: 0075 0d48 | 8387 8808 | 0000 01e9 | 7f00 0000 | 483b 9790 | 0800 0075 | 0d48 8387 | 9808 0000 
  0x0000017288186f7c: 01e9 6900 | 0000 4881 | bf80 0800 | 0000 0000 | 0075 1748 | 8997 8008 | 0000 48c7 | 8788 0800 
  0x0000017288186f9c: 0001 0000 | 00e9 4500 | 0000 4881 | bf90 0800 | 0000 0000 | 0075 1748 | 8997 9008 | 0000 48c7 
  0x0000017288186fbc: 8798 0800 | 0001 0000 | 00e9 2100 | 0000 e91c 

  0x0000017288186fcc: ;   {metadata(method data for {method} {0x00000172e8ed14f0} 'run' '(Ljava/util/Map;Ljava/util/Set;Ljava/util/Map;Lai/onnxruntime/OrtSession$RunOptions;)Lai/onnxruntime/OrtSession$Result;' in 'ai/onnxruntime/OrtSession')}
  0x0000017288186fcc: 0000 0048 | bf20 8f2a | e972 0100 | 0048 83af | 7008 0000 | 01e9 423a | 0000 e900 | 0000 0048 
  0x0000017288186fec: 8bd0 483b | 0248 8bf2 

  0x0000017288186ff4: ;   {metadata(method data for {method} {0x00000172e8ed14f0} 'run' '(Ljava/util/Map;Ljava/util/Set;Ljava/util/Map;Lai/onnxruntime/OrtSession$RunOptions;)Lai/onnxruntime/OrtSession$Result;' in 'ai/onnxruntime/OrtSession')}
  0x0000017288186ff4: 48bf 208f | 2ae9 7201 | 0000 8b76 | 0849 ba00 | 0000 a772 | 0100 0049 | 03f2 483b | b7b8 0800 
  0x0000017288187014: 0075 0d48 | 8387 c008 | 0000 01e9 | 6600 0000 | 483b b7c8 | 0800 0075 | 0d48 8387 | d008 0000 
  0x0000017288187034: 01e9 5000 | 0000 4881 | bfb8 0800 | 0000 0000 | 0075 1748 | 89b7 b808 | 0000 48c7 | 87c0 0800 
  0x0000017288187054: 0001 0000 | 00e9 2c00 | 0000 4881 | bfc8 0800 | 0000 0000 | 0075 1748 | 89b7 c808 | 0000 48c7 
  0x0000017288187074: 87d0 0800 | 0001 0000 | 00e9 0800 | 0000 4883 | 87a8 0800 | 0001 488b | 7210 488b | 8424 2001 
  0x0000017288187094: 0000 8b94 | 2430 0100 | 003b 500c | 0f83 9039 | 0000 4863 | fa48 8974 | f810 488b 

  0x00000172881870b0: ;   {metadata(method data for {method} {0x00000172e8ed14f0} 'run' '(Ljava/util/Map;Ljava/util/Set;Ljava/util/Map;Lai/onnxruntime/OrtSession$RunOptions;)Lai/onnxruntime/OrtSession$Result;' in 'ai/onnxruntime/OrtSession')}
  0x00000172881870b0: f2ff c648 | ba20 8f2a | e972 0100 | 00ff 82e0 

  0x00000172881870c0: ;   {metadata(method data for {method} {0x00000172e8ed14f0} 'run' '(Ljava/util/Map;Ljava/util/Set;Ljava/util/Map;Lai/onnxruntime/OrtSession$RunOptions;)Lai/onnxruntime/OrtSession$Result;' in 'ai/onnxruntime/OrtSession')}
  0x00000172881870c0: 0800 0048 | ba20 8f2a | e972 0100 | 008b bad0 | 0000 0083 | c702 89ba | d000 0000 | 81e7 fe3f 
  0x00000172881870e0: 0000 83ff | 000f 8459 | 3900 004d | 8b97 5003 

  0x00000172881870f0: ; ImmutableOopMap {[224]=Oop [216]=Oop [232]=Oop [296]=Oop [200]=Oop [280]=Oop rax=Oop [288]=Oop }
                      ;*goto {reexecute=1 rethrow=0 return_oop=0}
                      ; - (reexecute) ai.onnxruntime.OrtSession::run@323 (line 386)
                      ;   {poll}
  0x00000172881870f0: 0000 4185 

  0x00000172881870f4: ;   {metadata(method data for {method} {0x00000172e8ed14f0} 'run' '(Ljava/util/Map;Ljava/util/Set;Ljava/util/Map;Lai/onnxruntime/OrtSession$RunOptions;)Lai/onnxruntime/OrtSession$Result;' in 'ai/onnxruntime/OrtSession')}
  0x00000172881870f4: 0248 ba20 | 8f2a e972 | 0100 00ff | 82d8 0a00 | 0048 8bd6 | 8994 2430 | 0100 0048 | 8b84 2428 
  0x0000017288187114: 0100 0048 | 3b00 488b 

  0x000001728818711c: ;   {metadata(method data for {method} {0x00000172e8ed14f0} 'run' '(Ljava/util/Map;Ljava/util/Set;Ljava/util/Map;Lai/onnxruntime/OrtSession$RunOptions;)Lai/onnxruntime/OrtSession$Result;' in 'ai/onnxruntime/OrtSession')}
  0x000001728818711c: c849 b820 | 8f2a e972 | 0100 008b | 4908 49ba | 0000 00a7 | 7201 0000 | 4903 ca49 | 3b88 4806 
  0x000001728818713c: 0000 750d | 4983 8050 | 0600 0001 | e966 0000 | 0049 3b88 | 5806 0000 | 750d 4983 | 8060 0600 
  0x000001728818715c: 0001 e950 | 0000 0049 | 81b8 4806 | 0000 0000 | 0000 7517 | 4989 8848 | 0600 0049 | c780 5006 
  0x000001728818717c: 0000 0100 | 0000 e92c | 0000 0049 | 81b8 5806 | 0000 0000 | 0000 7517 | 4989 8858 | 0600 0049 
  0x000001728818719c: c780 6006 | 0000 0100 | 0000 e908 | 0000 0049 | 8380 3806 | 0000 0148 | 8bd0 0f1f | 8000 0000 
  0x00000172881871bc: 0048 b8a8 | 431d a772 

  0x00000172881871c4: ;   {virtual_call}
  0x00000172881871c4: 0100 00e8 

  0x00000172881871c8: ; ImmutableOopMap {[224]=Oop [216]=Oop [232]=Oop [200]=Oop [288]=Oop [296]=Oop [280]=Oop }
                      ;*invokeinterface hasNext {reexecute=0 rethrow=0 return_oop=0}
                      ; - ai.onnxruntime.OrtSession::run@194 (line 377)
  0x00000172881871c8: 544f 5507 

  0x00000172881871cc: ;   {metadata(method data for {method} {0x00000172e8ed14f0} 'run' '(Ljava/util/Map;Ljava/util/Set;Ljava/util/Map;Lai/onnxruntime/OrtSession$RunOptions;)Lai/onnxruntime/OrtSession$Result;' in 'ai/onnxruntime/OrtSession')}
  0x00000172881871cc: 83f8 0048 | ba20 8f2a | e972 0100 | 0048 c7c6 | 7006 0000 | 0f84 0700 | 0000 48c7 | c680 0600 
  0x00000172881871ec: 0048 8b3c | 3248 8d7f | 0148 893c | 320f 8412 | 0700 00e9 | 9cf5 ffff | 0f1f 4000 

  0x0000017288187208: ;   {no_reloc}
  0x0000017288187208: e96c 3800 | 0000 0000 | 0000 80ba | 3301 0000 | 040f 8569 | 3800 0049 | 8b87 0801 | 0000 488d 
  0x0000017288187228: 7828 493b | bf18 0100 | 000f 8751 | 3800 0049 | 89bf 0801 | 0000 48c7 | 0001 0000 | 0048 8bca 
  0x0000017288187248: 49ba 0000 | 00a7 7201 | 0000 492b | ca89 4808 | 4833 c989 | 480c 4833 | c948 8948 | 1048 8948 
  0x0000017288187268: 1848 8948 | 2048 8984 | 2450 0100 | 0066 6690 

  0x0000017288187278: ;   {no_reloc}
  0x0000017288187278: e927 3800 | 0000 0000 | 0000 498b | 8708 0100 | 0048 8d78 | 1849 3bbf | 1801 0000 | 0f87 1438 
  0x0000017288187298: 0000 4989 | bf08 0100 | 0048 c700 | 0100 0000 | 488b ca49 | ba00 0000 | a772 0100 | 0049 2bca 
  0x00000172881872b8: 8948 0848 | 33c9 8948 | 0c48 33c9 | 4889 4810 

  0x00000172881872c8: ;   {metadata(method data for {method} {0x00000172e8ed14f0} 'run' '(Ljava/util/Map;Ljava/util/Set;Ljava/util/Map;Lai/onnxruntime/OrtSession$RunOptions;)Lai/onnxruntime/OrtSession$Result;' in 'ai/onnxruntime/OrtSession')}
  0x00000172881872c8: 4c8b c048 | ba20 8f2a | e972 0100 | 0048 8382 | f808 0000 

  0x00000172881872dc: ;   {metadata(method data for {method} {0x00000172a741f118} '<init>' '()V' in 'java/lang/StringBuilder')}
  0x00000172881872dc: 0149 b8a0 | 3903 e872 | 0100 0041 | 8b90 cc00 | 0000 83c2 | 0241 8990 | cc00 0000 | 81e2 feff 
  0x00000172881872fc: 1f00 83fa | 000f 84b4 | 3700 004c 

  0x0000017288187308: ;   {metadata(method data for {method} {0x00000172a741f118} '<init>' '()V' in 'java/lang/StringBuilder')}
  0x0000017288187308: 8bc0 48ba | a039 03e8 | 7201 0000 | 4883 8210 | 0100 0001 | 41b8 1000 | 0000 488b | d048 8984 
  0x0000017288187328: 2448 0100 

  0x000001728818732c: ;   {optimized virtual_call}
  0x000001728818732c: 0066 90e8 

  0x0000017288187330: ; ImmutableOopMap {[320]=Oop [200]=Oop [328]=Oop [336]=Oop }
                      ;*invokespecial <init> {reexecute=0 rethrow=0 return_oop=0}
                      ; - java.lang.StringBuilder::<init>@3 (line 106)
                      ; - ai.onnxruntime.OrtSession::run@280 (line 383)
  0x0000017288187330: 4ca0 dc06 | 488b 8424 | 4801 0000 

  0x000001728818733c: ;   {metadata(method data for {method} {0x00000172e8ed14f0} 'run' '(Ljava/util/Map;Ljava/util/Set;Ljava/util/Map;Lai/onnxruntime/OrtSession$RunOptions;)Lai/onnxruntime/OrtSession$Result;' in 'ai/onnxruntime/OrtSession')}
  0x000001728818733c: 49b8 208f | 2ae9 7201 | 0000 4983 | 8008 0900 

  0x000001728818734c: ;   {metadata(method data for {method} {0x00000172a741f850} 'append' '(Ljava/lang/String;)Ljava/lang/StringBuilder;' in 'java/lang/StringBuilder')}
  0x000001728818734c: 0001 49b8 | f040 03e8 | 7201 0000 | 418b 90cc | 0000 0083 | c202 4189 | 90cc 0000 | 0081 e2fe 
  0x000001728818736c: ff1f 0083 | fa00 0f84 | 6437 0000 | 488b 8424 | 4801 0000 

  0x0000017288187380: ;   {metadata(method data for {method} {0x00000172a741f850} 'append' '(Ljava/lang/String;)Ljava/lang/StringBuilder;' in 'java/lang/StringBuilder')}
  0x0000017288187380: 49b8 f040 | 03e8 7201 | 0000 4983 | 8010 0100 

  0x0000017288187390: ;   {oop("Unknown input name "{0x0000000644a9a688})}
  0x0000017288187390: 0001 49b8 | 88a6 a944 | 0600 0000 | 488b 9424 | 4801 0000 

  0x00000172881873a4: ;   {optimized virtual_call}
  0x00000172881873a4: 6666 90e8 

  0x00000172881873a8: ; ImmutableOopMap {[320]=Oop [200]=Oop [328]=Oop [336]=Oop }
                      ;*invokespecial append {reexecute=0 rethrow=0 return_oop=0}
                      ; - java.lang.StringBuilder::append@2 (line 179)
                      ; - ai.onnxruntime.OrtSession::run@285 (line 383)
  0x00000172881873a8: d49f dc06 | 488b b424 | 4001 0000 

  0x00000172881873b4: ;   {metadata(method data for {method} {0x00000172e8ed14f0} 'run' '(Ljava/util/Map;Ljava/util/Set;Ljava/util/Map;Lai/onnxruntime/OrtSession$RunOptions;)Lai/onnxruntime/OrtSession$Result;' in 'ai/onnxruntime/OrtSession')}
  0x00000172881873b4: 48ba 208f | 2ae9 7201 | 0000 8b76 | 0849 ba00 | 0000 a772 | 0100 0049 | 03f2 483b | b250 0900 
  0x00000172881873d4: 0075 0d48 | 8382 5809 | 0000 01e9 | 6600 0000 | 483b b260 | 0900 0075 | 0d48 8382 | 6809 0000 
  0x00000172881873f4: 01e9 5000 | 0000 4881 | ba50 0900 | 0000 0000 | 0075 1748 | 89b2 5009 | 0000 48c7 | 8258 0900 
  0x0000017288187414: 0001 0000 | 00e9 2c00 | 0000 4881 | ba60 0900 | 0000 0000 | 0075 1748 | 89b2 6009 | 0000 48c7 
  0x0000017288187434: 8268 0900 | 0001 0000 | 00e9 0800 | 0000 4883 | 8240 0900 | 0001 488b | 9424 4001 | 0000 6666 
  0x0000017288187454: 9048 b8ff | ffff ffff 

  0x000001728818745c: ;   {virtual_call}
  0x000001728818745c: ffff ffe8 

  0x0000017288187460: ; ImmutableOopMap {[200]=Oop [328]=Oop [336]=Oop }
                      ;*invokeinterface getKey {reexecute=0 rethrow=0 return_oop=0}
                      ; - ai.onnxruntime.OrtSession::run@290 (line 384)
  0x0000017288187460: 1ca2 dc06 | 4883 f800 

  0x0000017288187468: ;   {metadata(method data for {method} {0x00000172e8ed14f0} 'run' '(Ljava/util/Map;Ljava/util/Set;Ljava/util/Map;Lai/onnxruntime/OrtSession$RunOptions;)Lai/onnxruntime/OrtSession$Result;' in 'ai/onnxruntime/OrtSession')}
  0x0000017288187468: 7516 48be | 208f 2ae9 | 7201 0000 | 808e 7109 | 0000 01e9 | d200 0000 

  0x0000017288187480: ;   {metadata('java/lang/String')}
  0x0000017288187480: 48bf e0e9 | 00a7 7201 | 0000 8b50 | 0849 ba00 | 0000 a772 | 0100 0049 | 03d2 483b | fa0f 8593 
  0x00000172881874a0: ;   {metadata(method data for {method} {0x00000172e8ed14f0} 'run' '(Ljava/util/Map;Ljava/util/Set;Ljava/util/Map;Lai/onnxruntime/OrtSession$RunOptions;)Lai/onnxruntime/OrtSession$Result;' in 'ai/onnxruntime/OrtSession')}
  0x00000172881874a0: 0000 0048 | be20 8f2a | e972 0100 | 008b 7808 | 49ba 0000 | 00a7 7201 | 0000 4903 | fa48 3bbe 
  0x00000172881874c0: 8809 0000 | 750d 4883 | 8690 0900 | 0001 e97f | 0000 0048 | 3bbe 9809 | 0000 750d | 4883 86a0 
  0x00000172881874e0: 0900 0001 | e969 0000 | 0048 81be | 8809 0000 | 0000 0000 | 7517 4889 | be88 0900 | 0048 c786 
  0x0000017288187500: 9009 0000 | 0100 0000 | e945 0000 | 0048 81be | 9809 0000 | 0000 0000 | 7517 4889 | be98 0900 
  0x0000017288187520: 0048 c786 | a009 0000 | 0100 0000 | e921 0000 | 00e9 1c00 

  0x0000017288187534: ;   {metadata(method data for {method} {0x00000172e8ed14f0} 'run' '(Ljava/util/Map;Ljava/util/Set;Ljava/util/Map;Lai/onnxruntime/OrtSession$RunOptions;)Lai/onnxruntime/OrtSession$Result;' in 'ai/onnxruntime/OrtSession')}
  0x0000017288187534: 0000 48be | 208f 2ae9 | 7201 0000 | 4883 ae78 | 0900 0001 | e9b0 3500 | 00e9 0000 | 0000 4c8b 
  0x0000017288187554: c048 8b84 | 2448 0100 

  0x000001728818755c: ;   {metadata(method data for {method} {0x00000172e8ed14f0} 'run' '(Ljava/util/Map;Ljava/util/Set;Ljava/util/Map;Lai/onnxruntime/OrtSession$RunOptions;)Lai/onnxruntime/OrtSession$Result;' in 'ai/onnxruntime/OrtSession')}
  0x000001728818755c: 0048 ba20 | 8f2a e972 | 0100 0048 | 8382 b009 

  0x000001728818756c: ;   {metadata(method data for {method} {0x00000172a741f850} 'append' '(Ljava/lang/String;)Ljava/lang/StringBuilder;' in 'java/lang/StringBuilder')}
  0x000001728818756c: 0000 0148 | baf0 4003 | e872 0100 | 008b b2cc | 0000 0083 | c602 89b2 | cc00 0000 | 81e6 feff 
  0x000001728818758c: 1f00 83fe | 000f 846f | 3500 0048 | 8b84 2448 

  0x000001728818759c: ;   {metadata(method data for {method} {0x00000172a741f850} 'append' '(Ljava/lang/String;)Ljava/lang/StringBuilder;' in 'java/lang/StringBuilder')}
  0x000001728818759c: 0100 0048 | baf0 4003 | e872 0100 | 0048 8382 | 1001 0000 | 0148 8b94 | 2448 0100 | 0066 0f1f 
  0x00000172881875bc: ;   {optimized virtual_call}
  0x00000172881875bc: 4400 00e8 

  0x00000172881875c0: ; ImmutableOopMap {[200]=Oop [328]=Oop [336]=Oop }
                      ;*invokespecial append {reexecute=0 rethrow=0 return_oop=0}
                      ; - java.lang.StringBuilder::append@2 (line 179)
                      ; - ai.onnxruntime.OrtSession::run@298 (line 384)
  0x00000172881875c0: bc9d dc06 | 488b 8424 | 4801 0000 

  0x00000172881875cc: ;   {metadata(method data for {method} {0x00000172e8ed14f0} 'run' '(Ljava/util/Map;Ljava/util/Set;Ljava/util/Map;Lai/onnxruntime/OrtSession$RunOptions;)Lai/onnxruntime/OrtSession$Result;' in 'ai/onnxruntime/OrtSession')}
  0x00000172881875cc: 49b8 208f | 2ae9 7201 | 0000 4983 | 80e8 0900 

  0x00000172881875dc: ;   {metadata(method data for {method} {0x00000172a741f850} 'append' '(Ljava/lang/String;)Ljava/lang/StringBuilder;' in 'java/lang/StringBuilder')}
  0x00000172881875dc: 0001 49b8 | f040 03e8 | 7201 0000 | 418b 90cc | 0000 0083 | c202 4189 | 90cc 0000 | 0081 e2fe 
  0x00000172881875fc: ff1f 0083 | fa00 0f84 | 1f35 0000 | 488b 8424 | 4801 0000 

  0x0000017288187610: ;   {metadata(method data for {method} {0x00000172a741f850} 'append' '(Ljava/lang/String;)Ljava/lang/StringBuilder;' in 'java/lang/StringBuilder')}
  0x0000017288187610: 49b8 f040 | 03e8 7201 | 0000 4983 | 8010 0100 

  0x0000017288187620: ;   {oop(", expected one of "{0x0000000644a9a6a0})}
  0x0000017288187620: 0001 49b8 | a0a6 a944 | 0600 0000 | 488b 9424 | 4801 0000 

  0x0000017288187634: ;   {optimized virtual_call}
  0x0000017288187634: 6666 90e8 

  0x0000017288187638: ; ImmutableOopMap {[200]=Oop [328]=Oop [336]=Oop }
                      ;*invokespecial append {reexecute=0 rethrow=0 return_oop=0}
                      ; - java.lang.StringBuilder::append@2 (line 179)
                      ; - ai.onnxruntime.OrtSession::run@303 (line 384)
  0x0000017288187638: 449d dc06 | 488b 9424 | c800 0000 | 8b52 2c48 | c1e2 0348 | 3b02 488b 

  0x0000017288187650: ;   {metadata(method data for {method} {0x00000172e8ed14f0} 'run' '(Ljava/util/Map;Ljava/util/Set;Ljava/util/Map;Lai/onnxruntime/OrtSession$RunOptions;)Lai/onnxruntime/OrtSession$Result;' in 'ai/onnxruntime/OrtSession')}
  0x0000017288187650: f248 bf20 | 8f2a e972 | 0100 008b | 7608 49ba | 0000 00a7 | 7201 0000 | 4903 f248 | 3bb7 300a 
  0x0000017288187670: 0000 750d | 4883 8738 | 0a00 0001 | e966 0000 | 0048 3bb7 | 400a 0000 | 750d 4883 | 8748 0a00 
  0x0000017288187690: 0001 e950 | 0000 0048 | 81bf 300a | 0000 0000 | 0000 7517 | 4889 b730 | 0a00 0048 | c787 380a 
  0x00000172881876b0: 0000 0100 | 0000 e92c | 0000 0048 | 81bf 400a | 0000 0000 | 0000 7517 | 4889 b740 | 0a00 0048 
  0x00000172881876d0: c787 480a | 0000 0100 | 0000 e908 | 0000 0048 | 8387 200a | 0000 0166 | 0f1f 4400 | 0048 b8ff 
  0x00000172881876f0: ffff ffff 

  0x00000172881876f4: ;   {virtual_call}
  0x00000172881876f4: ffff ffe8 

  0x00000172881876f8: ; ImmutableOopMap {[328]=Oop [336]=Oop }
                      ;*invokevirtual toString {reexecute=0 rethrow=0 return_oop=0}
                      ; - ai.onnxruntime.OrtSession::run@310 (line 384)
  0x00000172881876f8: 849f dc06 | 4c8b 8424 | 4801 0000 

  0x0000017288187704: ;   {metadata(method data for {method} {0x00000172e8ed14f0} 'run' '(Ljava/util/Map;Ljava/util/Set;Ljava/util/Map;Lai/onnxruntime/OrtSession$RunOptions;)Lai/onnxruntime/OrtSession$Result;' in 'ai/onnxruntime/OrtSession')}
  0x0000017288187704: 48ba 208f | 2ae9 7201 | 0000 4883 | 8258 0a00 

  0x0000017288187714: ;   {metadata(method data for {method} {0x00000172a741f850} 'append' '(Ljava/lang/String;)Ljava/lang/StringBuilder;' in 'java/lang/StringBuilder')}
  0x0000017288187714: 0001 49b8 | f040 03e8 | 7201 0000 | 418b 90cc | 0000 0083 | c202 4189 | 90cc 0000 | 0081 e2fe 
  0x0000017288187734: ff1f 0083 | fa00 0f84 | 0d34 0000 | 4c8b 8424 | 4801 0000 

  0x0000017288187748: ;   {metadata(method data for {method} {0x00000172a741f850} 'append' '(Ljava/lang/String;)Ljava/lang/StringBuilder;' in 'java/lang/StringBuilder')}
  0x0000017288187748: 48ba f040 | 03e8 7201 | 0000 4883 | 8210 0100 | 0001 4c8b | c048 8b94 | 2448 0100 

  0x0000017288187764: ;   {optimized virtual_call}
  0x0000017288187764: 0066 90e8 

  0x0000017288187768: ; ImmutableOopMap {[328]=Oop [336]=Oop }
                      ;*invokespecial append {reexecute=0 rethrow=0 return_oop=0}
                      ; - java.lang.StringBuilder::append@2 (line 179)
                      ; - ai.onnxruntime.OrtSession::run@313 (line 384)
  0x0000017288187768: 149c dc06 | 488b 8424 | 4801 0000 

  0x0000017288187774: ;   {metadata(method data for {method} {0x00000172e8ed14f0} 'run' '(Ljava/util/Map;Ljava/util/Set;Ljava/util/Map;Lai/onnxruntime/OrtSession$RunOptions;)Lai/onnxruntime/OrtSession$Result;' in 'ai/onnxruntime/OrtSession')}
  0x0000017288187774: 48ba 208f | 2ae9 7201 | 0000 4883 | 8290 0a00 

  0x0000017288187784: ;   {metadata(method data for {method} {0x00000172a741f170} 'toString' '()Ljava/lang/String;' in 'java/lang/StringBuilder')}
  0x0000017288187784: 0001 48ba | 9844 03e8 | 7201 0000 | 448b 82cc | 0000 0041 | 83c0 0244 | 8982 cc00 | 0000 4181 
  0x00000172881877a4: e0fe ff1f | 0041 83f8 | 000f 84bb | 3300 0048 | 8b84 2448 

  0x00000172881877b8: ;   {metadata(method data for {method} {0x00000172a741f170} 'toString' '()Ljava/lang/String;' in 'java/lang/StringBuilder')}
  0x00000172881877b8: 0100 0048 | ba98 4403 | e872 0100 | 0048 8382 | 1001 0000 

  0x00000172881877cc: ;   {metadata(method data for {method} {0x00000172a705d7b8} 'isLatin1' '()Z' in 'java/lang/AbstractStringBuilder')}
  0x00000172881877cc: 0148 ba08 | 2902 e872 | 0100 0044 | 8b82 cc00 | 0000 4183 | c002 4489 | 82cc 0000 | 0041 81e0 
  0x00000172881877ec: feff 1f00 | 4183 f800 | 0f84 9533 

  0x00000172881877f8: ;   {metadata(method data for {method} {0x00000172a705d7b8} 'isLatin1' '()Z' in 'java/lang/AbstractStringBuilder')}
  0x00000172881877f8: 0000 48ba | 0829 02e8 | 7201 0000 | ff82 2001 | 0000 488b | 8424 4801 | 0000 0fbe | 5010 83fa 
  0x0000017288187818: ;   {metadata(method data for {method} {0x00000172a705d7b8} 'isLatin1' '()Z' in 'java/lang/AbstractStringBuilder')}
  0x0000017288187818: 0048 ba08 | 2902 e872 | 0100 0049 | c7c0 3001 | 0000 0f85 | 0700 0000 | 49c7 c040 | 0100 004e 
  0x0000017288187838: 8b0c 024d | 8d49 014e | 890c 020f | 851a 0000 

  0x0000017288187848: ;   {metadata(method data for {method} {0x00000172a705d7b8} 'isLatin1' '()Z' in 'java/lang/AbstractStringBuilder')}
  0x0000017288187848: 0048 ba08 | 2902 e872 | 0100 00ff | 8250 0100 | 00ba 0100 | 0000 e905 | 0000 00ba | 0000 0000 
  0x0000017288187868: 83e2 0183 

  0x000001728818786c: ;   {metadata(method data for {method} {0x00000172a741f170} 'toString' '()Ljava/lang/String;' in 'java/lang/StringBuilder')}
  0x000001728818786c: fa00 48ba | 9844 03e8 | 7201 0000 | 49c7 c048 | 0100 000f | 8407 0000 | 0049 c7c0 | 5801 0000 
  0x000001728818788c: 4e8b 0c02 | 4d8d 4901 | 4e89 0c02 | 0f84 4300 | 0000 8b50 | 1448 c1e2 | 0344 8b48 

  0x00000172881878a8: ;   {metadata(method data for {method} {0x00000172a741f170} 'toString' '()Ljava/lang/String;' in 'java/lang/StringBuilder')}
  0x00000172881878a8: 0c49 b898 | 4403 e872 | 0100 0049 | 8380 6801 | 0000 0141 | b800 0000 | 0066 0f1f 

  0x00000172881878c4: ;   {static_call}
  0x00000172881878c4: 4400 00e8 

  0x00000172881878c8: ; ImmutableOopMap {[336]=Oop }
                      ;*invokestatic newString {reexecute=0 rethrow=0 return_oop=0}
                      ; - java.lang.StringBuilder::toString@16 (line 453)
                      ; - ai.onnxruntime.OrtSession::run@316 (line 384)
  0x00000172881878c8: b4a0 dc06 

  0x00000172881878cc: ;   {metadata(method data for {method} {0x00000172a741f170} 'toString' '()Ljava/lang/String;' in 'java/lang/StringBuilder')}
  0x00000172881878cc: 48ba 9844 | 03e8 7201 | 0000 ff82 | 7801 0000 | e9d8 2c00 | 008b 5014 | 48c1 e203 | 448b 480c 
  0x00000172881878ec: ;   {metadata(method data for {method} {0x00000172a741f170} 'toString' '()Ljava/lang/String;' in 'java/lang/StringBuilder')}
  0x00000172881878ec: 49b8 9844 | 03e8 7201 | 0000 4983 | 8090 0100 | 0001 41b8 | 0000 0000 

  0x0000017288187904: ;   {static_call}
  0x0000017288187904: 6666 90e8 

  0x0000017288187908: ; ImmutableOopMap {[336]=Oop }
                      ;*invokestatic newString {reexecute=0 rethrow=0 return_oop=0}
                      ; - java.lang.StringBuilder::toString@31 (line 454)
                      ; - ai.onnxruntime.OrtSession::run@316 (line 384)
  0x0000017288187908: 74a0 dc06 | e9a8 2c00 | 004c 8b8c | 24d8 0000 

  0x0000017288187918: ;   {metadata(method data for {method} {0x00000172e8ed14f0} 'run' '(Ljava/util/Map;Ljava/util/Set;Ljava/util/Map;Lai/onnxruntime/OrtSession$RunOptions;)Lai/onnxruntime/OrtSession$Result;' in 'ai/onnxruntime/OrtSession')}
  0x0000017288187918: 0048 be20 | 8f2a e972 | 0100 0045 | 8b49 0849 | ba00 0000 | a772 0100 | 004d 03ca | 4c3b 8e00 
  0x0000017288187938: 0b00 0075 | 0d48 8386 | 080b 0000 | 01e9 6600 | 0000 4c3b | 8e10 0b00 | 0075 0d48 | 8386 180b 
  0x0000017288187958: 0000 01e9 | 5000 0000 | 4881 be00 | 0b00 0000 | 0000 0075 | 174c 898e | 000b 0000 | 48c7 8608 
  0x0000017288187978: 0b00 0001 | 0000 00e9 | 2c00 0000 | 4881 be10 | 0b00 0000 | 0000 0075 | 174c 898e | 100b 0000 
  0x0000017288187998: 48c7 8618 | 0b00 0001 | 0000 00e9 | 0800 0000 | 4883 86f0 | 0a00 0001 | 488b 9424 | d800 0000 
  0x00000172881879b8: 0f1f 4400 | 0048 b820 | ad0e a772 

  0x00000172881879c4: ;   {virtual_call}
  0x00000172881879c4: 0100 00e8 

  0x00000172881879c8: ; ImmutableOopMap {[224]=Oop [216]=Oop [232]=Oop [280]=Oop [288]=Oop [200]=Oop }
                      ;*invokeinterface size {reexecute=0 rethrow=0 return_oop=0}
                      ; - ai.onnxruntime.OrtSession::run@327 (line 387)
  0x00000172881879c8: 54ac c6ff | 488b bc24 | e000 0000 

  0x00000172881879d4: ;   {metadata(method data for {method} {0x00000172e8ed14f0} 'run' '(Ljava/util/Map;Ljava/util/Set;Ljava/util/Map;Lai/onnxruntime/OrtSession$RunOptions;)Lai/onnxruntime/OrtSession$Result;' in 'ai/onnxruntime/OrtSession')}
  0x00000172881879d4: 48ba 208f | 2ae9 7201 | 0000 8b7f | 0849 ba00 | 0000 a772 | 0100 0049 | 03fa 483b | ba38 0b00 
  0x00000172881879f4: 0075 0d48 | 8382 400b | 0000 01e9 | 6600 0000 | 483b ba48 | 0b00 0075 | 0d48 8382 | 500b 0000 
  0x0000017288187a14: 01e9 5000 | 0000 4881 | ba38 0b00 | 0000 0000 | 0075 1748 | 89ba 380b | 0000 48c7 | 8240 0b00 
  0x0000017288187a34: 0001 0000 | 00e9 2c00 | 0000 4881 | ba48 0b00 | 0000 0000 | 0075 1748 | 89ba 480b | 0000 48c7 
  0x0000017288187a54: 8250 0b00 | 0001 0000 | 00e9 0800 | 0000 4883 | 8228 0b00 | 0001 488b | 9424 e000 | 0000 8984 
  0x0000017288187a74: 2434 0100 | 000f 1f40 | 0048 b8b0 | 1c06 a772 

  0x0000017288187a84: ;   {virtual_call}
  0x0000017288187a84: 0100 00e8 

  0x0000017288187a88: ; ImmutableOopMap {[224]=Oop [216]=Oop [232]=Oop [280]=Oop [288]=Oop [200]=Oop }
                      ;*invokeinterface size {reexecute=0 rethrow=0 return_oop=0}
                      ; - ai.onnxruntime.OrtSession::run@333 (line 387)
  0x0000017288187a88: 9435 7107 | 8b9c 2434 | 0100 0003 

  0x0000017288187a94: ;   {metadata('java/lang/String'[])}
  0x0000017288187a94: d848 bac0 | 8c01 a772 | 0100 0048 | 63db 488b | fb48 81fb | ffff ff00 | 0f87 fe30 | 0000 48be 
  0x0000017288187ab4: 1700 0000 | 0000 0000 | 488d 349e | 4883 e6f8 | 498b 8708 | 0100 0048 | 8d34 3049 | 3bb7 1801 
  0x0000017288187ad4: 0000 0f87 | d430 0000 | 4989 b708 | 0100 0048 | 2bf0 48c7 | 0001 0000 | 0048 8bca | 49ba 0000 
  0x0000017288187af4: 00a7 7201 | 0000 492b | ca89 4808 | 8958 0c48 | 83ee 100f | 841a 0000 | 0048 85f6 | 0f84 1100 
  0x0000017288187b14: 0000 4833 | db48 c1ee | 0348 895c | f008 48ff | ce75 f648 | 8984 2458 | 0100 0044 | 8b40 0c49 
  0x0000017288187b34: ;   {metadata('ai/onnxruntime/OnnxValue'[])}
  0x0000017288187b34: 8bd8 48ba | 087e 29a8 | 7201 0000 | 4863 db48 | 8bfb 4881 | fbff ffff | 000f 8767 | 3000 0048 
  0x0000017288187b54: be17 0000 | 0000 0000 | 0048 8d34 | 9e48 83e6 | f849 8b87 | 0801 0000 | 488d 3430 | 493b b718 
  0x0000017288187b74: 0100 000f | 873d 3000 | 0049 89b7 | 0801 0000 | 482b f048 | c700 0100 | 0000 488b | ca49 ba00 
  0x0000017288187b94: 0000 a772 | 0100 0049 | 2bca 8948 | 0889 580c | 4883 ee10 | 0f84 1a00 | 0000 4885 | f60f 8411 
  0x0000017288187bb4: 0000 0048 | 33db 48c1 | ee03 4889 | 5cf0 0848 | ffce 75f6 | 4889 8424 | 6001 0000 

  0x0000017288187bd0: ;   {metadata({type array long})}
  0x0000017288187bd0: 498b d848 | ba60 1100 | a772 0100 | 0048 63db | 488b fb48 | 81fb ffff | ff00 0f87 | d42f 0000 
  0x0000017288187bf0: 48be 1700 | 0000 0000 | 0000 488d | 34de 4883 | e6f8 498b | 8708 0100 | 0048 8d34 | 3049 3bb7 
  0x0000017288187c10: 1801 0000 | 0f87 aa2f | 0000 4989 | b708 0100 | 0048 2bf0 | 48c7 0001 | 0000 0048 | 8bca 49ba 
  0x0000017288187c30: 0000 00a7 | 7201 0000 | 492b ca89 | 4808 8958 | 0c48 83ee | 100f 841a | 0000 0048 | 85f6 0f84 
  0x0000017288187c50: 1100 0000 | 4833 db48 | c1ee 0348 | 895c f008 | 48ff ce75 | f648 8984 | 2468 0100 | 0048 8bbc 
  0x0000017288187c70: 24e0 0000 

  0x0000017288187c74: ;   {metadata(method data for {method} {0x00000172e8ed14f0} 'run' '(Ljava/util/Map;Ljava/util/Set;Ljava/util/Map;Lai/onnxruntime/OrtSession$RunOptions;)Lai/onnxruntime/OrtSession$Result;' in 'ai/onnxruntime/OrtSession')}
  0x0000017288187c74: 0048 ba20 | 8f2a e972 | 0100 008b | 7f08 49ba | 0000 00a7 | 7201 0000 | 4903 fa48 | 3bba 700b 
  0x0000017288187c94: 0000 750d | 4883 8278 | 0b00 0001 | e966 0000 | 0048 3bba | 800b 0000 | 750d 4883 | 8288 0b00 
  0x0000017288187cb4: 0001 e950 | 0000 0048 | 81ba 700b | 0000 0000 | 0000 7517 | 4889 ba70 | 0b00 0048 | c782 780b 
  0x0000017288187cd4: 0000 0100 | 0000 e92c | 0000 0048 | 81ba 800b | 0000 0000 | 0000 7517 | 4889 ba80 | 0b00 0048 
  0x0000017288187cf4: c782 880b | 0000 0100 | 0000 e908 | 0000 0048 | 8382 600b | 0000 0148 | 8b94 24e0 | 0000 0044 
  0x0000017288187d14: 8984 2470 | 0100 0066 | 9048 b8b0 | 1c06 a772 

  0x0000017288187d24: ;   {virtual_call}
  0x0000017288187d24: 0100 00e8 

  0x0000017288187d28: ; ImmutableOopMap {[224]=Oop [216]=Oop [232]=Oop [280]=Oop [288]=Oop [200]=Oop [352]=Oop [360]=Oop [344]=Oop }
                      ;*invokeinterface entrySet {reexecute=0 rethrow=0 return_oop=0}
                      ; - ai.onnxruntime.OrtSession::run@363 (line 391)
  0x0000017288187d28: 9468 2d00 

  0x0000017288187d2c: ; implicit exception: dispatches to 0x000001728818abce
  0x0000017288187d2c: 483b 0048 

  0x0000017288187d30: ;   {metadata(method data for {method} {0x00000172e8ed14f0} 'run' '(Ljava/util/Map;Ljava/util/Set;Ljava/util/Map;Lai/onnxruntime/OrtSession$RunOptions;)Lai/onnxruntime/OrtSession$Result;' in 'ai/onnxruntime/OrtSession')}
  0x0000017288187d30: 8bd0 48be | 208f 2ae9 | 7201 0000 | 8b52 0849 | ba00 0000 | a772 0100 | 0049 03d2 | 483b 96a8 
  0x0000017288187d50: 0b00 0075 | 0d48 8386 | b00b 0000 | 01e9 6600 | 0000 483b | 96b8 0b00 | 0075 0d48 | 8386 c00b 
  0x0000017288187d70: 0000 01e9 | 5000 0000 | 4881 bea8 | 0b00 0000 | 0000 0075 | 1748 8996 | a80b 0000 | 48c7 86b0 
  0x0000017288187d90: 0b00 0001 | 0000 00e9 | 2c00 0000 | 4881 beb8 | 0b00 0000 | 0000 0075 | 1748 8996 | b80b 0000 
  0x0000017288187db0: 48c7 86c0 | 0b00 0001 | 0000 00e9 | 0800 0000 | 4883 8698 | 0b00 0001 | 488b d066 | 9048 b808 
  0x0000017288187dd0: 7011 a772 

  0x0000017288187dd4: ;   {virtual_call}
  0x0000017288187dd4: 0100 00e8 

  0x0000017288187dd8: ; ImmutableOopMap {[224]=Oop [216]=Oop [232]=Oop [280]=Oop [288]=Oop [200]=Oop [352]=Oop [360]=Oop [344]=Oop }
                      ;*invokeinterface iterator {reexecute=0 rethrow=0 return_oop=0}
                      ; - ai.onnxruntime.OrtSession::run@368 (line 391)
  0x0000017288187dd8: 6461 99ff | 4889 8424 | 7801 0000 | be00 0000 | 0089 b424 | 7401 0000 | e93a 0c00 | 0066 6690 
  0x0000017288187df8: 488b 8424 | 7801 0000 

  0x0000017288187e00: ;   {metadata(method data for {method} {0x00000172e8ed14f0} 'run' '(Ljava/util/Map;Ljava/util/Set;Ljava/util/Map;Lai/onnxruntime/OrtSession$RunOptions;)Lai/onnxruntime/OrtSession$Result;' in 'ai/onnxruntime/OrtSession')}
  0x0000017288187e00: 48be 208f | 2ae9 7201 | 0000 8b40 | 0849 ba00 | 0000 a772 | 0100 0049 | 03c2 483b | 8638 0c00 
  0x0000017288187e20: 0075 0d48 | 8386 400c | 0000 01e9 | 6600 0000 | 483b 8648 | 0c00 0075 | 0d48 8386 | 500c 0000 
  0x0000017288187e40: 01e9 5000 | 0000 4881 | be38 0c00 | 0000 0000 | 0075 1748 | 8986 380c | 0000 48c7 | 8640 0c00 
  0x0000017288187e60: 0001 0000 | 00e9 2c00 | 0000 4881 | be48 0c00 | 0000 0000 | 0075 1748 | 8986 480c | 0000 48c7 
  0x0000017288187e80: 8650 0c00 | 0001 0000 | 00e9 0800 | 0000 4883 | 8628 0c00 | 0001 488b | 9424 7801 | 0000 0f1f 
  0x0000017288187ea0: 8000 0000 | 0048 b8ff | ffff ffff 

  0x0000017288187eac: ;   {virtual_call}
  0x0000017288187eac: ffff ffe8 

  0x0000017288187eb0: ; ImmutableOopMap {[224]=Oop [216]=Oop [232]=Oop [280]=Oop [288]=Oop [376]=Oop [344]=Oop [352]=Oop [360]=Oop [200]=Oop }
                      ;*invokeinterface next {reexecute=0 rethrow=0 return_oop=0}
                      ; - ai.onnxruntime.OrtSession::run@387 (line 391)
  0x0000017288187eb0: cc97 dc06 | 4883 f800 

  0x0000017288187eb8: ;   {metadata(method data for {method} {0x00000172e8ed14f0} 'run' '(Ljava/util/Map;Ljava/util/Set;Ljava/util/Map;Lai/onnxruntime/OrtSession$RunOptions;)Lai/onnxruntime/OrtSession$Result;' in 'ai/onnxruntime/OrtSession')}
  0x0000017288187eb8: 7516 48bf | 208f 2ae9 | 7201 0000 | 808f 590c | 0000 01e9 | ee00 0000 

  0x0000017288187ed0: ;   {metadata('java/util/Map$Entry')}
  0x0000017288187ed0: 48bb 708f | 01a7 7201 | 0000 8b78 | 0849 ba00 | 0000 a772 | 0100 0049 | 03fa 483b | 5f20 0f84 
  0x0000017288187ef0: 1b00 0000 | 483b fb0f | 8412 0000 

  0x0000017288187efc: ;   {runtime_call slow_subtype_check Runtime1 stub}
  0x0000017288187efc: 0057 53e8 | 7c0c e706 | 5f5f 83ff | 000f 8493 

  0x0000017288187f0c: ;   {metadata(method data for {method} {0x00000172e8ed14f0} 'run' '(Ljava/util/Map;Ljava/util/Set;Ljava/util/Map;Lai/onnxruntime/OrtSession$RunOptions;)Lai/onnxruntime/OrtSession$Result;' in 'ai/onnxruntime/OrtSession')}
  0x0000017288187f0c: 0000 0048 | bf20 8f2a | e972 0100 | 008b 5808 | 49ba 0000 | 00a7 7201 | 0000 4903 | da48 3b9f 
  0x0000017288187f2c: 700c 0000 | 750d 4883 | 8778 0c00 | 0001 e97f | 0000 0048 | 3b9f 800c | 0000 750d | 4883 8788 
  0x0000017288187f4c: 0c00 0001 | e969 0000 | 0048 81bf | 700c 0000 | 0000 0000 | 7517 4889 | 9f70 0c00 | 0048 c787 
  0x0000017288187f6c: 780c 0000 | 0100 0000 | e945 0000 | 0048 81bf | 800c 0000 | 0000 0000 | 7517 4889 | 9f80 0c00 
  0x0000017288187f8c: 0048 c787 | 880c 0000 | 0100 0000 | e921 0000 | 00e9 1c00 

  0x0000017288187fa0: ;   {metadata(method data for {method} {0x00000172e8ed14f0} 'run' '(Ljava/util/Map;Ljava/util/Set;Ljava/util/Map;Lai/onnxruntime/OrtSession$RunOptions;)Lai/onnxruntime/OrtSession$Result;' in 'ai/onnxruntime/OrtSession')}
  0x0000017288187fa0: 0000 48bf | 208f 2ae9 | 7201 0000 | 4883 af60 | 0c00 0001 | e91a 2c00 | 00e9 0000 | 0000 488b 
  0x0000017288187fc0: f048 89b4 | 2488 0100 | 0048 8b94 | 24c8 0000 | 008b 7a30 | 48c1 e703 

  0x0000017288187fd8: ; implicit exception: dispatches to 0x000001728818abdc
  0x0000017288187fd8: 483b 0648 

  0x0000017288187fdc: ;   {metadata(method data for {method} {0x00000172e8ed14f0} 'run' '(Ljava/util/Map;Ljava/util/Set;Ljava/util/Map;Lai/onnxruntime/OrtSession$RunOptions;)Lai/onnxruntime/OrtSession$Result;' in 'ai/onnxruntime/OrtSession')}
  0x0000017288187fdc: 8bde 48b8 | 208f 2ae9 | 7201 0000 | 8b5b 0849 | ba00 0000 | a772 0100 | 0049 03da | 483b 98a8 
  0x0000017288187ffc: 0c00 0075 | 0d48 8380 | b00c 0000 | 01e9 6600 | 0000 483b | 98b8 0c00 | 0075 0d48 | 8380 c00c 
  0x000001728818801c: 0000 01e9 | 5000 0000 | 4881 b8a8 | 0c00 0000 | 0000 0075 | 1748 8998 | a80c 0000 | 48c7 80b0 
  0x000001728818803c: 0c00 0001 | 0000 00e9 | 2c00 0000 | 4881 b8b8 | 0c00 0000 | 0000 0075 | 1748 8998 | b80c 0000 
  0x000001728818805c: 48c7 80c0 | 0c00 0001 | 0000 00e9 | 0800 0000 | 4883 8098 | 0c00 0001 | 488b d648 | 89bc 2480 
  0x000001728818807c: 0100 0066 | 0f1f 4400 | 0048 b8ff | ffff ffff 

  0x000001728818808c: ;   {virtual_call}
  0x000001728818808c: ffff ffe8 

  0x0000017288188090: ; ImmutableOopMap {[224]=Oop [216]=Oop [232]=Oop [280]=Oop [288]=Oop [376]=Oop [344]=Oop [352]=Oop [360]=Oop [200]=Oop [392]=Oop [384]=Oop }
                      ;*invokeinterface getKey {reexecute=0 rethrow=0 return_oop=0}
                      ; - ai.onnxruntime.OrtSession::run@403 (line 392)
  0x0000017288188090: ec95 dc06 | 488b bc24 | 8001 0000 

  0x000001728818809c: ; implicit exception: dispatches to 0x000001728818abe1
  0x000001728818809c: 483b 074c 

  0x00000172881880a0: ;   {metadata(method data for {method} {0x00000172e8ed14f0} 'run' '(Ljava/util/Map;Ljava/util/Set;Ljava/util/Map;Lai/onnxruntime/OrtSession$RunOptions;)Lai/onnxruntime/OrtSession$Result;' in 'ai/onnxruntime/OrtSession')}
  0x00000172881880a0: 8bc7 48ba | 208f 2ae9 | 7201 0000 | 458b 4008 | 49ba 0000 | 00a7 7201 | 0000 4d03 | c24c 3b82 
  0x00000172881880c0: e00c 0000 | 750d 4883 | 82e8 0c00 | 0001 e966 | 0000 004c | 3b82 f00c | 0000 750d | 4883 82f8 
  0x00000172881880e0: 0c00 0001 | e950 0000 | 0048 81ba | e00c 0000 | 0000 0000 | 7517 4c89 | 82e0 0c00 | 0048 c782 
  0x0000017288188100: e80c 0000 | 0100 0000 | e92c 0000 | 0048 81ba | f00c 0000 | 0000 0000 | 7517 4c89 | 82f0 0c00 
  0x0000017288188120: 0048 c782 | f80c 0000 | 0100 0000 | e908 0000 | 0048 8382 | d00c 0000 | 014c 8bc0 | 488b d766 
  0x0000017288188140: 0f1f 4400 | 0048 b8ff | ffff ffff 

  0x000001728818814c: ;   {virtual_call}
  0x000001728818814c: ffff ffe8 

  0x0000017288188150: ; ImmutableOopMap {[224]=Oop [216]=Oop [232]=Oop [280]=Oop [288]=Oop [376]=Oop [344]=Oop [352]=Oop [360]=Oop [200]=Oop [392]=Oop }
                      ;*invokeinterface contains {reexecute=0 rethrow=0 return_oop=0}
                      ; - ai.onnxruntime.OrtSession::run@408 (line 392)
  0x0000017288188150: 2c95 dc06 

  0x0000017288188154: ;   {metadata(method data for {method} {0x00000172e8ed14f0} 'run' '(Ljava/util/Map;Ljava/util/Set;Ljava/util/Map;Lai/onnxruntime/OrtSession$RunOptions;)Lai/onnxruntime/OrtSession$Result;' in 'ai/onnxruntime/OrtSession')}
  0x0000017288188154: 83f8 0048 | ba20 8f2a | e972 0100 | 0048 c7c6 | 080d 0000 | 0f84 0700 | 0000 48c7 | c618 0d00 
  0x0000017288188174: 0048 8b3c | 3248 8d7f | 0148 893c | 320f 8495 | 0900 0048 | 8b94 2488 

  0x000001728818818c: ;   {metadata(method data for {method} {0x00000172e8ed14f0} 'run' '(Ljava/util/Map;Ljava/util/Set;Ljava/util/Map;Lai/onnxruntime/OrtSession$RunOptions;)Lai/onnxruntime/OrtSession$Result;' in 'ai/onnxruntime/OrtSession')}
  0x000001728818818c: 0100 0048 | b920 8f2a | e972 0100 | 008b 5208 | 49ba 0000 | 00a7 7201 | 0000 4903 | d248 3b91 
  0x00000172881881ac: 380d 0000 | 750d 4883 | 8140 0d00 | 0001 e966 | 0000 0048 | 3b91 480d | 0000 750d | 4883 8150 
  0x00000172881881cc: 0d00 0001 | e950 0000 | 0048 81b9 | 380d 0000 | 0000 0000 | 7517 4889 | 9138 0d00 | 0048 c781 
  0x00000172881881ec: 400d 0000 | 0100 0000 | e92c 0000 | 0048 81b9 | 480d 0000 | 0000 0000 | 7517 4889 | 9148 0d00 
  0x000001728818820c: 0048 c781 | 500d 0000 | 0100 0000 | e908 0000 | 0048 8381 | 280d 0000 | 0148 8b94 | 2488 0100 
  0x000001728818822c: 0048 b8ff | ffff ffff 

  0x0000017288188234: ;   {virtual_call}
  0x0000017288188234: ffff ffe8 

  0x0000017288188238: ; ImmutableOopMap {[224]=Oop [216]=Oop [232]=Oop [280]=Oop [288]=Oop [376]=Oop [200]=Oop [392]=Oop [360]=Oop [352]=Oop [344]=Oop }
                      ;*invokeinterface getKey {reexecute=0 rethrow=0 return_oop=0}
                      ; - ai.onnxruntime.OrtSession::run@422 (line 393)
  0x0000017288188238: 4494 dc06 | 4883 f800 

  0x0000017288188240: ;   {metadata(method data for {method} {0x00000172e8ed14f0} 'run' '(Ljava/util/Map;Ljava/util/Set;Ljava/util/Map;Lai/onnxruntime/OrtSession$RunOptions;)Lai/onnxruntime/OrtSession$Result;' in 'ai/onnxruntime/OrtSession')}
  0x0000017288188240: 7516 48bf | 208f 2ae9 | 7201 0000 | 808f 590d | 0000 01e9 | d200 0000 

  0x0000017288188258: ;   {metadata('java/lang/String')}
  0x0000017288188258: 48bb e0e9 | 00a7 7201 | 0000 8b70 | 0849 ba00 | 0000 a772 | 0100 0049 | 03f2 483b | de0f 8593 
  0x0000017288188278: ;   {metadata(method data for {method} {0x00000172e8ed14f0} 'run' '(Ljava/util/Map;Ljava/util/Set;Ljava/util/Map;Lai/onnxruntime/OrtSession$RunOptions;)Lai/onnxruntime/OrtSession$Result;' in 'ai/onnxruntime/OrtSession')}
  0x0000017288188278: 0000 0048 | bf20 8f2a | e972 0100 | 008b 5808 | 49ba 0000 | 00a7 7201 | 0000 4903 | da48 3b9f 
  0x0000017288188298: 700d 0000 | 750d 4883 | 8778 0d00 | 0001 e97f | 0000 0048 | 3b9f 800d | 0000 750d | 4883 8788 
  0x00000172881882b8: 0d00 0001 | e969 0000 | 0048 81bf | 700d 0000 | 0000 0000 | 7517 4889 | 9f70 0d00 | 0048 c787 
  0x00000172881882d8: 780d 0000 | 0100 0000 | e945 0000 | 0048 81bf | 800d 0000 | 0000 0000 | 7517 4889 | 9f80 0d00 
  0x00000172881882f8: 0048 c787 | 880d 0000 | 0100 0000 | e921 0000 | 00e9 1c00 

  0x000001728818830c: ;   {metadata(method data for {method} {0x00000172e8ed14f0} 'run' '(Ljava/util/Map;Ljava/util/Set;Ljava/util/Map;Lai/onnxruntime/OrtSession$RunOptions;)Lai/onnxruntime/OrtSession$Result;' in 'ai/onnxruntime/OrtSession')}
  0x000001728818830c: 0000 48bf | 208f 2ae9 | 7201 0000 | 4883 af60 | 0d00 0001 | e9c1 2800 | 00e9 0000 | 0000 488b 
  0x000001728818832c: d048 8b84 | 2458 0100 | 008b b424 | 7401 0000 | 3b70 0c0f | 83aa 2800 | 0048 83fa 

  0x0000017288188348: ;   {metadata(method data for {method} {0x00000172e8ed14f0} 'run' '(Ljava/util/Map;Ljava/util/Set;Ljava/util/Map;Lai/onnxruntime/OrtSession$RunOptions;)Lai/onnxruntime/OrtSession$Result;' in 'ai/onnxruntime/OrtSession')}
  0x0000017288188348: 0075 1648 | bb20 8f2a | e972 0100 | 0080 8b91 | 0d00 0001 | e9ff 0000 | 008b 7808 | 49ba 0000 
  0x0000017288188368: 00a7 7201 | 0000 4903 | fa8b 5a08 | 49ba 0000 | 00a7 7201 | 0000 4903 | da48 8bbf | e000 0000 
  0x0000017288188388: 483b df0f | 8428 0000 | 008b 4f14 | 483b 3c0b | 0f84 1b00 | 0000 83f9 | 200f 85a2 | 0000 0053 
  0x00000172881883a8: ;   {runtime_call slow_subtype_check Runtime1 stub}
  0x00000172881883a8: 57e8 d207 | e706 5b5f | 83ff 000f | 8490 0000 

  0x00000172881883b8: ;   {metadata(method data for {method} {0x00000172e8ed14f0} 'run' '(Ljava/util/Map;Ljava/util/Set;Ljava/util/Map;Lai/onnxruntime/OrtSession$RunOptions;)Lai/onnxruntime/OrtSession$Result;' in 'ai/onnxruntime/OrtSession')}
  0x00000172881883b8: 0048 bb20 | 8f2a e972 | 0100 008b | 7a08 49ba | 0000 00a7 | 7201 0000 | 4903 fa48 | 3bbb a80d 
  0x00000172881883d8: 0000 750d | 4883 83b0 | 0d00 0001 | e977 0000 | 0048 3bbb | b80d 0000 | 750d 4883 | 83c0 0d00 
  0x00000172881883f8: 0001 e961 | 0000 0048 | 81bb a80d | 0000 0000 | 0000 7517 | 4889 bba8 | 0d00 0048 | c783 b00d 
  0x0000017288188418: 0000 0100 | 0000 e93d | 0000 0048 | 81bb b80d | 0000 0000 | 0000 7517 | 4889 bbb8 | 0d00 0048 
  0x0000017288188438: c783 c00d | 0000 0100 | 0000 e919 | 0000 00eb 

  0x0000017288188448: ;   {metadata(method data for {method} {0x00000172e8ed14f0} 'run' '(Ljava/util/Map;Ljava/util/Set;Ljava/util/Map;Lai/onnxruntime/OrtSession$RunOptions;)Lai/onnxruntime/OrtSession$Result;' in 'ai/onnxruntime/OrtSession')}
  0x0000017288188448: 1748 bb20 | 8f2a e972 | 0100 0048 | 83ab 980d | 0000 01e9 | a227 0000 | 4863 fe48 | 8d7c b810 
  0x0000017288188468: 410f be5f | 3883 fb00 | 0f85 9527 | 0000 4c8b | d249 c1ea | 0344 8917 | 488b df48 | 33da 48c1 
  0x0000017288188488: eb16 4883 | fb00 0f85 | 9527 0000 | 488b 9424 | 8801 0000 

  0x000001728818849c: ;   {metadata(method data for {method} {0x00000172e8ed14f0} 'run' '(Ljava/util/Map;Ljava/util/Set;Ljava/util/Map;Lai/onnxruntime/OrtSession$RunOptions;)Lai/onnxruntime/OrtSession$Result;' in 'ai/onnxruntime/OrtSession')}
  0x000001728818849c: 48bf 208f | 2ae9 7201 | 0000 8b52 | 0849 ba00 | 0000 a772 | 0100 0049 | 03d2 483b | 97e0 0d00 
  0x00000172881884bc: 0075 0d48 | 8387 e80d | 0000 01e9 | 6600 0000 | 483b 97f0 | 0d00 0075 | 0d48 8387 | f80d 0000 
  0x00000172881884dc: 01e9 5000 | 0000 4881 | bfe0 0d00 | 0000 0000 | 0075 1748 | 8997 e00d | 0000 48c7 | 87e8 0d00 
  0x00000172881884fc: 0001 0000 | 00e9 2c00 | 0000 4881 | bff0 0d00 | 0000 0000 | 0075 1748 | 8997 f00d | 0000 48c7 
  0x000001728818851c: 87f8 0d00 | 0001 0000 | 00e9 0800 | 0000 4883 | 87d0 0d00 | 0001 488b | 9424 8801 | 0000 89b4 
  0x000001728818853c: 2474 0100 | 000f 1f40 | 0048 b8ff | ffff ffff 

  0x000001728818854c: ;   {virtual_call}
  0x000001728818854c: ffff ffe8 

  0x0000017288188550: ; ImmutableOopMap {[224]=Oop [216]=Oop [232]=Oop [280]=Oop [288]=Oop [376]=Oop [200]=Oop [392]=Oop [360]=Oop [352]=Oop [344]=Oop }
                      ;*invokeinterface getValue {reexecute=0 rethrow=0 return_oop=0}
                      ; - ai.onnxruntime.OrtSession::run@437 (line 394)
  0x0000017288188550: 2c91 dc06 | 4883 f800 

  0x0000017288188558: ;   {metadata(method data for {method} {0x00000172e8ed14f0} 'run' '(Ljava/util/Map;Ljava/util/Set;Ljava/util/Map;Lai/onnxruntime/OrtSession$RunOptions;)Lai/onnxruntime/OrtSession$Result;' in 'ai/onnxruntime/OrtSession')}
  0x0000017288188558: 7516 48bf | 208f 2ae9 | 7201 0000 | 808f 010e | 0000 01e9 | ee00 0000 

  0x0000017288188570: ;   {metadata('ai/onnxruntime/OnnxValue')}
  0x0000017288188570: 48bb 0862 | 29a8 7201 | 0000 8b78 | 0849 ba00 | 0000 a772 | 0100 0049 | 03fa 483b | 5f20 0f84 
  0x0000017288188590: 1b00 0000 | 483b fb0f | 8412 0000 

  0x000001728818859c: ;   {runtime_call slow_subtype_check Runtime1 stub}
  0x000001728818859c: 0057 53e8 | dc05 e706 | 5f5f 83ff | 000f 8493 

  0x00000172881885ac: ;   {metadata(method data for {method} {0x00000172e8ed14f0} 'run' '(Ljava/util/Map;Ljava/util/Set;Ljava/util/Map;Lai/onnxruntime/OrtSession$RunOptions;)Lai/onnxruntime/OrtSession$Result;' in 'ai/onnxruntime/OrtSession')}
  0x00000172881885ac: 0000 0048 | bf20 8f2a | e972 0100 | 008b 5808 | 49ba 0000 | 00a7 7201 | 0000 4903 | da48 3b9f 
  0x00000172881885cc: 180e 0000 | 750d 4883 | 8720 0e00 | 0001 e97f | 0000 0048 | 3b9f 280e | 0000 750d | 4883 8730 
  0x00000172881885ec: 0e00 0001 | e969 0000 | 0048 81bf | 180e 0000 | 0000 0000 | 7517 4889 | 9f18 0e00 | 0048 c787 
  0x000001728818860c: 200e 0000 | 0100 0000 | e945 0000 | 0048 81bf | 280e 0000 | 0000 0000 | 7517 4889 | 9f28 0e00 
  0x000001728818862c: 0048 c787 | 300e 0000 | 0100 0000 | e921 0000 | 00e9 1c00 

  0x0000017288188640: ;   {metadata(method data for {method} {0x00000172e8ed14f0} 'run' '(Ljava/util/Map;Ljava/util/Set;Ljava/util/Map;Lai/onnxruntime/OrtSession$RunOptions;)Lai/onnxruntime/OrtSession$Result;' in 'ai/onnxruntime/OrtSession')}
  0x0000017288188640: 0000 48bf | 208f 2ae9 | 7201 0000 | 4883 af08 | 0e00 0001 | e9e8 2500 | 00e9 0000 | 0000 488b 
  0x0000017288188660: d048 8b84 | 2460 0100 | 008b b424 | 7401 0000 | 3b70 0c0f | 83d1 2500 | 0048 83fa 

  0x000001728818867c: ;   {metadata(method data for {method} {0x00000172e8ed14f0} 'run' '(Ljava/util/Map;Ljava/util/Set;Ljava/util/Map;Lai/onnxruntime/OrtSession$RunOptions;)Lai/onnxruntime/OrtSession$Result;' in 'ai/onnxruntime/OrtSession')}
  0x000001728818867c: 0075 1648 | bb20 8f2a | e972 0100 | 0080 8b39 | 0e00 0001 | e9ff 0000 | 008b 7808 | 49ba 0000 
  0x000001728818869c: 00a7 7201 | 0000 4903 | fa8b 5a08 | 49ba 0000 | 00a7 7201 | 0000 4903 | da48 8bbf | e000 0000 
  0x00000172881886bc: 483b df0f | 8428 0000 | 008b 4f14 | 483b 3c0b | 0f84 1b00 | 0000 83f9 | 200f 85a2 | 0000 0053 
  0x00000172881886dc: ;   {runtime_call slow_subtype_check Runtime1 stub}
  0x00000172881886dc: 57e8 9e04 | e706 5b5f | 83ff 000f | 8490 0000 

  0x00000172881886ec: ;   {metadata(method data for {method} {0x00000172e8ed14f0} 'run' '(Ljava/util/Map;Ljava/util/Set;Ljava/util/Map;Lai/onnxruntime/OrtSession$RunOptions;)Lai/onnxruntime/OrtSession$Result;' in 'ai/onnxruntime/OrtSession')}
  0x00000172881886ec: 0048 bb20 | 8f2a e972 | 0100 008b | 7a08 49ba | 0000 00a7 | 7201 0000 | 4903 fa48 | 3bbb 500e 
  0x000001728818870c: 0000 750d | 4883 8358 | 0e00 0001 | e977 0000 | 0048 3bbb | 600e 0000 | 750d 4883 | 8368 0e00 
  0x000001728818872c: 0001 e961 | 0000 0048 | 81bb 500e | 0000 0000 | 0000 7517 | 4889 bb50 | 0e00 0048 | c783 580e 
  0x000001728818874c: 0000 0100 | 0000 e93d | 0000 0048 | 81bb 600e | 0000 0000 | 0000 7517 | 4889 bb60 | 0e00 0048 
  0x000001728818876c: c783 680e | 0000 0100 | 0000 e919 | 0000 00eb 

  0x000001728818877c: ;   {metadata(method data for {method} {0x00000172e8ed14f0} 'run' '(Ljava/util/Map;Ljava/util/Set;Ljava/util/Map;Lai/onnxruntime/OrtSession$RunOptions;)Lai/onnxruntime/OrtSession$Result;' in 'ai/onnxruntime/OrtSession')}
  0x000001728818877c: 1748 bb20 | 8f2a e972 | 0100 0048 | 83ab 400e | 0000 01e9 | c924 0000 | 4863 fe48 | 8d7c b810 
  0x000001728818879c: 410f be5f | 3883 fb00 | 0f85 bc24 | 0000 4c8b | d249 c1ea | 0344 8917 | 488b df48 | 33da 48c1 
  0x00000172881887bc: eb16 4883 | fb00 0f85 | bc24 0000 | 488b 9424 | 8801 0000 

  0x00000172881887d0: ;   {metadata(method data for {method} {0x00000172e8ed14f0} 'run' '(Ljava/util/Map;Ljava/util/Set;Ljava/util/Map;Lai/onnxruntime/OrtSession$RunOptions;)Lai/onnxruntime/OrtSession$Result;' in 'ai/onnxruntime/OrtSession')}
  0x00000172881887d0: 48bf 208f | 2ae9 7201 | 0000 8b52 | 0849 ba00 | 0000 a772 | 0100 0049 | 03d2 483b | 9788 0e00 
  0x00000172881887f0: 0075 0d48 | 8387 900e | 0000 01e9 | 6600 0000 | 483b 9798 | 0e00 0075 | 0d48 8387 | a00e 0000 
  0x0000017288188810: 01e9 5000 | 0000 4881 | bf88 0e00 | 0000 0000 | 0075 1748 | 8997 880e | 0000 48c7 | 8790 0e00 
  0x0000017288188830: 0001 0000 | 00e9 2c00 | 0000 4881 | bf98 0e00 | 0000 0000 | 0075 1748 | 8997 980e | 0000 48c7 
  0x0000017288188850: 87a0 0e00 | 0001 0000 | 00e9 0800 | 0000 4883 | 8778 0e00 | 0001 488b | 9424 8801 | 0000 89b4 
  0x0000017288188870: 2474 0100 | 0048 b8ff | ffff ffff 

  0x000001728818887c: ;   {virtual_call}
  0x000001728818887c: ffff ffe8 

  0x0000017288188880: ; ImmutableOopMap {[224]=Oop [216]=Oop [232]=Oop [280]=Oop [288]=Oop [376]=Oop [200]=Oop [360]=Oop [344]=Oop [352]=Oop }
                      ;*invokeinterface getValue {reexecute=0 rethrow=0 return_oop=0}
                      ; - ai.onnxruntime.OrtSession::run@452 (line 395)
  0x0000017288188880: fc8d dc06 | 4883 f800 

  0x0000017288188888: ;   {metadata(method data for {method} {0x00000172e8ed14f0} 'run' '(Ljava/util/Map;Ljava/util/Set;Ljava/util/Map;Lai/onnxruntime/OrtSession$RunOptions;)Lai/onnxruntime/OrtSession$Result;' in 'ai/onnxruntime/OrtSession')}
  0x0000017288188888: 7516 48bf | 208f 2ae9 | 7201 0000 | 808f a90e | 0000 01e9 | ee00 0000 

  0x00000172881888a0: ;   {metadata('ai/onnxruntime/OnnxValue')}
  0x00000172881888a0: 48bb 0862 | 29a8 7201 | 0000 8b78 | 0849 ba00 | 0000 a772 | 0100 0049 | 03fa 483b | 5f20 0f84 
  0x00000172881888c0: 1b00 0000 | 483b fb0f | 8412 0000 

  0x00000172881888cc: ;   {runtime_call slow_subtype_check Runtime1 stub}
  0x00000172881888cc: 0057 53e8 | ac02 e706 | 5f5f 83ff | 000f 8493 

  0x00000172881888dc: ;   {metadata(method data for {method} {0x00000172e8ed14f0} 'run' '(Ljava/util/Map;Ljava/util/Set;Ljava/util/Map;Lai/onnxruntime/OrtSession$RunOptions;)Lai/onnxruntime/OrtSession$Result;' in 'ai/onnxruntime/OrtSession')}
  0x00000172881888dc: 0000 0048 | bf20 8f2a | e972 0100 | 008b 5808 | 49ba 0000 | 00a7 7201 | 0000 4903 | da48 3b9f 
  0x00000172881888fc: c00e 0000 | 750d 4883 | 87c8 0e00 | 0001 e97f | 0000 0048 | 3b9f d00e | 0000 750d | 4883 87d8 
  0x000001728818891c: 0e00 0001 | e969 0000 | 0048 81bf | c00e 0000 | 0000 0000 | 7517 4889 | 9fc0 0e00 | 0048 c787 
  0x000001728818893c: c80e 0000 | 0100 0000 | e945 0000 | 0048 81bf | d00e 0000 | 0000 0000 | 7517 4889 | 9fd0 0e00 
  0x000001728818895c: 0048 c787 | d80e 0000 | 0100 0000 | e921 0000 | 00e9 1c00 

  0x0000017288188970: ;   {metadata(method data for {method} {0x00000172e8ed14f0} 'run' '(Ljava/util/Map;Ljava/util/Set;Ljava/util/Map;Lai/onnxruntime/OrtSession$RunOptions;)Lai/onnxruntime/OrtSession$Result;' in 'ai/onnxruntime/OrtSession')}
  0x0000017288188970: 0000 48bf | 208f 2ae9 | 7201 0000 | 4883 afb0 | 0e00 0001 | e913 2300 | 00e9 0000 | 0000 488b 
  0x0000017288188990: ;   {metadata(method data for {method} {0x00000172e8ed14f0} 'run' '(Ljava/util/Map;Ljava/util/Set;Ljava/util/Map;Lai/onnxruntime/OrtSession$RunOptions;)Lai/onnxruntime/OrtSession$Result;' in 'ai/onnxruntime/OrtSession')}
  0x0000017288188990: d048 be20 | 8f2a e972 | 0100 0048 | 8386 e80e | 0000 010f 

  0x00000172881889a4: ;   {static_call}
  0x00000172881889a4: 1f40 00e8 

  0x00000172881889a8: ; ImmutableOopMap {[224]=Oop [216]=Oop [232]=Oop [280]=Oop [288]=Oop [376]=Oop [200]=Oop [360]=Oop [344]=Oop [352]=Oop }
                      ;*invokestatic getHandle {reexecute=0 rethrow=0 return_oop=0}
                      ; - ai.onnxruntime.OrtSession::run@460 (line 395)
  0x00000172881889a8: d48f dc06 | 488b bc24 | 6801 0000 | 8bb4 2474 | 0100 003b | 770c 0f83 | e122 0000 | 4863 d648 
  0x00000172881889c8: 8944 d710 

  0x00000172881889cc: ;   {metadata(method data for {method} {0x00000172e8ed14f0} 'run' '(Ljava/util/Map;Ljava/util/Set;Ljava/util/Map;Lai/onnxruntime/OrtSession$RunOptions;)Lai/onnxruntime/OrtSession$Result;' in 'ai/onnxruntime/OrtSession')}
  0x00000172881889cc: ffc6 48ba | 208f 2ae9 | 7201 0000 | ff82 f80e 

  0x00000172881889dc: ;   {metadata(method data for {method} {0x00000172e8ed14f0} 'run' '(Ljava/util/Map;Ljava/util/Set;Ljava/util/Map;Lai/onnxruntime/OrtSession$RunOptions;)Lai/onnxruntime/OrtSession$Result;' in 'ai/onnxruntime/OrtSession')}
  0x00000172881889dc: 0000 48ba | 208f 2ae9 | 7201 0000 | 8b82 d000 | 0000 83c0 | 0289 82d0 | 0000 0081 | e0fe 3f00 
  0x00000172881889fc: 0083 f800 | 0f84 ad22 | 0000 4d8b | 9750 0300 

  0x0000017288188a0c: ; ImmutableOopMap {[224]=Oop [216]=Oop [232]=Oop [280]=Oop [288]=Oop [376]=Oop [200]=Oop [344]=Oop [352]=Oop rdi=Oop [360]=Oop }
                      ;*goto {reexecute=1 rethrow=0 return_oop=0}
                      ; - (reexecute) ai.onnxruntime.OrtSession::run@521 (line 401)
                      ;   {poll}
  0x0000017288188a0c: 0041 8502 

  0x0000017288188a10: ;   {metadata(method data for {method} {0x00000172e8ed14f0} 'run' '(Ljava/util/Map;Ljava/util/Set;Ljava/util/Map;Lai/onnxruntime/OrtSession$RunOptions;)Lai/onnxruntime/OrtSession$Result;' in 'ai/onnxruntime/OrtSession')}
  0x0000017288188a10: 48ba 208f | 2ae9 7201 | 0000 ff82 | f010 0000 | 89b4 2474 | 0100 0048 | 8b84 2478 | 0100 0048 
  0x0000017288188a30: 3b00 4c8b 

  0x0000017288188a34: ;   {metadata(method data for {method} {0x00000172e8ed14f0} 'run' '(Ljava/util/Map;Ljava/util/Set;Ljava/util/Map;Lai/onnxruntime/OrtSession$RunOptions;)Lai/onnxruntime/OrtSession$Result;' in 'ai/onnxruntime/OrtSession')}
  0x0000017288188a34: c049 b920 | 8f2a e972 | 0100 0045 | 8b40 0849 | ba00 0000 | a772 0100 | 004d 03c2 | 4d3b 81e0 
  0x0000017288188a54: 0b00 0075 | 0d49 8381 | e80b 0000 | 01e9 6600 | 0000 4d3b | 81f0 0b00 | 0075 0d49 | 8381 f80b 
  0x0000017288188a74: 0000 01e9 | 5000 0000 | 4981 b9e0 | 0b00 0000 | 0000 0075 | 174d 8981 | e00b 0000 | 49c7 81e8 
  0x0000017288188a94: 0b00 0001 | 0000 00e9 | 2c00 0000 | 4981 b9f0 | 0b00 0000 | 0000 0075 | 174d 8981 | f00b 0000 
  0x0000017288188ab4: 49c7 81f8 | 0b00 0001 | 0000 00e9 | 0800 0000 | 4983 81d0 | 0b00 0001 | 488b d066 | 0f1f 4400 
  0x0000017288188ad4: 0048 b8d0 | 121d a772 

  0x0000017288188adc: ;   {virtual_call}
  0x0000017288188adc: 0100 00e8 

  0x0000017288188ae0: ; ImmutableOopMap {[224]=Oop [216]=Oop [232]=Oop [280]=Oop [288]=Oop [376]=Oop [200]=Oop [344]=Oop [352]=Oop [360]=Oop }
                      ;*invokeinterface hasNext {reexecute=0 rethrow=0 return_oop=0}
                      ; - ai.onnxruntime.OrtSession::run@377 (line 391)
  0x0000017288188ae0: 3cd7 5807 

  0x0000017288188ae4: ;   {metadata(method data for {method} {0x00000172e8ed14f0} 'run' '(Ljava/util/Map;Ljava/util/Set;Ljava/util/Map;Lai/onnxruntime/OrtSession$RunOptions;)Lai/onnxruntime/OrtSession$Result;' in 'ai/onnxruntime/OrtSession')}
  0x0000017288188ae4: 83f8 0048 | ba20 8f2a | e972 0100 | 0048 c7c6 | 080c 0000 | 0f84 0700 | 0000 48c7 | c618 0c00 
  0x0000017288188b04: 0048 8b3c | 3248 8d7f | 0148 893c | 320f 8412 | 0700 00e9 | dcf2 ffff | 0f1f 4000 

  0x0000017288188b20: ;   {no_reloc}
  0x0000017288188b20: e9c3 2100 | 0000 0000 | 0000 80ba | 3301 0000 | 040f 85c0 | 2100 0049 | 8b87 0801 | 0000 488d 
  0x0000017288188b40: 7828 493b | bf18 0100 | 000f 87a8 | 2100 0049 | 89bf 0801 | 0000 48c7 | 0001 0000 | 0048 8bca 
  0x0000017288188b60: 49ba 0000 | 00a7 7201 | 0000 492b | ca89 4808 | 4833 c989 | 480c 4833 | c948 8948 | 1048 8948 
  0x0000017288188b80: 1848 8948 | 2048 8984 | 2498 0100 | 0066 6690 

  0x0000017288188b90: ;   {no_reloc}
  0x0000017288188b90: e97e 2100 | 0000 0000 | 0000 498b | 8708 0100 | 0048 8d78 | 1849 3bbf | 1801 0000 | 0f87 6b21 
  0x0000017288188bb0: 0000 4989 | bf08 0100 | 0048 c700 | 0100 0000 | 488b ca49 | ba00 0000 | a772 0100 | 0049 2bca 
  0x0000017288188bd0: 8948 0848 | 33c9 8948 | 0c48 33c9 | 4889 4810 

  0x0000017288188be0: ;   {metadata(method data for {method} {0x00000172e8ed14f0} 'run' '(Ljava/util/Map;Ljava/util/Set;Ljava/util/Map;Lai/onnxruntime/OrtSession$RunOptions;)Lai/onnxruntime/OrtSession$Result;' in 'ai/onnxruntime/OrtSession')}
  0x0000017288188be0: 4c8b c048 | ba20 8f2a | e972 0100 | 0048 8382 | 100f 0000 

  0x0000017288188bf4: ;   {metadata(method data for {method} {0x00000172a741f118} '<init>' '()V' in 'java/lang/StringBuilder')}
  0x0000017288188bf4: 0149 b8a0 | 3903 e872 | 0100 0041 | 8b90 cc00 | 0000 83c2 | 0241 8990 | cc00 0000 | 81e2 feff 
  0x0000017288188c14: 1f00 83fa | 000f 840b | 2100 004c 

  0x0000017288188c20: ;   {metadata(method data for {method} {0x00000172a741f118} '<init>' '()V' in 'java/lang/StringBuilder')}
  0x0000017288188c20: 8bc0 48ba | a039 03e8 | 7201 0000 | 4883 8210 | 0100 0001 | 41b8 1000 | 0000 488b | d048 8984 
  0x0000017288188c40: 2490 0100 

  0x0000017288188c44: ;   {optimized virtual_call}
  0x0000017288188c44: 0066 90e8 

  0x0000017288188c48: ; ImmutableOopMap {[400]=Oop [200]=Oop [408]=Oop [392]=Oop }
                      ;*invokespecial <init> {reexecute=0 rethrow=0 return_oop=0}
                      ; - java.lang.StringBuilder::<init>@3 (line 106)
                      ; - ai.onnxruntime.OrtSession::run@478 (line 398)
  0x0000017288188c48: 3487 dc06 | 488b 8424 | 9001 0000 

  0x0000017288188c54: ;   {metadata(method data for {method} {0x00000172e8ed14f0} 'run' '(Ljava/util/Map;Ljava/util/Set;Ljava/util/Map;Lai/onnxruntime/OrtSession$RunOptions;)Lai/onnxruntime/OrtSession$Result;' in 'ai/onnxruntime/OrtSession')}
  0x0000017288188c54: 49b8 208f | 2ae9 7201 | 0000 4983 | 8020 0f00 

  0x0000017288188c64: ;   {metadata(method data for {method} {0x00000172a741f850} 'append' '(Ljava/lang/String;)Ljava/lang/StringBuilder;' in 'java/lang/StringBuilder')}
  0x0000017288188c64: 0001 49b8 | f040 03e8 | 7201 0000 | 418b 90cc | 0000 0083 | c202 4189 | 90cc 0000 | 0081 e2fe 
  0x0000017288188c84: ff1f 0083 | fa00 0f84 | bb20 0000 | 488b 8424 | 9001 0000 

  0x0000017288188c98: ;   {metadata(method data for {method} {0x00000172a741f850} 'append' '(Ljava/lang/String;)Ljava/lang/StringBuilder;' in 'java/lang/StringBuilder')}
  0x0000017288188c98: 49b8 f040 | 03e8 7201 | 0000 4983 | 8010 0100 

  0x0000017288188ca8: ;   {oop("Unknown output name "{0x0000000644a9a6b8})}
  0x0000017288188ca8: 0001 49b8 | b8a6 a944 | 0600 0000 | 488b 9424 | 9001 0000 

  0x0000017288188cbc: ;   {optimized virtual_call}
  0x0000017288188cbc: 6666 90e8 

  0x0000017288188cc0: ; ImmutableOopMap {[400]=Oop [200]=Oop [408]=Oop [392]=Oop }
                      ;*invokespecial append {reexecute=0 rethrow=0 return_oop=0}
                      ; - java.lang.StringBuilder::append@2 (line 179)
                      ; - ai.onnxruntime.OrtSession::run@483 (line 398)
  0x0000017288188cc0: bc86 dc06 | 488b b424 | 8801 0000 

  0x0000017288188ccc: ;   {metadata(method data for {method} {0x00000172e8ed14f0} 'run' '(Ljava/util/Map;Ljava/util/Set;Ljava/util/Map;Lai/onnxruntime/OrtSession$RunOptions;)Lai/onnxruntime/OrtSession$Result;' in 'ai/onnxruntime/OrtSession')}
  0x0000017288188ccc: 48ba 208f | 2ae9 7201 | 0000 8b76 | 0849 ba00 | 0000 a772 | 0100 0049 | 03f2 483b | b268 0f00 
  0x0000017288188cec: 0075 0d48 | 8382 700f | 0000 01e9 | 6600 0000 | 483b b278 | 0f00 0075 | 0d48 8382 | 800f 0000 
  0x0000017288188d0c: 01e9 5000 | 0000 4881 | ba68 0f00 | 0000 0000 | 0075 1748 | 89b2 680f | 0000 48c7 | 8270 0f00 
  0x0000017288188d2c: 0001 0000 | 00e9 2c00 | 0000 4881 | ba78 0f00 | 0000 0000 | 0075 1748 | 89b2 780f | 0000 48c7 
  0x0000017288188d4c: 8280 0f00 | 0001 0000 | 00e9 0800 | 0000 4883 | 8258 0f00 | 0001 488b | 9424 8801 | 0000 6666 
  0x0000017288188d6c: 9048 b8ff | ffff ffff 

  0x0000017288188d74: ;   {virtual_call}
  0x0000017288188d74: ffff ffe8 

  0x0000017288188d78: ; ImmutableOopMap {[400]=Oop [200]=Oop [408]=Oop }
                      ;*invokeinterface getKey {reexecute=0 rethrow=0 return_oop=0}
                      ; - ai.onnxruntime.OrtSession::run@488 (line 399)
  0x0000017288188d78: 0489 dc06 | 4883 f800 

  0x0000017288188d80: ;   {metadata(method data for {method} {0x00000172e8ed14f0} 'run' '(Ljava/util/Map;Ljava/util/Set;Ljava/util/Map;Lai/onnxruntime/OrtSession$RunOptions;)Lai/onnxruntime/OrtSession$Result;' in 'ai/onnxruntime/OrtSession')}
  0x0000017288188d80: 7516 48be | 208f 2ae9 | 7201 0000 | 808e 890f | 0000 01e9 | d200 0000 

  0x0000017288188d98: ;   {metadata('java/lang/String')}
  0x0000017288188d98: 48bf e0e9 | 00a7 7201 | 0000 8b50 | 0849 ba00 | 0000 a772 | 0100 0049 | 03d2 483b | fa0f 8593 
  0x0000017288188db8: ;   {metadata(method data for {method} {0x00000172e8ed14f0} 'run' '(Ljava/util/Map;Ljava/util/Set;Ljava/util/Map;Lai/onnxruntime/OrtSession$RunOptions;)Lai/onnxruntime/OrtSession$Result;' in 'ai/onnxruntime/OrtSession')}
  0x0000017288188db8: 0000 0048 | be20 8f2a | e972 0100 | 008b 7808 | 49ba 0000 | 00a7 7201 | 0000 4903 | fa48 3bbe 
  0x0000017288188dd8: a00f 0000 | 750d 4883 | 86a8 0f00 | 0001 e97f | 0000 0048 | 3bbe b00f | 0000 750d | 4883 86b8 
  0x0000017288188df8: 0f00 0001 | e969 0000 | 0048 81be | a00f 0000 | 0000 0000 | 7517 4889 | bea0 0f00 | 0048 c786 
  0x0000017288188e18: a80f 0000 | 0100 0000 | e945 0000 | 0048 81be | b00f 0000 | 0000 0000 | 7517 4889 | beb0 0f00 
  0x0000017288188e38: 0048 c786 | b80f 0000 | 0100 0000 | e921 0000 | 00e9 1c00 

  0x0000017288188e4c: ;   {metadata(method data for {method} {0x00000172e8ed14f0} 'run' '(Ljava/util/Map;Ljava/util/Set;Ljava/util/Map;Lai/onnxruntime/OrtSession$RunOptions;)Lai/onnxruntime/OrtSession$Result;' in 'ai/onnxruntime/OrtSession')}
  0x0000017288188e4c: 0000 48be | 208f 2ae9 | 7201 0000 | 4883 ae90 | 0f00 0001 | e907 1f00 | 00e9 0000 | 0000 4c8b 
  0x0000017288188e6c: c048 8b84 | 2490 0100 

  0x0000017288188e74: ;   {metadata(method data for {method} {0x00000172e8ed14f0} 'run' '(Ljava/util/Map;Ljava/util/Set;Ljava/util/Map;Lai/onnxruntime/OrtSession$RunOptions;)Lai/onnxruntime/OrtSession$Result;' in 'ai/onnxruntime/OrtSession')}
  0x0000017288188e74: 0048 ba20 | 8f2a e972 | 0100 0048 | 8382 c80f 

  0x0000017288188e84: ;   {metadata(method data for {method} {0x00000172a741f850} 'append' '(Ljava/lang/String;)Ljava/lang/StringBuilder;' in 'java/lang/StringBuilder')}
  0x0000017288188e84: 0000 0148 | baf0 4003 | e872 0100 | 008b b2cc | 0000 0083 | c602 89b2 | cc00 0000 | 81e6 feff 
  0x0000017288188ea4: 1f00 83fe | 000f 84c6 | 1e00 0048 | 8b84 2490 

  0x0000017288188eb4: ;   {metadata(method data for {method} {0x00000172a741f850} 'append' '(Ljava/lang/String;)Ljava/lang/StringBuilder;' in 'java/lang/StringBuilder')}
  0x0000017288188eb4: 0100 0048 | baf0 4003 | e872 0100 | 0048 8382 | 1001 0000 | 0148 8b94 | 2490 0100 | 0066 0f1f 
  0x0000017288188ed4: ;   {optimized virtual_call}
  0x0000017288188ed4: 4400 00e8 

  0x0000017288188ed8: ; ImmutableOopMap {[400]=Oop [200]=Oop [408]=Oop }
                      ;*invokespecial append {reexecute=0 rethrow=0 return_oop=0}
                      ; - java.lang.StringBuilder::append@2 (line 179)
                      ; - ai.onnxruntime.OrtSession::run@496 (line 399)
  0x0000017288188ed8: a484 dc06 | 488b 8424 | 9001 0000 

  0x0000017288188ee4: ;   {metadata(method data for {method} {0x00000172e8ed14f0} 'run' '(Ljava/util/Map;Ljava/util/Set;Ljava/util/Map;Lai/onnxruntime/OrtSession$RunOptions;)Lai/onnxruntime/OrtSession$Result;' in 'ai/onnxruntime/OrtSession')}
  0x0000017288188ee4: 49b8 208f | 2ae9 7201 | 0000 4983 | 8000 1000 

  0x0000017288188ef4: ;   {metadata(method data for {method} {0x00000172a741f850} 'append' '(Ljava/lang/String;)Ljava/lang/StringBuilder;' in 'java/lang/StringBuilder')}
  0x0000017288188ef4: 0001 49b8 | f040 03e8 | 7201 0000 | 418b 90cc | 0000 0083 | c202 4189 | 90cc 0000 | 0081 e2fe 
  0x0000017288188f14: ff1f 0083 | fa00 0f84 | 761e 0000 | 488b 8424 | 9001 0000 

  0x0000017288188f28: ;   {metadata(method data for {method} {0x00000172a741f850} 'append' '(Ljava/lang/String;)Ljava/lang/StringBuilder;' in 'java/lang/StringBuilder')}
  0x0000017288188f28: 49b8 f040 | 03e8 7201 | 0000 4983 | 8010 0100 

  0x0000017288188f38: ;   {oop(", expected one of "{0x0000000644a9a6a0})}
  0x0000017288188f38: 0001 49b8 | a0a6 a944 | 0600 0000 | 488b 9424 | 9001 0000 

  0x0000017288188f4c: ;   {optimized virtual_call}
  0x0000017288188f4c: 6666 90e8 

  0x0000017288188f50: ; ImmutableOopMap {[400]=Oop [200]=Oop [408]=Oop }
                      ;*invokespecial append {reexecute=0 rethrow=0 return_oop=0}
                      ; - java.lang.StringBuilder::append@2 (line 179)
                      ; - ai.onnxruntime.OrtSession::run@501 (line 399)
  0x0000017288188f50: 2c84 dc06 | 488b 9424 | c800 0000 | 8b52 3048 | c1e2 0348 | 3b02 488b 

  0x0000017288188f68: ;   {metadata(method data for {method} {0x00000172e8ed14f0} 'run' '(Ljava/util/Map;Ljava/util/Set;Ljava/util/Map;Lai/onnxruntime/OrtSession$RunOptions;)Lai/onnxruntime/OrtSession$Result;' in 'ai/onnxruntime/OrtSession')}
  0x0000017288188f68: f248 bf20 | 8f2a e972 | 0100 008b | 7608 49ba | 0000 00a7 | 7201 0000 | 4903 f248 | 3bb7 4810 
  0x0000017288188f88: 0000 750d | 4883 8750 | 1000 0001 | e966 0000 | 0048 3bb7 | 5810 0000 | 750d 4883 | 8760 1000 
  0x0000017288188fa8: 0001 e950 | 0000 0048 | 81bf 4810 | 0000 0000 | 0000 7517 | 4889 b748 | 1000 0048 | c787 5010 
  0x0000017288188fc8: 0000 0100 | 0000 e92c | 0000 0048 | 81bf 5810 | 0000 0000 | 0000 7517 | 4889 b758 | 1000 0048 
  0x0000017288188fe8: c787 6010 | 0000 0100 | 0000 e908 | 0000 0048 | 8387 3810 | 0000 0166 | 0f1f 4400 | 0048 b8ff 
  0x0000017288189008: ffff ffff 

  0x000001728818900c: ;   {virtual_call}
  0x000001728818900c: ffff ffe8 

  0x0000017288189010: ; ImmutableOopMap {[400]=Oop [408]=Oop }
                      ;*invokevirtual toString {reexecute=0 rethrow=0 return_oop=0}
                      ; - ai.onnxruntime.OrtSession::run@508 (line 399)
  0x0000017288189010: 6c86 dc06 | 4c8b 8424 | 9001 0000 

  0x000001728818901c: ;   {metadata(method data for {method} {0x00000172e8ed14f0} 'run' '(Ljava/util/Map;Ljava/util/Set;Ljava/util/Map;Lai/onnxruntime/OrtSession$RunOptions;)Lai/onnxruntime/OrtSession$Result;' in 'ai/onnxruntime/OrtSession')}
  0x000001728818901c: 48ba 208f | 2ae9 7201 | 0000 4883 | 8270 1000 

  0x000001728818902c: ;   {metadata(method data for {method} {0x00000172a741f850} 'append' '(Ljava/lang/String;)Ljava/lang/StringBuilder;' in 'java/lang/StringBuilder')}
  0x000001728818902c: 0001 49b8 | f040 03e8 | 7201 0000 | 418b 90cc | 0000 0083 | c202 4189 | 90cc 0000 | 0081 e2fe 
  0x000001728818904c: ff1f 0083 | fa00 0f84 | 641d 0000 | 4c8b 8424 | 9001 0000 

  0x0000017288189060: ;   {metadata(method data for {method} {0x00000172a741f850} 'append' '(Ljava/lang/String;)Ljava/lang/StringBuilder;' in 'java/lang/StringBuilder')}
  0x0000017288189060: 48ba f040 | 03e8 7201 | 0000 4883 | 8210 0100 | 0001 4c8b | c048 8b94 | 2490 0100 

  0x000001728818907c: ;   {optimized virtual_call}
  0x000001728818907c: 0066 90e8 

  0x0000017288189080: ; ImmutableOopMap {[400]=Oop [408]=Oop }
                      ;*invokespecial append {reexecute=0 rethrow=0 return_oop=0}
                      ; - java.lang.StringBuilder::append@2 (line 179)
                      ; - ai.onnxruntime.OrtSession::run@511 (line 399)
  0x0000017288189080: fc82 dc06 | 488b 8424 | 9001 0000 

  0x000001728818908c: ;   {metadata(method data for {method} {0x00000172e8ed14f0} 'run' '(Ljava/util/Map;Ljava/util/Set;Ljava/util/Map;Lai/onnxruntime/OrtSession$RunOptions;)Lai/onnxruntime/OrtSession$Result;' in 'ai/onnxruntime/OrtSession')}
  0x000001728818908c: 48ba 208f | 2ae9 7201 | 0000 4883 | 82a8 1000 

  0x000001728818909c: ;   {metadata(method data for {method} {0x00000172a741f170} 'toString' '()Ljava/lang/String;' in 'java/lang/StringBuilder')}
  0x000001728818909c: 0001 48ba | 9844 03e8 | 7201 0000 | 448b 82cc | 0000 0041 | 83c0 0244 | 8982 cc00 | 0000 4181 
  0x00000172881890bc: e0fe ff1f | 0041 83f8 | 000f 8412 | 1d00 0048 | 8b84 2490 

  0x00000172881890d0: ;   {metadata(method data for {method} {0x00000172a741f170} 'toString' '()Ljava/lang/String;' in 'java/lang/StringBuilder')}
  0x00000172881890d0: 0100 0048 | ba98 4403 | e872 0100 | 0048 8382 | 1001 0000 

  0x00000172881890e4: ;   {metadata(method data for {method} {0x00000172a705d7b8} 'isLatin1' '()Z' in 'java/lang/AbstractStringBuilder')}
  0x00000172881890e4: 0148 ba08 | 2902 e872 | 0100 0044 | 8b82 cc00 | 0000 4183 | c002 4489 | 82cc 0000 | 0041 81e0 
  0x0000017288189104: feff 1f00 | 4183 f800 | 0f84 ec1c 

  0x0000017288189110: ;   {metadata(method data for {method} {0x00000172a705d7b8} 'isLatin1' '()Z' in 'java/lang/AbstractStringBuilder')}
  0x0000017288189110: 0000 48ba | 0829 02e8 | 7201 0000 | ff82 2001 | 0000 488b | 8424 9001 | 0000 0fbe | 5010 83fa 
  0x0000017288189130: ;   {metadata(method data for {method} {0x00000172a705d7b8} 'isLatin1' '()Z' in 'java/lang/AbstractStringBuilder')}
  0x0000017288189130: 0048 ba08 | 2902 e872 | 0100 0049 | c7c0 3001 | 0000 0f85 | 0700 0000 | 49c7 c040 | 0100 004e 
  0x0000017288189150: 8b0c 024d | 8d49 014e | 890c 020f | 851a 0000 

  0x0000017288189160: ;   {metadata(method data for {method} {0x00000172a705d7b8} 'isLatin1' '()Z' in 'java/lang/AbstractStringBuilder')}
  0x0000017288189160: 0048 ba08 | 2902 e872 | 0100 00ff | 8250 0100 | 00ba 0100 | 0000 e905 | 0000 00ba | 0000 0000 
  0x0000017288189180: 83e2 0183 

  0x0000017288189184: ;   {metadata(method data for {method} {0x00000172a741f170} 'toString' '()Ljava/lang/String;' in 'java/lang/StringBuilder')}
  0x0000017288189184: fa00 48ba | 9844 03e8 | 7201 0000 | 49c7 c048 | 0100 000f | 8407 0000 | 0049 c7c0 | 5801 0000 
  0x00000172881891a4: 4e8b 0c02 | 4d8d 4901 | 4e89 0c02 | 0f84 4300 | 0000 8b50 | 1448 c1e2 | 0344 8b48 

  0x00000172881891c0: ;   {metadata(method data for {method} {0x00000172a741f170} 'toString' '()Ljava/lang/String;' in 'java/lang/StringBuilder')}
  0x00000172881891c0: 0c49 b898 | 4403 e872 | 0100 0049 | 8380 6801 | 0000 0141 | b800 0000 | 0066 0f1f 

  0x00000172881891dc: ;   {static_call}
  0x00000172881891dc: 4400 00e8 

  0x00000172881891e0: ; ImmutableOopMap {[408]=Oop }
                      ;*invokestatic newString {reexecute=0 rethrow=0 return_oop=0}
                      ; - java.lang.StringBuilder::toString@16 (line 453)
                      ; - ai.onnxruntime.OrtSession::run@514 (line 399)
  0x00000172881891e0: 9c87 dc06 

  0x00000172881891e4: ;   {metadata(method data for {method} {0x00000172a741f170} 'toString' '()Ljava/lang/String;' in 'java/lang/StringBuilder')}
  0x00000172881891e4: 48ba 9844 | 03e8 7201 | 0000 ff82 | 7801 0000 | e988 1300 | 008b 5014 | 48c1 e203 | 448b 480c 
  0x0000017288189204: ;   {metadata(method data for {method} {0x00000172a741f170} 'toString' '()Ljava/lang/String;' in 'java/lang/StringBuilder')}
  0x0000017288189204: 49b8 9844 | 03e8 7201 | 0000 4983 | 8090 0100 | 0001 41b8 | 0000 0000 

  0x000001728818921c: ;   {static_call}
  0x000001728818921c: 6666 90e8 

  0x0000017288189220: ; ImmutableOopMap {[408]=Oop }
                      ;*invokestatic newString {reexecute=0 rethrow=0 return_oop=0}
                      ; - java.lang.StringBuilder::toString@31 (line 454)
                      ; - ai.onnxruntime.OrtSession::run@514 (line 399)
  0x0000017288189220: 5c87 dc06 | e958 1300 | 004c 8b8c | 24d8 0000 | 0049 8bf9 

  0x0000017288189234: ;   {metadata(method data for {method} {0x00000172e8ed14f0} 'run' '(Ljava/util/Map;Ljava/util/Set;Ljava/util/Map;Lai/onnxruntime/OrtSession$RunOptions;)Lai/onnxruntime/OrtSession$Result;' in 'ai/onnxruntime/OrtSession')}
  0x0000017288189234: 48bb 208f | 2ae9 7201 | 0000 8b7f | 0849 ba00 | 0000 a772 | 0100 0049 | 03fa 483b | bb18 1100 
  0x0000017288189254: 0075 0d48 | 8383 2011 | 0000 01e9 | 6600 0000 | 483b bb28 | 1100 0075 | 0d48 8383 | 3011 0000 
  0x0000017288189274: 01e9 5000 | 0000 4881 | bb18 1100 | 0000 0000 | 0075 1748 | 89bb 1811 | 0000 48c7 | 8320 1100 
  0x0000017288189294: 0001 0000 | 00e9 2c00 | 0000 4881 | bb28 1100 | 0000 0000 | 0075 1748 | 89bb 2811 | 0000 48c7 
  0x00000172881892b4: 8330 1100 | 0001 0000 | 00e9 0800 | 0000 4883 | 8308 1100 | 0001 498b | d148 b820 | ad0e a772 
  0x00000172881892d4: ;   {virtual_call}
  0x00000172881892d4: 0100 00e8 

  0x00000172881892d8: ; ImmutableOopMap {[224]=Oop [232]=Oop [280]=Oop [288]=Oop [344]=Oop [352]=Oop [360]=Oop [200]=Oop }
                      ;*invokeinterface iterator {reexecute=0 rethrow=0 return_oop=0}
                      ; - ai.onnxruntime.OrtSession::run@525 (line 402)
  0x00000172881892d8: e481 9aff | 4889 8424 | a001 0000 | 8bb4 2474 | 0100 0089 | b424 a801 | 0000 e972 | 0500 0090 
  0x00000172881892f8: 488b 8424 | a001 0000 

  0x0000017288189300: ;   {metadata(method data for {method} {0x00000172e8ed14f0} 'run' '(Ljava/util/Map;Ljava/util/Set;Ljava/util/Map;Lai/onnxruntime/OrtSession$RunOptions;)Lai/onnxruntime/OrtSession$Result;' in 'ai/onnxruntime/OrtSession')}
  0x0000017288189300: 48be 208f | 2ae9 7201 | 0000 8b40 | 0849 ba00 | 0000 a772 | 0100 0049 | 03c2 483b | 86a8 1100 
  0x0000017288189320: 0075 0d48 | 8386 b011 | 0000 01e9 | 6600 0000 | 483b 86b8 | 1100 0075 | 0d48 8386 | c011 0000 
  0x0000017288189340: 01e9 5000 | 0000 4881 | bea8 1100 | 0000 0000 | 0075 1748 | 8986 a811 | 0000 48c7 | 86b0 1100 
  0x0000017288189360: 0001 0000 | 00e9 2c00 | 0000 4881 | beb8 1100 | 0000 0000 | 0075 1748 | 8986 b811 | 0000 48c7 
  0x0000017288189380: 86c0 1100 | 0001 0000 | 00e9 0800 | 0000 4883 | 8698 1100 | 0001 488b | 9424 a001 | 0000 0f1f 
  0x00000172881893a0: 8000 0000 | 0048 b830 | 3305 a872 

  0x00000172881893ac: ;   {virtual_call}
  0x00000172881893ac: 0100 00e8 

  0x00000172881893b0: ; ImmutableOopMap {[232]=Oop [280]=Oop [288]=Oop [352]=Oop [360]=Oop [416]=Oop [344]=Oop [224]=Oop [200]=Oop }
                      ;*invokeinterface next {reexecute=0 rethrow=0 return_oop=0}
                      ; - ai.onnxruntime.OrtSession::run@544 (line 402)
  0x00000172881893b0: 8c9f 5000 | 4883 f800 

  0x00000172881893b8: ;   {metadata(method data for {method} {0x00000172e8ed14f0} 'run' '(Ljava/util/Map;Ljava/util/Set;Ljava/util/Map;Lai/onnxruntime/OrtSession$RunOptions;)Lai/onnxruntime/OrtSession$Result;' in 'ai/onnxruntime/OrtSession')}
  0x00000172881893b8: 7516 48ba | 208f 2ae9 | 7201 0000 | 808a c911 | 0000 01e9 | d300 0000 

  0x00000172881893d0: ;   {metadata('java/lang/String')}
  0x00000172881893d0: 48bf e0e9 | 00a7 7201 | 0000 448b | 4008 49ba | 0000 00a7 | 7201 0000 | 4d03 c249 | 3bf8 0f85 
  0x00000172881893f0: 9300 0000 

  0x00000172881893f4: ;   {metadata(method data for {method} {0x00000172e8ed14f0} 'run' '(Ljava/util/Map;Ljava/util/Set;Ljava/util/Map;Lai/onnxruntime/OrtSession$RunOptions;)Lai/onnxruntime/OrtSession$Result;' in 'ai/onnxruntime/OrtSession')}
  0x00000172881893f4: 48ba 208f | 2ae9 7201 | 0000 8b78 | 0849 ba00 | 0000 a772 | 0100 0049 | 03fa 483b | bae0 1100 
  0x0000017288189414: 0075 0d48 | 8382 e811 | 0000 01e9 | 7f00 0000 | 483b baf0 | 1100 0075 | 0d48 8382 | f811 0000 
  0x0000017288189434: 01e9 6900 | 0000 4881 | bae0 1100 | 0000 0000 | 0075 1748 | 89ba e011 | 0000 48c7 | 82e8 1100 
  0x0000017288189454: 0001 0000 | 00e9 4500 | 0000 4881 | baf0 1100 | 0000 0000 | 0075 1748 | 89ba f011 | 0000 48c7 
  0x0000017288189474: 82f8 1100 | 0001 0000 | 00e9 2100 | 0000 e91c 

  0x0000017288189484: ;   {metadata(method data for {method} {0x00000172e8ed14f0} 'run' '(Ljava/util/Map;Ljava/util/Set;Ljava/util/Map;Lai/onnxruntime/OrtSession$RunOptions;)Lai/onnxruntime/OrtSession$Result;' in 'ai/onnxruntime/OrtSession')}
  0x0000017288189484: 0000 0048 | ba20 8f2a | e972 0100 | 0048 83aa | d011 0000 | 01e9 8119 | 0000 e900 | 0000 0048 
  0x00000172881894a4: 8bf0 4889 | b424 b001 | 0000 488b | 9424 c800 | 0000 8b7a | 3048 c1e7 | 0348 3b07 

  0x00000172881894c0: ;   {metadata(method data for {method} {0x00000172e8ed14f0} 'run' '(Ljava/util/Map;Ljava/util/Set;Ljava/util/Map;Lai/onnxruntime/OrtSession$RunOptions;)Lai/onnxruntime/OrtSession$Result;' in 'ai/onnxruntime/OrtSession')}
  0x00000172881894c0: 4c8b c748 | bb20 8f2a | e972 0100 | 0045 8b40 | 0849 ba00 | 0000 a772 | 0100 004d | 03c2 4c3b 
  0x00000172881894e0: 8318 1200 | 0075 0d48 | 8383 2012 | 0000 01e9 | 6600 0000 | 4c3b 8328 | 1200 0075 | 0d48 8383 
  0x0000017288189500: 3012 0000 | 01e9 5000 | 0000 4881 | bb18 1200 | 0000 0000 | 0075 174c | 8983 1812 | 0000 48c7 
  0x0000017288189520: 8320 1200 | 0001 0000 | 00e9 2c00 | 0000 4881 | bb28 1200 | 0000 0000 | 0075 174c | 8983 2812 
  0x0000017288189540: 0000 48c7 | 8330 1200 | 0001 0000 | 00e9 0800 | 0000 4883 | 8308 1200 | 0001 4c8b | c648 8bd7 
  0x0000017288189560: 0f1f 4400 | 0048 b820 | ad0e a772 

  0x000001728818956c: ;   {virtual_call}
  0x000001728818956c: 0100 00e8 

  0x0000017288189570: ; ImmutableOopMap {[232]=Oop [280]=Oop [288]=Oop [352]=Oop [360]=Oop [416]=Oop [344]=Oop [224]=Oop [432]=Oop [200]=Oop }
                      ;*invokeinterface contains {reexecute=0 rethrow=0 return_oop=0}
                      ; - ai.onnxruntime.OrtSession::run@560 (line 403)
  0x0000017288189570: 4cf7 a6ff 

  0x0000017288189574: ;   {metadata(method data for {method} {0x00000172e8ed14f0} 'run' '(Ljava/util/Map;Ljava/util/Set;Ljava/util/Map;Lai/onnxruntime/OrtSession$RunOptions;)Lai/onnxruntime/OrtSession$Result;' in 'ai/onnxruntime/OrtSession')}
  0x0000017288189574: 83f8 0049 | b820 8f2a | e972 0100 | 0048 c7c2 | 4012 0000 | 0f84 0700 | 0000 48c7 | c250 1200 
  0x0000017288189594: 0049 8b34 | 1048 8d76 | 0149 8934 | 100f 84ea | 0700 0048 | 8bbc 24e0 

  0x00000172881895ac: ;   {metadata(method data for {method} {0x00000172e8ed14f0} 'run' '(Ljava/util/Map;Ljava/util/Set;Ljava/util/Map;Lai/onnxruntime/OrtSession$RunOptions;)Lai/onnxruntime/OrtSession$Result;' in 'ai/onnxruntime/OrtSession')}
  0x00000172881895ac: 0000 0049 | b820 8f2a | e972 0100 | 008b 7f08 | 49ba 0000 | 00a7 7201 | 0000 4903 | fa49 3bb8 
  0x00000172881895cc: 7012 0000 | 750d 4983 | 8078 1200 | 0001 e966 | 0000 0049 | 3bb8 8012 | 0000 750d | 4983 8088 
  0x00000172881895ec: 1200 0001 | e950 0000 | 0049 81b8 | 7012 0000 | 0000 0000 | 7517 4989 | b870 1200 | 0049 c780 
  0x000001728818960c: 7812 0000 | 0100 0000 | e92c 0000 | 0049 81b8 | 8012 0000 | 0000 0000 | 7517 4989 | b880 1200 
  0x000001728818962c: 0049 c780 | 8812 0000 | 0100 0000 | e908 0000 | 0049 8380 | 6012 0000 | 014c 8b84 | 24b0 0100 
  0x000001728818964c: 0048 8b94 | 24e0 0000 | 0048 b8b0 | 1c06 a772 

  0x000001728818965c: ;   {virtual_call}
  0x000001728818965c: 0100 00e8 

  0x0000017288189660: ; ImmutableOopMap {[232]=Oop [280]=Oop [288]=Oop [352]=Oop [360]=Oop [416]=Oop [344]=Oop [224]=Oop [432]=Oop [200]=Oop }
                      ;*invokeinterface containsKey {reexecute=0 rethrow=0 return_oop=0}
                      ; - ai.onnxruntime.OrtSession::run@571 (line 404)
  0x0000017288189660: bca8 7907 

  0x0000017288189664: ;   {metadata(method data for {method} {0x00000172e8ed14f0} 'run' '(Ljava/util/Map;Ljava/util/Set;Ljava/util/Map;Lai/onnxruntime/OrtSession$RunOptions;)Lai/onnxruntime/OrtSession$Result;' in 'ai/onnxruntime/OrtSession')}
  0x0000017288189664: 83f8 0048 | ba20 8f2a | e972 0100 | 0048 c7c6 | 9812 0000 | 0f85 0700 | 0000 48c7 | c6a8 1200 
  0x0000017288189684: 0048 8b3c | 3248 8d7f | 0148 893c | 320f 85bd | 0200 0048 | 8b9c 24b0 | 0100 008b | b424 a801 
  0x00000172881896a4: 0000 488b | 8424 5801 | 0000 3b70 | 0c0f 8376 | 1700 0048 | 83fb 0075 

  0x00000172881896bc: ;   {metadata(method data for {method} {0x00000172e8ed14f0} 'run' '(Ljava/util/Map;Ljava/util/Set;Ljava/util/Map;Lai/onnxruntime/OrtSession$RunOptions;)Lai/onnxruntime/OrtSession$Result;' in 'ai/onnxruntime/OrtSession')}
  0x00000172881896bc: 1648 bf20 | 8f2a e972 | 0100 0080 | 8fb1 1200 | 0001 e9ff | 0000 008b | 5008 49ba | 0000 00a7 
  0x00000172881896dc: 7201 0000 | 4903 d28b | 7b08 49ba | 0000 00a7 | 7201 0000 | 4903 fa48 | 8b92 e000 | 0000 483b 
  0x00000172881896fc: fa0f 8428 | 0000 008b | 4a14 483b | 140f 0f84 | 1b00 0000 | 83f9 200f | 85a2 0000 

  0x0000017288189718: ;   {runtime_call slow_subtype_check Runtime1 stub}
  0x0000017288189718: 0057 52e8 | 60f4 e606 | 5f5a 83fa | 000f 8490 

  0x0000017288189728: ;   {metadata(method data for {method} {0x00000172e8ed14f0} 'run' '(Ljava/util/Map;Ljava/util/Set;Ljava/util/Map;Lai/onnxruntime/OrtSession$RunOptions;)Lai/onnxruntime/OrtSession$Result;' in 'ai/onnxruntime/OrtSession')}
  0x0000017288189728: 0000 0048 | bf20 8f2a | e972 0100 | 008b 5308 | 49ba 0000 | 00a7 7201 | 0000 4903 | d248 3b97 
  0x0000017288189748: c812 0000 | 750d 4883 | 87d0 1200 | 0001 e977 | 0000 0048 | 3b97 d812 | 0000 750d | 4883 87e0 
  0x0000017288189768: 1200 0001 | e961 0000 | 0048 81bf | c812 0000 | 0000 0000 | 7517 4889 | 97c8 1200 | 0048 c787 
  0x0000017288189788: d012 0000 | 0100 0000 | e93d 0000 | 0048 81bf | d812 0000 | 0000 0000 | 7517 4889 | 97d8 1200 
  0x00000172881897a8: 0048 c787 | e012 0000 | 0100 0000 | e919 0000 

  0x00000172881897b8: ;   {metadata(method data for {method} {0x00000172e8ed14f0} 'run' '(Ljava/util/Map;Ljava/util/Set;Ljava/util/Map;Lai/onnxruntime/OrtSession$RunOptions;)Lai/onnxruntime/OrtSession$Result;' in 'ai/onnxruntime/OrtSession')}
  0x00000172881897b8: 00eb 1748 | bf20 8f2a | e972 0100 | 0048 83af | b812 0000 | 01e9 6e16 | 0000 4863 | d648 8d54 
  0x00000172881897d8: 9010 410f | be7f 3883 | ff00 0f85 | 6116 0000 | 4c8b d349 | c1ea 0344 | 8912 488b | fa48 33fb 
  0x00000172881897f8: 48c1 ef16 | 4883 ff00 | 0f85 6116 | 0000 ffc6 

  0x0000017288189808: ;   {metadata(method data for {method} {0x00000172e8ed14f0} 'run' '(Ljava/util/Map;Ljava/util/Set;Ljava/util/Map;Lai/onnxruntime/OrtSession$RunOptions;)Lai/onnxruntime/OrtSession$Result;' in 'ai/onnxruntime/OrtSession')}
  0x0000017288189808: 48ba 208f | 2ae9 7201 | 0000 ff82 | f012 0000 

  0x0000017288189818: ;   {metadata(method data for {method} {0x00000172e8ed14f0} 'run' '(Ljava/util/Map;Ljava/util/Set;Ljava/util/Map;Lai/onnxruntime/OrtSession$RunOptions;)Lai/onnxruntime/OrtSession$Result;' in 'ai/onnxruntime/OrtSession')}
  0x0000017288189818: 48ba 208f | 2ae9 7201 | 0000 8bba | d000 0000 | 83c7 0289 | bad0 0000 | 0081 e7fe | 3f00 0083 
  0x0000017288189838: ff00 0f84 | 3f16 0000 | 4d8b 9750 

  0x0000017288189844: ; ImmutableOopMap {[232]=Oop [280]=Oop [288]=Oop [352]=Oop [360]=Oop [416]=Oop [224]=Oop [200]=Oop rax=Oop [344]=Oop }
                      ;*goto {reexecute=1 rethrow=0 return_oop=0}
                      ; - (reexecute) ai.onnxruntime.OrtSession::run@668 (line 419)
                      ;   {poll}
  0x0000017288189844: 0300 0041 

  0x0000017288189848: ;   {metadata(method data for {method} {0x00000172e8ed14f0} 'run' '(Ljava/util/Map;Ljava/util/Set;Ljava/util/Map;Lai/onnxruntime/OrtSession$RunOptions;)Lai/onnxruntime/OrtSession$Result;' in 'ai/onnxruntime/OrtSession')}
  0x0000017288189848: 8502 48ba | 208f 2ae9 | 7201 0000 | ff82 7815 | 0000 89b4 | 24a8 0100 | 0048 8b84 | 24a0 0100 
  0x0000017288189868: 0048 3b00 

  0x000001728818986c: ;   {metadata(method data for {method} {0x00000172e8ed14f0} 'run' '(Ljava/util/Map;Ljava/util/Set;Ljava/util/Map;Lai/onnxruntime/OrtSession$RunOptions;)Lai/onnxruntime/OrtSession$Result;' in 'ai/onnxruntime/OrtSession')}
  0x000001728818986c: 488b c849 | b820 8f2a | e972 0100 | 008b 4908 | 49ba 0000 | 00a7 7201 | 0000 4903 | ca49 3b88 
  0x000001728818988c: 5011 0000 | 750d 4983 | 8058 1100 | 0001 e966 | 0000 0049 | 3b88 6011 | 0000 750d | 4983 8068 
  0x00000172881898ac: 1100 0001 | e950 0000 | 0049 81b8 | 5011 0000 | 0000 0000 | 7517 4989 | 8850 1100 | 0049 c780 
  0x00000172881898cc: 5811 0000 | 0100 0000 | e92c 0000 | 0049 81b8 | 6011 0000 | 0000 0000 | 7517 4989 | 8860 1100 
  0x00000172881898ec: 0049 c780 | 6811 0000 | 0100 0000 | e908 0000 | 0049 8380 | 4011 0000 | 0148 8bd0 | 0f1f 4400 
  0x000001728818990c: 0048 b830 | 3305 a872 

  0x0000017288189914: ;   {virtual_call}
  0x0000017288189914: 0100 00e8 

  0x0000017288189918: ; ImmutableOopMap {[232]=Oop [280]=Oop [288]=Oop [352]=Oop [360]=Oop [416]=Oop [344]=Oop [200]=Oop [224]=Oop }
                      ;*invokeinterface hasNext {reexecute=0 rethrow=0 return_oop=0}
                      ; - ai.onnxruntime.OrtSession::run@534 (line 402)
  0x0000017288189918: 841d bcff 

  0x000001728818991c: ;   {metadata(method data for {method} {0x00000172e8ed14f0} 'run' '(Ljava/util/Map;Ljava/util/Set;Ljava/util/Map;Lai/onnxruntime/OrtSession$RunOptions;)Lai/onnxruntime/OrtSession$Result;' in 'ai/onnxruntime/OrtSession')}
  0x000001728818991c: 83f8 0048 | ba20 8f2a | e972 0100 | 0048 c7c6 | 7811 0000 | 0f84 0700 | 0000 48c7 | c688 1100 
  0x000001728818993c: 0048 8b3c | 3248 8d7f | 0148 893c | 320f 84b2 | 0900 00e9 | a4f9 ffff | 0f1f 4000 

  0x0000017288189958: ;   {no_reloc}
  0x0000017288189958: e957 1500 | 0000 0000 | 0000 80ba | 3301 0000 | 040f 8554 | 1500 0049 | 8b87 0801 | 0000 488d 
  0x0000017288189978: 7828 493b | bf18 0100 | 000f 873c | 1500 0049 | 89bf 0801 | 0000 48c7 | 0001 0000 | 0048 8bca 
  0x0000017288189998: 49ba 0000 | 00a7 7201 | 0000 492b | ca89 4808 | 4833 c989 | 480c 4833 | c948 8948 | 1048 8948 
  0x00000172881899b8: 1848 8948 | 2048 8984 | 24c0 0100 | 0066 6690 

  0x00000172881899c8: ;   {no_reloc}
  0x00000172881899c8: e912 1500 | 0000 0000 | 0000 498b | 8708 0100 | 0048 8d78 | 1849 3bbf | 1801 0000 | 0f87 ff14 
  0x00000172881899e8: 0000 4989 | bf08 0100 | 0048 c700 | 0100 0000 | 488b ca49 | ba00 0000 | a772 0100 | 0049 2bca 
  0x0000017288189a08: 8948 0848 | 33c9 8948 | 0c48 33c9 | 4889 4810 

  0x0000017288189a18: ;   {metadata(method data for {method} {0x00000172e8ed14f0} 'run' '(Ljava/util/Map;Ljava/util/Set;Ljava/util/Map;Lai/onnxruntime/OrtSession$RunOptions;)Lai/onnxruntime/OrtSession$Result;' in 'ai/onnxruntime/OrtSession')}
  0x0000017288189a18: 4c8b c048 | ba20 8f2a | e972 0100 | 0048 8382 | 0813 0000 

  0x0000017288189a2c: ;   {metadata(method data for {method} {0x00000172a741f118} '<init>' '()V' in 'java/lang/StringBuilder')}
  0x0000017288189a2c: 0149 b8a0 | 3903 e872 | 0100 0041 | 8b90 cc00 | 0000 83c2 | 0241 8990 | cc00 0000 | 81e2 feff 
  0x0000017288189a4c: 1f00 83fa | 000f 849f | 1400 004c 

  0x0000017288189a58: ;   {metadata(method data for {method} {0x00000172a741f118} '<init>' '()V' in 'java/lang/StringBuilder')}
  0x0000017288189a58: 8bc0 48ba | a039 03e8 | 7201 0000 | 4883 8210 | 0100 0001 | 41b8 1000 | 0000 488b | d048 8984 
  0x0000017288189a78: 24b8 0100 

  0x0000017288189a7c: ;   {optimized virtual_call}
  0x0000017288189a7c: 0066 90e8 

  0x0000017288189a80: ; ImmutableOopMap {[432]=Oop [448]=Oop [440]=Oop }
                      ;*invokespecial <init> {reexecute=0 rethrow=0 return_oop=0}
                      ; - java.lang.StringBuilder::<init>@3 (line 106)
                      ; - ai.onnxruntime.OrtSession::run@600 (line 410)
  0x0000017288189a80: fc78 dc06 | 488b 8424 | b801 0000 

  0x0000017288189a8c: ;   {metadata(method data for {method} {0x00000172e8ed14f0} 'run' '(Ljava/util/Map;Ljava/util/Set;Ljava/util/Map;Lai/onnxruntime/OrtSession$RunOptions;)Lai/onnxruntime/OrtSession$Result;' in 'ai/onnxruntime/OrtSession')}
  0x0000017288189a8c: 49b8 208f | 2ae9 7201 | 0000 4983 | 8018 1300 

  0x0000017288189a9c: ;   {metadata(method data for {method} {0x00000172a741f850} 'append' '(Ljava/lang/String;)Ljava/lang/StringBuilder;' in 'java/lang/StringBuilder')}
  0x0000017288189a9c: 0001 49b8 | f040 03e8 | 7201 0000 | 418b 90cc | 0000 0083 | c202 4189 | 90cc 0000 | 0081 e2fe 
  0x0000017288189abc: ff1f 0083 | fa00 0f84 | 4f14 0000 | 488b 8424 | b801 0000 

  0x0000017288189ad0: ;   {metadata(method data for {method} {0x00000172a741f850} 'append' '(Ljava/lang/String;)Ljava/lang/StringBuilder;' in 'java/lang/StringBuilder')}
  0x0000017288189ad0: 49b8 f040 | 03e8 7201 | 0000 4983 | 8010 0100 

  0x0000017288189ae0: ;   {oop("Output '"{0x0000000644a9a6d0})}
  0x0000017288189ae0: 0001 49b8 | d0a6 a944 | 0600 0000 | 488b 9424 | b801 0000 

  0x0000017288189af4: ;   {optimized virtual_call}
  0x0000017288189af4: 6666 90e8 

  0x0000017288189af8: ; ImmutableOopMap {[432]=Oop [448]=Oop [440]=Oop }
                      ;*invokespecial append {reexecute=0 rethrow=0 return_oop=0}
                      ; - java.lang.StringBuilder::append@2 (line 179)
                      ; - ai.onnxruntime.OrtSession::run@605 (line 410)
  0x0000017288189af8: 8478 dc06 | 488b 8424 | b801 0000 

  0x0000017288189b04: ;   {metadata(method data for {method} {0x00000172e8ed14f0} 'run' '(Ljava/util/Map;Ljava/util/Set;Ljava/util/Map;Lai/onnxruntime/OrtSession$RunOptions;)Lai/onnxruntime/OrtSession$Result;' in 'ai/onnxruntime/OrtSession')}
  0x0000017288189b04: 49b8 208f | 2ae9 7201 | 0000 4983 | 8050 1300 

  0x0000017288189b14: ;   {metadata(method data for {method} {0x00000172a741f850} 'append' '(Ljava/lang/String;)Ljava/lang/StringBuilder;' in 'java/lang/StringBuilder')}
  0x0000017288189b14: 0001 49b8 | f040 03e8 | 7201 0000 | 418b 90cc | 0000 0083 | c202 4189 | 90cc 0000 | 0081 e2fe 
  0x0000017288189b34: ff1f 0083 | fa00 0f84 | f813 0000 | 488b 8424 | b801 0000 

  0x0000017288189b48: ;   {metadata(method data for {method} {0x00000172a741f850} 'append' '(Ljava/lang/String;)Ljava/lang/StringBuilder;' in 'java/lang/StringBuilder')}
  0x0000017288189b48: 49b8 f040 | 03e8 7201 | 0000 4983 | 8010 0100 | 0001 4c8b | 8424 b001 | 0000 488b | 9424 b801 
  0x0000017288189b68: 0000 0f1f 

  0x0000017288189b6c: ;   {optimized virtual_call}
  0x0000017288189b6c: 4400 00e8 

  0x0000017288189b70: ; ImmutableOopMap {[448]=Oop [440]=Oop }
                      ;*invokespecial append {reexecute=0 rethrow=0 return_oop=0}
                      ; - java.lang.StringBuilder::append@2 (line 179)
                      ; - ai.onnxruntime.OrtSession::run@610 (line 410)
  0x0000017288189b70: 0c78 dc06 | 488b 8424 | b801 0000 

  0x0000017288189b7c: ;   {metadata(method data for {method} {0x00000172e8ed14f0} 'run' '(Ljava/util/Map;Ljava/util/Set;Ljava/util/Map;Lai/onnxruntime/OrtSession$RunOptions;)Lai/onnxruntime/OrtSession$Result;' in 'ai/onnxruntime/OrtSession')}
  0x0000017288189b7c: 49b8 208f | 2ae9 7201 | 0000 4983 | 8088 1300 

  0x0000017288189b8c: ;   {metadata(method data for {method} {0x00000172a741f850} 'append' '(Ljava/lang/String;)Ljava/lang/StringBuilder;' in 'java/lang/StringBuilder')}
  0x0000017288189b8c: 0001 49b8 | f040 03e8 | 7201 0000 | 418b 90cc | 0000 0083 | c202 4189 | 90cc 0000 | 0081 e2fe 
  0x0000017288189bac: ff1f 0083 | fa00 0f84 | a113 0000 | 488b 8424 | b801 0000 

  0x0000017288189bc0: ;   {metadata(method data for {method} {0x00000172a741f850} 'append' '(Ljava/lang/String;)Ljava/lang/StringBuilder;' in 'java/lang/StringBuilder')}
  0x0000017288189bc0: 49b8 f040 | 03e8 7201 | 0000 4983 | 8010 0100 

  0x0000017288189bd0: ;   {oop("' was found in both the requested outputs and the pinned outputs"{0x0000000644a9a878})}
  0x0000017288189bd0: 0001 49b8 | 78a8 a944 | 0600 0000 | 488b 9424 | b801 0000 

  0x0000017288189be4: ;   {optimized virtual_call}
  0x0000017288189be4: 6666 90e8 

  0x0000017288189be8: ; ImmutableOopMap {[448]=Oop [440]=Oop }
                      ;*invokespecial append {reexecute=0 rethrow=0 return_oop=0}
                      ; - java.lang.StringBuilder::append@2 (line 179)
                      ; - ai.onnxruntime.OrtSession::run@615 (line 410)
  0x0000017288189be8: 9477 dc06 | 488b 8424 | b801 0000 

  0x0000017288189bf4: ;   {metadata(method data for {method} {0x00000172e8ed14f0} 'run' '(Ljava/util/Map;Ljava/util/Set;Ljava/util/Map;Lai/onnxruntime/OrtSession$RunOptions;)Lai/onnxruntime/OrtSession$Result;' in 'ai/onnxruntime/OrtSession')}
  0x0000017288189bf4: 48ba 208f | 2ae9 7201 | 0000 4883 | 82c0 1300 

  0x0000017288189c04: ;   {metadata(method data for {method} {0x00000172a741f170} 'toString' '()Ljava/lang/String;' in 'java/lang/StringBuilder')}
  0x0000017288189c04: 0001 48ba | 9844 03e8 | 7201 0000 | 448b 82cc | 0000 0041 | 83c0 0244 | 8982 cc00 | 0000 4181 
  0x0000017288189c24: e0fe ff1f | 0041 83f8 | 000f 8447 | 1300 0048 | 8b84 24b8 

  0x0000017288189c38: ;   {metadata(method data for {method} {0x00000172a741f170} 'toString' '()Ljava/lang/String;' in 'java/lang/StringBuilder')}
  0x0000017288189c38: 0100 0048 | ba98 4403 | e872 0100 | 0048 8382 | 1001 0000 

  0x0000017288189c4c: ;   {metadata(method data for {method} {0x00000172a705d7b8} 'isLatin1' '()Z' in 'java/lang/AbstractStringBuilder')}
  0x0000017288189c4c: 0148 ba08 | 2902 e872 | 0100 0044 | 8b82 cc00 | 0000 4183 | c002 4489 | 82cc 0000 | 0041 81e0 
  0x0000017288189c6c: feff 1f00 | 4183 f800 | 0f84 2113 

  0x0000017288189c78: ;   {metadata(method data for {method} {0x00000172a705d7b8} 'isLatin1' '()Z' in 'java/lang/AbstractStringBuilder')}
  0x0000017288189c78: 0000 48ba | 0829 02e8 | 7201 0000 | ff82 2001 | 0000 488b | 8424 b801 | 0000 0fbe | 5010 83fa 
  0x0000017288189c98: ;   {metadata(method data for {method} {0x00000172a705d7b8} 'isLatin1' '()Z' in 'java/lang/AbstractStringBuilder')}
  0x0000017288189c98: 0048 ba08 | 2902 e872 | 0100 0049 | c7c0 3001 | 0000 0f85 | 0700 0000 | 49c7 c040 | 0100 004e 
  0x0000017288189cb8: 8b0c 024d | 8d49 014e | 890c 020f | 851a 0000 

  0x0000017288189cc8: ;   {metadata(method data for {method} {0x00000172a705d7b8} 'isLatin1' '()Z' in 'java/lang/AbstractStringBuilder')}
  0x0000017288189cc8: 0048 ba08 | 2902 e872 | 0100 00ff | 8250 0100 | 00ba 0100 | 0000 e905 | 0000 00ba | 0000 0000 
  0x0000017288189ce8: 83e2 0183 

  0x0000017288189cec: ;   {metadata(method data for {method} {0x00000172a741f170} 'toString' '()Ljava/lang/String;' in 'java/lang/StringBuilder')}
  0x0000017288189cec: fa00 48ba | 9844 03e8 | 7201 0000 | 49c7 c048 | 0100 000f | 8407 0000 | 0049 c7c0 | 5801 0000 
  0x0000017288189d0c: 4e8b 0c02 | 4d8d 4901 | 4e89 0c02 | 0f84 4300 | 0000 8b50 | 1448 c1e2 | 0344 8b48 

  0x0000017288189d28: ;   {metadata(method data for {method} {0x00000172a741f170} 'toString' '()Ljava/lang/String;' in 'java/lang/StringBuilder')}
  0x0000017288189d28: 0c49 b898 | 4403 e872 | 0100 0049 | 8380 6801 | 0000 0141 | b800 0000 | 0066 0f1f 

  0x0000017288189d44: ;   {static_call}
  0x0000017288189d44: 4400 00e8 

  0x0000017288189d48: ; ImmutableOopMap {[448]=Oop }
                      ;*invokestatic newString {reexecute=0 rethrow=0 return_oop=0}
                      ; - java.lang.StringBuilder::toString@16 (line 453)
                      ; - ai.onnxruntime.OrtSession::run@618 (line 410)
  0x0000017288189d48: 347c dc06 

  0x0000017288189d4c: ;   {metadata(method data for {method} {0x00000172a741f170} 'toString' '()Ljava/lang/String;' in 'java/lang/StringBuilder')}
  0x0000017288189d4c: 48ba 9844 | 03e8 7201 | 0000 ff82 | 7801 0000 | e9e8 0700 | 008b 5014 | 48c1 e203 | 448b 480c 
  0x0000017288189d6c: ;   {metadata(method data for {method} {0x00000172a741f170} 'toString' '()Ljava/lang/String;' in 'java/lang/StringBuilder')}
  0x0000017288189d6c: 49b8 9844 | 03e8 7201 | 0000 4983 | 8090 0100 | 0001 41b8 | 0000 0000 

  0x0000017288189d84: ;   {static_call}
  0x0000017288189d84: 6666 90e8 

  0x0000017288189d88: ; ImmutableOopMap {[448]=Oop }
                      ;*invokestatic newString {reexecute=0 rethrow=0 return_oop=0}
                      ; - java.lang.StringBuilder::toString@31 (line 454)
                      ; - ai.onnxruntime.OrtSession::run@618 (line 410)
  0x0000017288189d88: f47b dc06 | e9b8 0700 | 000f 1f80 | 0000 0000 

  0x0000017288189d98: ;   {no_reloc}
  0x0000017288189d98: e92e 1200 | 0000 0000 | 0000 80ba | 3301 0000 | 040f 852b | 1200 0049 | 8b87 0801 | 0000 488d 
  0x0000017288189db8: 7828 493b | bf18 0100 | 000f 8713 | 1200 0049 | 89bf 0801 | 0000 48c7 | 0001 0000 | 0048 8bca 
  0x0000017288189dd8: 49ba 0000 | 00a7 7201 | 0000 492b | ca89 4808 | 4833 c989 | 480c 4833 | c948 8948 | 1048 8948 
  0x0000017288189df8: 1848 8948 | 2048 8984 | 24d0 0100 | 0066 6690 

  0x0000017288189e08: ;   {no_reloc}
  0x0000017288189e08: e9e9 1100 | 0000 0000 | 0000 498b | 8708 0100 | 0048 8d78 | 1849 3bbf | 1801 0000 | 0f87 d611 
  0x0000017288189e28: 0000 4989 | bf08 0100 | 0048 c700 | 0100 0000 | 488b ca49 | ba00 0000 | a772 0100 | 0049 2bca 
  0x0000017288189e48: 8948 0848 | 33c9 8948 | 0c48 33c9 | 4889 4810 

  0x0000017288189e58: ;   {metadata(method data for {method} {0x00000172e8ed14f0} 'run' '(Ljava/util/Map;Ljava/util/Set;Ljava/util/Map;Lai/onnxruntime/OrtSession$RunOptions;)Lai/onnxruntime/OrtSession$Result;' in 'ai/onnxruntime/OrtSession')}
  0x0000017288189e58: 4c8b c048 | ba20 8f2a | e972 0100 | 0048 8382 | 0814 0000 

  0x0000017288189e6c: ;   {metadata(method data for {method} {0x00000172a741f118} '<init>' '()V' in 'java/lang/StringBuilder')}
  0x0000017288189e6c: 0149 b8a0 | 3903 e872 | 0100 0041 | 8b90 cc00 | 0000 83c2 | 0241 8990 | cc00 0000 | 81e2 feff 
  0x0000017288189e8c: 1f00 83fa | 000f 8476 | 1100 004c 

  0x0000017288189e98: ;   {metadata(method data for {method} {0x00000172a741f118} '<init>' '()V' in 'java/lang/StringBuilder')}
  0x0000017288189e98: 8bc0 48ba | a039 03e8 | 7201 0000 | 4883 8210 | 0100 0001 | 41b8 1000 | 0000 488b | d048 8984 
  0x0000017288189eb8: 24c8 0100 

  0x0000017288189ebc: ;   {optimized virtual_call}
  0x0000017288189ebc: 0066 90e8 

  0x0000017288189ec0: ; ImmutableOopMap {[432]=Oop [456]=Oop [200]=Oop [464]=Oop }
                      ;*invokespecial <init> {reexecute=0 rethrow=0 return_oop=0}
                      ; - java.lang.StringBuilder::<init>@3 (line 106)
                      ; - ai.onnxruntime.OrtSession::run@633 (line 416)
  0x0000017288189ec0: bc74 dc06 | 488b 8424 | c801 0000 

  0x0000017288189ecc: ;   {metadata(method data for {method} {0x00000172e8ed14f0} 'run' '(Ljava/util/Map;Ljava/util/Set;Ljava/util/Map;Lai/onnxruntime/OrtSession$RunOptions;)Lai/onnxruntime/OrtSession$Result;' in 'ai/onnxruntime/OrtSession')}
  0x0000017288189ecc: 49b8 208f | 2ae9 7201 | 0000 4983 | 8018 1400 

  0x0000017288189edc: ;   {metadata(method data for {method} {0x00000172a741f850} 'append' '(Ljava/lang/String;)Ljava/lang/StringBuilder;' in 'java/lang/StringBuilder')}
  0x0000017288189edc: 0001 49b8 | f040 03e8 | 7201 0000 | 418b 90cc | 0000 0083 | c202 4189 | 90cc 0000 | 0081 e2fe 
  0x0000017288189efc: ff1f 0083 | fa00 0f84 | 2611 0000 | 488b 8424 | c801 0000 

  0x0000017288189f10: ;   {metadata(method data for {method} {0x00000172a741f850} 'append' '(Ljava/lang/String;)Ljava/lang/StringBuilder;' in 'java/lang/StringBuilder')}
  0x0000017288189f10: 49b8 f040 | 03e8 7201 | 0000 4983 | 8010 0100 

  0x0000017288189f20: ;   {oop("Unknown output name "{0x0000000644a9a6b8})}
  0x0000017288189f20: 0001 49b8 | b8a6 a944 | 0600 0000 | 488b 9424 | c801 0000 

  0x0000017288189f34: ;   {optimized virtual_call}
  0x0000017288189f34: 6666 90e8 

  0x0000017288189f38: ; ImmutableOopMap {[432]=Oop [456]=Oop [200]=Oop [464]=Oop }
                      ;*invokespecial append {reexecute=0 rethrow=0 return_oop=0}
                      ; - java.lang.StringBuilder::append@2 (line 179)
                      ; - ai.onnxruntime.OrtSession::run@638 (line 416)
  0x0000017288189f38: 4474 dc06 | 488b 8424 | c801 0000 

  0x0000017288189f44: ;   {metadata(method data for {method} {0x00000172e8ed14f0} 'run' '(Ljava/util/Map;Ljava/util/Set;Ljava/util/Map;Lai/onnxruntime/OrtSession$RunOptions;)Lai/onnxruntime/OrtSession$Result;' in 'ai/onnxruntime/OrtSession')}
  0x0000017288189f44: 49b8 208f | 2ae9 7201 | 0000 4983 | 8050 1400 

  0x0000017288189f54: ;   {metadata(method data for {method} {0x00000172a741f850} 'append' '(Ljava/lang/String;)Ljava/lang/StringBuilder;' in 'java/lang/StringBuilder')}
  0x0000017288189f54: 0001 49b8 | f040 03e8 | 7201 0000 | 418b 90cc | 0000 0083 | c202 4189 | 90cc 0000 | 0081 e2fe 
  0x0000017288189f74: ff1f 0083 | fa00 0f84 | cf10 0000 | 488b 8424 | c801 0000 

  0x0000017288189f88: ;   {metadata(method data for {method} {0x00000172a741f850} 'append' '(Ljava/lang/String;)Ljava/lang/StringBuilder;' in 'java/lang/StringBuilder')}
  0x0000017288189f88: 49b8 f040 | 03e8 7201 | 0000 4983 | 8010 0100 | 0001 4c8b | 8424 b001 | 0000 488b | 9424 c801 
  0x0000017288189fa8: 0000 0f1f 

  0x0000017288189fac: ;   {optimized virtual_call}
  0x0000017288189fac: 4400 00e8 

  0x0000017288189fb0: ; ImmutableOopMap {[456]=Oop [200]=Oop [464]=Oop }
                      ;*invokespecial append {reexecute=0 rethrow=0 return_oop=0}
                      ; - java.lang.StringBuilder::append@2 (line 179)
                      ; - ai.onnxruntime.OrtSession::run@643 (line 416)
  0x0000017288189fb0: cc73 dc06 | 488b 8424 | c801 0000 

  0x0000017288189fbc: ;   {metadata(method data for {method} {0x00000172e8ed14f0} 'run' '(Ljava/util/Map;Ljava/util/Set;Ljava/util/Map;Lai/onnxruntime/OrtSession$RunOptions;)Lai/onnxruntime/OrtSession$Result;' in 'ai/onnxruntime/OrtSession')}
  0x0000017288189fbc: 49b8 208f | 2ae9 7201 | 0000 4983 | 8088 1400 

  0x0000017288189fcc: ;   {metadata(method data for {method} {0x00000172a741f850} 'append' '(Ljava/lang/String;)Ljava/lang/StringBuilder;' in 'java/lang/StringBuilder')}
  0x0000017288189fcc: 0001 49b8 | f040 03e8 | 7201 0000 | 418b 90cc | 0000 0083 | c202 4189 | 90cc 0000 | 0081 e2fe 
  0x0000017288189fec: ff1f 0083 | fa00 0f84 | 7810 0000 | 488b 8424 | c801 0000 

  0x000001728818a000: ;   {metadata(method data for {method} {0x00000172a741f850} 'append' '(Ljava/lang/String;)Ljava/lang/StringBuilder;' in 'java/lang/StringBuilder')}
  0x000001728818a000: 49b8 f040 | 03e8 7201 | 0000 4983 | 8010 0100 

  0x000001728818a010: ;   {oop(", expected one of "{0x0000000644a9a6a0})}
  0x000001728818a010: 0001 49b8 | a0a6 a944 | 0600 0000 | 488b 9424 | c801 0000 

  0x000001728818a024: ;   {optimized virtual_call}
  0x000001728818a024: 6666 90e8 

  0x000001728818a028: ; ImmutableOopMap {[456]=Oop [200]=Oop [464]=Oop }
                      ;*invokespecial append {reexecute=0 rethrow=0 return_oop=0}
                      ; - java.lang.StringBuilder::append@2 (line 179)
                      ; - ai.onnxruntime.OrtSession::run@648 (line 416)
  0x000001728818a028: 5473 dc06 | 488b 9424 | c800 0000 | 8b52 3048 | c1e2 0348 | 3b02 488b 

  0x000001728818a040: ;   {metadata(method data for {method} {0x00000172e8ed14f0} 'run' '(Ljava/util/Map;Ljava/util/Set;Ljava/util/Map;Lai/onnxruntime/OrtSession$RunOptions;)Lai/onnxruntime/OrtSession$Result;' in 'ai/onnxruntime/OrtSession')}
  0x000001728818a040: f248 bf20 | 8f2a e972 | 0100 008b | 7608 49ba | 0000 00a7 | 7201 0000 | 4903 f248 | 3bb7 d014 
  0x000001728818a060: 0000 750d | 4883 87d8 | 1400 0001 | e966 0000 | 0048 3bb7 | e014 0000 | 750d 4883 | 87e8 1400 
  0x000001728818a080: 0001 e950 | 0000 0048 | 81bf d014 | 0000 0000 | 0000 7517 | 4889 b7d0 | 1400 0048 | c787 d814 
  0x000001728818a0a0: 0000 0100 | 0000 e92c | 0000 0048 | 81bf e014 | 0000 0000 | 0000 7517 | 4889 b7e0 | 1400 0048 
  0x000001728818a0c0: c787 e814 | 0000 0100 | 0000 e908 | 0000 0048 | 8387 c014 | 0000 0166 | 0f1f 4400 | 0048 b8ff 
  0x000001728818a0e0: ffff ffff 

  0x000001728818a0e4: ;   {virtual_call}
  0x000001728818a0e4: ffff ffe8 

  0x000001728818a0e8: ; ImmutableOopMap {[456]=Oop [464]=Oop }
                      ;*invokevirtual toString {reexecute=0 rethrow=0 return_oop=0}
                      ; - ai.onnxruntime.OrtSession::run@655 (line 417)
  0x000001728818a0e8: 9475 dc06 | 4c8b 8424 | c801 0000 

  0x000001728818a0f4: ;   {metadata(method data for {method} {0x00000172e8ed14f0} 'run' '(Ljava/util/Map;Ljava/util/Set;Ljava/util/Map;Lai/onnxruntime/OrtSession$RunOptions;)Lai/onnxruntime/OrtSession$Result;' in 'ai/onnxruntime/OrtSession')}
  0x000001728818a0f4: 48ba 208f | 2ae9 7201 | 0000 4883 | 82f8 1400 

  0x000001728818a104: ;   {metadata(method data for {method} {0x00000172a741f850} 'append' '(Ljava/lang/String;)Ljava/lang/StringBuilder;' in 'java/lang/StringBuilder')}
  0x000001728818a104: 0001 49b8 | f040 03e8 | 7201 0000 | 418b 90cc | 0000 0083 | c202 4189 | 90cc 0000 | 0081 e2fe 
  0x000001728818a124: ff1f 0083 | fa00 0f84 | 660f 0000 | 4c8b 8424 | c801 0000 

  0x000001728818a138: ;   {metadata(method data for {method} {0x00000172a741f850} 'append' '(Ljava/lang/String;)Ljava/lang/StringBuilder;' in 'java/lang/StringBuilder')}
  0x000001728818a138: 48ba f040 | 03e8 7201 | 0000 4883 | 8210 0100 | 0001 4c8b | c048 8b94 | 24c8 0100 

  0x000001728818a154: ;   {optimized virtual_call}
  0x000001728818a154: 0066 90e8 

  0x000001728818a158: ; ImmutableOopMap {[456]=Oop [464]=Oop }
                      ;*invokespecial append {reexecute=0 rethrow=0 return_oop=0}
                      ; - java.lang.StringBuilder::append@2 (line 179)
                      ; - ai.onnxruntime.OrtSession::run@658 (line 417)
  0x000001728818a158: 2472 dc06 | 488b 8424 | c801 0000 

  0x000001728818a164: ;   {metadata(method data for {method} {0x00000172e8ed14f0} 'run' '(Ljava/util/Map;Ljava/util/Set;Ljava/util/Map;Lai/onnxruntime/OrtSession$RunOptions;)Lai/onnxruntime/OrtSession$Result;' in 'ai/onnxruntime/OrtSession')}
  0x000001728818a164: 48ba 208f | 2ae9 7201 | 0000 4883 | 8230 1500 

  0x000001728818a174: ;   {metadata(method data for {method} {0x00000172a741f170} 'toString' '()Ljava/lang/String;' in 'java/lang/StringBuilder')}
  0x000001728818a174: 0001 48ba | 9844 03e8 | 7201 0000 | 448b 82cc | 0000 0041 | 83c0 0244 | 8982 cc00 | 0000 4181 
  0x000001728818a194: e0fe ff1f | 0041 83f8 | 000f 8414 | 0f00 0048 | 8b84 24c8 

  0x000001728818a1a8: ;   {metadata(method data for {method} {0x00000172a741f170} 'toString' '()Ljava/lang/String;' in 'java/lang/StringBuilder')}
  0x000001728818a1a8: 0100 0048 | ba98 4403 | e872 0100 | 0048 8382 | 1001 0000 

  0x000001728818a1bc: ;   {metadata(method data for {method} {0x00000172a705d7b8} 'isLatin1' '()Z' in 'java/lang/AbstractStringBuilder')}
  0x000001728818a1bc: 0148 ba08 | 2902 e872 | 0100 0044 | 8b82 cc00 | 0000 4183 | c002 4489 | 82cc 0000 | 0041 81e0 
  0x000001728818a1dc: feff 1f00 | 4183 f800 | 0f84 ee0e 

  0x000001728818a1e8: ;   {metadata(method data for {method} {0x00000172a705d7b8} 'isLatin1' '()Z' in 'java/lang/AbstractStringBuilder')}
  0x000001728818a1e8: 0000 48ba | 0829 02e8 | 7201 0000 | ff82 2001 | 0000 488b | 8424 c801 | 0000 0fbe | 5010 83fa 
  0x000001728818a208: ;   {metadata(method data for {method} {0x00000172a705d7b8} 'isLatin1' '()Z' in 'java/lang/AbstractStringBuilder')}
  0x000001728818a208: 0048 ba08 | 2902 e872 | 0100 0049 | c7c0 3001 | 0000 0f85 | 0700 0000 | 49c7 c040 | 0100 004e 
  0x000001728818a228: 8b0c 024d | 8d49 014e | 890c 020f | 851a 0000 

  0x000001728818a238: ;   {metadata(method data for {method} {0x00000172a705d7b8} 'isLatin1' '()Z' in 'java/lang/AbstractStringBuilder')}
  0x000001728818a238: 0048 ba08 | 2902 e872 | 0100 00ff | 8250 0100 | 00ba 0100 | 0000 e905 | 0000 00ba | 0000 0000 
  0x000001728818a258: 83e2 0183 

  0x000001728818a25c: ;   {metadata(method data for {method} {0x00000172a741f170} 'toString' '()Ljava/lang/String;' in 'java/lang/StringBuilder')}
  0x000001728818a25c: fa00 48ba | 9844 03e8 | 7201 0000 | 49c7 c048 | 0100 000f | 8407 0000 | 0049 c7c0 | 5801 0000 
  0x000001728818a27c: 4e8b 0c02 | 4d8d 4901 | 4e89 0c02 | 0f84 4300 | 0000 8b50 | 1448 c1e2 | 0344 8b48 

  0x000001728818a298: ;   {metadata(method data for {method} {0x00000172a741f170} 'toString' '()Ljava/lang/String;' in 'java/lang/StringBuilder')}
  0x000001728818a298: 0c49 b898 | 4403 e872 | 0100 0049 | 8380 6801 | 0000 0141 | b800 0000 | 0066 0f1f 

  0x000001728818a2b4: ;   {static_call}
  0x000001728818a2b4: 4400 00e8 

  0x000001728818a2b8: ; ImmutableOopMap {[464]=Oop }
                      ;*invokestatic newString {reexecute=0 rethrow=0 return_oop=0}
                      ; - java.lang.StringBuilder::toString@16 (line 453)
                      ; - ai.onnxruntime.OrtSession::run@661 (line 417)
  0x000001728818a2b8: c476 dc06 

  0x000001728818a2bc: ;   {metadata(method data for {method} {0x00000172a741f170} 'toString' '()Ljava/lang/String;' in 'java/lang/StringBuilder')}
  0x000001728818a2bc: 48ba 9844 | 03e8 7201 | 0000 ff82 | 7801 0000 | e941 0200 | 008b 5014 | 48c1 e203 | 448b 480c 
  0x000001728818a2dc: ;   {metadata(method data for {method} {0x00000172a741f170} 'toString' '()Ljava/lang/String;' in 'java/lang/StringBuilder')}
  0x000001728818a2dc: 49b8 9844 | 03e8 7201 | 0000 4983 | 8090 0100 | 0001 41b8 | 0000 0000 

  0x000001728818a2f4: ;   {static_call}
  0x000001728818a2f4: 6666 90e8 

  0x000001728818a2f8: ; ImmutableOopMap {[464]=Oop }
                      ;*invokestatic newString {reexecute=0 rethrow=0 return_oop=0}
                      ; - java.lang.StringBuilder::toString@31 (line 454)
                      ; - ai.onnxruntime.OrtSession::run@661 (line 417)
  0x000001728818a2f8: 8476 dc06 | e911 0200 | 0048 8b84 | 2458 0100 | 0048 8bb4 | 24e8 0000 | 0048 8b94 | 24c8 0000 
  0x000001728818a318: 0048 83fe 

  0x000001728818a31c: ;   {metadata(method data for {method} {0x00000172e8ed14f0} 'run' '(Ljava/util/Map;Ljava/util/Set;Ljava/util/Map;Lai/onnxruntime/OrtSession$RunOptions;)Lai/onnxruntime/OrtSession$Result;' in 'ai/onnxruntime/OrtSession')}
  0x000001728818a31c: 0048 bf20 | 8f2a e972 | 0100 0048 | c7c3 9015 | 0000 0f85 | 0700 0000 | 48c7 c3a0 | 1500 0048 
  0x000001728818a33c: 8b0c 1f48 | 8d49 0148 | 890c 1f0f | 853f 0000 

  0x000001728818a34c: ;   {metadata(method data for {method} {0x00000172e8ed14f0} 'run' '(Ljava/util/Map;Ljava/util/Set;Ljava/util/Map;Lai/onnxruntime/OrtSession$RunOptions;)Lai/onnxruntime/OrtSession$Result;' in 'ai/onnxruntime/OrtSession')}
  0x000001728818a34c: 0048 be20 | 8f2a e972 | 0100 00ff | 86b0 1500 | 0048 c7c3 | 0000 0000 | 4889 9c24 | d801 0000 
  0x000001728818a36c: 448b 8424 | 7001 0000 | 4c8b d848 | 8b8c 2420 | 0100 0048 | 8b84 2418 | 0100 00e9 | 4b00 0000 
  0x000001728818a38c: 488b d666 | 0f1f 4400 | 0048 b8ff | ffff ffff 

  0x000001728818a39c: ;   {virtual_call}
  0x000001728818a39c: ffff ffe8 

  0x000001728818a3a0: ; ImmutableOopMap {[280]=Oop [288]=Oop [352]=Oop [360]=Oop [200]=Oop [344]=Oop }
                      ;*invokevirtual getNativeHandle {reexecute=0 rethrow=0 return_oop=0}
                      ; - ai.onnxruntime.OrtSession::run@682 (line 420)
  0x000001728818a3a0: dc72 dc06 | 488b d848 | 899c 24d8 | 0100 0044 | 8b84 2470 | 0100 004c | 8b9c 2458 | 0100 0048 
  0x000001728818a3c0: 8b8c 2420 | 0100 0048 | 8b84 2418 | 0100 0048 | 8b94 24c8 

  0x000001728818a3d4: ;   {oop(a 'java/lang/Class'{0x000000064365bd70} = 'ai/onnxruntime/OnnxRuntime')}
  0x000001728818a3d4: 0000 0049 | b970 bd65 | 4306 0000 | 0049 8bb9 | b000 0000 | 4c8b 4a10 | 8b72 2848 | c1e6 0348 
  0x000001728818a3f4: 8b5e 108b | 700c 4c8b 

  0x000001728818a3fc: ;   {metadata(method data for {method} {0x00000172e8ed14f0} 'run' '(Ljava/util/Map;Ljava/util/Set;Ljava/util/Map;Lai/onnxruntime/OrtSession$RunOptions;)Lai/onnxruntime/OrtSession$Result;' in 'ai/onnxruntime/OrtSession')}
  0x000001728818a3fc: f248 ba20 | 8f2a e972 | 0100 0048 | 8382 0016 | 0000 0148 | 63d6 4d63 | e84c 8bc7 | 488b fb48 
  0x000001728818a41c: 8bf0 4889 | 1424 4c89 | 5c24 084c | 896c 2410 | 488b 8424 | 6001 0000 | 4889 4424 | 1848 8b94 
  0x000001728818a43c: 2468 0100 | 0048 8954 | 2420 488b | 9c24 d801 | 0000 4889 | 5c24 2848 | 8b94 24c8 | 0000 000f 
  0x000001728818a45c: ;   {optimized virtual_call}
  0x000001728818a45c: 1f40 00e8 

  0x000001728818a460: ; ImmutableOopMap {[352]=Oop [344]=Oop }
                      ;*invokespecial run {reexecute=0 rethrow=0 return_oop=0}
                      ; - ai.onnxruntime.OrtSession::run@722 (line 422)
  0x000001728818a460: 7c95 7907 

  0x000001728818a464: ;   {metadata('ai/onnxruntime/OrtSession$Result')}
  0x000001728818a464: 488b d848 | ba00 5229 | a872 0100 | 0049 8b87 | 0801 0000 | 488d 7820 | 493b bf18 | 0100 000f 
  0x000001728818a484: 8775 0c00 | 0049 89bf | 0801 0000 | 48c7 0001 | 0000 0048 | 8bca 49ba | 0000 00a7 | 7201 0000 
  0x000001728818a4a4: 492b ca89 | 4808 4833 | c989 480c | 4833 c948 | 8948 1048 | 8948 184c 

  0x000001728818a4bc: ;   {metadata(method data for {method} {0x00000172e8ed14f0} 'run' '(Ljava/util/Map;Ljava/util/Set;Ljava/util/Map;Lai/onnxruntime/OrtSession$RunOptions;)Lai/onnxruntime/OrtSession$Result;' in 'ai/onnxruntime/OrtSession')}
  0x000001728818a4bc: 8bc0 49b9 | 208f 2ae9 | 7201 0000 | 4983 8110 | 1600 0001 | 4c8b 8424 | 5801 0000 | 4c8b 8c24 
  0x000001728818a4dc: 6001 0000 | 488b fb48 | 8bd0 4889 | 8424 e001 

  0x000001728818a4ec: ;   {optimized virtual_call}
  0x000001728818a4ec: 0000 90e8 

  0x000001728818a4f0: ; ImmutableOopMap {[480]=Oop }
                      ;*invokespecial <init> {reexecute=0 rethrow=0 return_oop=0}
                      ; - ai.onnxruntime.OrtSession::run@737 (line 434)
  0x000001728818a4f0: cc99 5d00 | 488b 8424 | e001 0000 | 4881 c400 | 0200 005d 

  0x000001728818a504: ;   {poll_return}
  0x000001728818a504: 493b a748 | 0300 000f | 87fa 0b00 | 00c3 488b | b424 d001 | 0000 4c8b 

  0x000001728818a51c: ;   {metadata(method data for {method} {0x00000172e8ed14f0} 'run' '(Ljava/util/Map;Ljava/util/Set;Ljava/util/Map;Lai/onnxruntime/OrtSession$RunOptions;)Lai/onnxruntime/OrtSession$Result;' in 'ai/onnxruntime/OrtSession')}
  0x000001728818a51c: c648 ba20 | 8f2a e972 | 0100 0048 | 8382 6815 | 0000 014c | 8bc0 488b 

  0x000001728818a534: ;   {optimized virtual_call}
  0x000001728818a534: d666 90e8 

  0x000001728818a538: ; ImmutableOopMap {[464]=Oop }
                      ;*invokespecial <init> {reexecute=0 rethrow=0 return_oop=0}
                      ; - ai.onnxruntime.OrtSession::run@664 (line 417)
  0x000001728818a538: 446e dc06 | 488b 8424 | d001 0000 | e91d 0c00 | 0048 8bb4 | 24c0 0100 | 004c 8bc6 

  0x000001728818a554: ;   {metadata(method data for {method} {0x00000172e8ed14f0} 'run' '(Ljava/util/Map;Ljava/util/Set;Ljava/util/Map;Lai/onnxruntime/OrtSession$RunOptions;)Lai/onnxruntime/OrtSession$Result;' in 'ai/onnxruntime/OrtSession')}
  0x000001728818a554: 48ba 208f | 2ae9 7201 | 0000 4883 | 82f8 1300 | 0001 4c8b | c048 8bd6 

  0x000001728818a56c: ;   {optimized virtual_call}
  0x000001728818a56c: 6666 90e8 

  0x000001728818a570: ; ImmutableOopMap {[448]=Oop }
                      ;*invokespecial <init> {reexecute=0 rethrow=0 return_oop=0}
                      ; - ai.onnxruntime.OrtSession::run@621 (line 410)
  0x000001728818a570: 0c6e dc06 | 488b 8424 | c001 0000 | e9e5 0b00 | 0048 8bb4 | 2498 0100 | 004c 8bc6 

  0x000001728818a58c: ;   {metadata(method data for {method} {0x00000172e8ed14f0} 'run' '(Ljava/util/Map;Ljava/util/Set;Ljava/util/Map;Lai/onnxruntime/OrtSession$RunOptions;)Lai/onnxruntime/OrtSession$Result;' in 'ai/onnxruntime/OrtSession')}
  0x000001728818a58c: 48ba 208f | 2ae9 7201 | 0000 4883 | 82e0 1000 | 0001 4c8b | c048 8bd6 

  0x000001728818a5a4: ;   {optimized virtual_call}
  0x000001728818a5a4: 6666 90e8 

  0x000001728818a5a8: ; ImmutableOopMap {[408]=Oop }
                      ;*invokespecial <init> {reexecute=0 rethrow=0 return_oop=0}
                      ; - ai.onnxruntime.OrtSession::run@517 (line 399)
  0x000001728818a5a8: d46d dc06 | 488b 8424 | 9801 0000 | e9ad 0b00 | 0048 8bb4 | 2450 0100 | 004c 8bc6 

  0x000001728818a5c4: ;   {metadata(method data for {method} {0x00000172e8ed14f0} 'run' '(Ljava/util/Map;Ljava/util/Set;Ljava/util/Map;Lai/onnxruntime/OrtSession$RunOptions;)Lai/onnxruntime/OrtSession$Result;' in 'ai/onnxruntime/OrtSession')}
  0x000001728818a5c4: 48ba 208f | 2ae9 7201 | 0000 4883 | 82c8 0a00 | 0001 4c8b | c048 8bd6 

  0x000001728818a5dc: ;   {optimized virtual_call}
  0x000001728818a5dc: 6666 90e8 

  0x000001728818a5e0: ; ImmutableOopMap {[336]=Oop }
                      ;*invokespecial <init> {reexecute=0 rethrow=0 return_oop=0}
                      ; - ai.onnxruntime.OrtSession::run@319 (line 384)
  0x000001728818a5e0: 9c6d dc06 | 488b 8424 | 5001 0000 | e975 0b00 | 0048 8bb4 | 2410 0100 | 004c 8bc6 

  0x000001728818a5fc: ;   {metadata(method data for {method} {0x00000172e8ed14f0} 'run' '(Ljava/util/Map;Ljava/util/Set;Ljava/util/Map;Lai/onnxruntime/OrtSession$RunOptions;)Lai/onnxruntime/OrtSession$Result;' in 'ai/onnxruntime/OrtSession')}
  0x000001728818a5fc: 48ba 208f | 2ae9 7201 | 0000 4883 | 8248 0500 | 0001 4c8b | c048 8bd6 

  0x000001728818a614: ;   {optimized virtual_call}
  0x000001728818a614: 6666 90e8 

  0x000001728818a618: ; ImmutableOopMap {[272]=Oop }
                      ;*invokespecial <init> {reexecute=0 rethrow=0 return_oop=0}
                      ; - ai.onnxruntime.OrtSession::run@151 (line 368)
  0x000001728818a618: 646d dc06 | 488b 8424 | 1001 0000 | e93d 0b00 | 0048 8bb4 | 24f8 0000 | 004c 8bc6 

  0x000001728818a634: ;   {metadata(method data for {method} {0x00000172e8ed14f0} 'run' '(Ljava/util/Map;Ljava/util/Set;Ljava/util/Map;Lai/onnxruntime/OrtSession$RunOptions;)Lai/onnxruntime/OrtSession$Result;' in 'ai/onnxruntime/OrtSession')}
  0x000001728818a634: 48ba 208f | 2ae9 7201 | 0000 4883 | 8260 0300 | 0001 4c8b | c048 8bd6 

  0x000001728818a64c: ;   {optimized virtual_call}
  0x000001728818a64c: 6666 90e8 

  0x000001728818a650: ; ImmutableOopMap {[248]=Oop }
                      ;*invokespecial <init> {reexecute=0 rethrow=0 return_oop=0}
                      ; - ai.onnxruntime.OrtSession::run@80 (line 364)
  0x000001728818a650: 2c6d dc06 | 488b 8424 | f800 0000 | e905 0b00 | 000f 1f80 | 0000 0000 

  0x000001728818a668: ;   {no_reloc}
  0x000001728818a668: e9c3 0a00 | 0000 0000 | 0000 498b | 8708 0100 | 0048 8d78 | 2849 3bbf | 1801 0000 | 0f87 b00a 
  0x000001728818a688: 0000 4989 | bf08 0100 | 0048 c700 | 0100 0000 | 488b ca49 | ba00 0000 | a772 0100 | 0049 2bca 
  0x000001728818a6a8: 8948 0848 | 33c9 8948 | 0c48 33c9 | 4889 4810 | 4889 4818 | 4889 4820 

  0x000001728818a6c0: ;   {metadata(method data for {method} {0x00000172e8ed14f0} 'run' '(Ljava/util/Map;Ljava/util/Set;Ljava/util/Map;Lai/onnxruntime/OrtSession$RunOptions;)Lai/onnxruntime/OrtSession$Result;' in 'ai/onnxruntime/OrtSession')}
  0x000001728818a6c0: 4c8b c048 | ba20 8f2a | e972 0100 | 0048 8382 | 2016 0000 

  0x000001728818a6d4: ;   {oop("Trying to score a closed OrtSession."{0x0000000644a9a890})}
  0x000001728818a6d4: 0149 b890 | a8a9 4406 | 0000 0048 | 8bd0 4889 | 8424 e801 | 0000 0f1f 

  0x000001728818a6ec: ;   {optimized virtual_call}
  0x000001728818a6ec: 4400 00e8 

  0x000001728818a6f0: ; ImmutableOopMap {[488]=Oop }
                      ;*invokespecial <init> {reexecute=0 rethrow=0 return_oop=0}
                      ; - ai.onnxruntime.OrtSession::run@747 (line 436)
  0x000001728818a6f0: 8c6c dc06 | 488b 8424 | e801 0000 | e965 0a00 

  0x000001728818a700: ;   {metadata({method} {0x00000172e8ed14f0} 'run' '(Ljava/util/Map;Ljava/util/Set;Ljava/util/Map;Lai/onnxruntime/OrtSession$RunOptions;)Lai/onnxruntime/OrtSession$Result;' in 'ai/onnxruntime/OrtSession')}
  0x000001728818a700: 0049 bae8 | 14ed e872 | 0100 004c | 8954 2408 | 48c7 0424 | ffff ffff 

  0x000001728818a718: ;   {runtime_call counter_overflow Runtime1 stub}
  0x000001728818a718: e863 0be7 

  0x000001728818a71c: ; ImmutableOopMap {rdx=Oop [200]=Oop r8=Oop [208]=Oop r9=Oop [216]=Oop rdi=Oop [224]=Oop rsi=Oop }
                      ;*synchronization entry
                      ; - ai.onnxruntime.OrtSession::run@-1 (line 361)
  0x000001728818a71c: 06e9 d5ad 

  0x000001728818a720: ;   {runtime_call throw_null_pointer_exception Runtime1 stub}
  0x000001728818a720: ffff e879 

  0x000001728818a724: ; ImmutableOopMap {r8=Oop [208]=Oop [200]=Oop [224]=Oop [216]=Oop [232]=Oop }
                      ;*invokeinterface isEmpty {reexecute=0 rethrow=0 return_oop=0}
                      ; - ai.onnxruntime.OrtSession::run@8 (line 362)
                      ;   {metadata(NULL)}
  0x000001728818a724: b4e6 0648 | ba00 0000 | 0000 0000 | 00b8 000f 

  0x000001728818a734: ;   {runtime_call load_klass_patching Runtime1 stub}
  0x000001728818a734: 050a e8c5 

  0x000001728818a738: ; ImmutableOopMap {[208]=Oop [200]=Oop }
                      ;*new {reexecute=1 rethrow=0 return_oop=0}
                      ; - (reexecute) ai.onnxruntime.OrtSession::run@40 (line 363)
  0x000001728818a738: fae6 06e9 | 18b0 ffff 

  0x000001728818a740: ;   {runtime_call throw_null_pointer_exception Runtime1 stub}
  0x000001728818a740: e85b b4e6 

  0x000001728818a744: ; ImmutableOopMap {[208]=Oop [200]=Oop }
                      ;*new {reexecute=0 rethrow=0 return_oop=0}
                      ; - ai.onnxruntime.OrtSession::run@40 (line 363)
  0x000001728818a744: 0648 8bd2 

  0x000001728818a748: ;   {runtime_call fast_new_instance_init_check Runtime1 stub}
  0x000001728818a748: e833 c6e6 

  0x000001728818a74c: ; ImmutableOopMap {[208]=Oop [200]=Oop }
                      ;*new {reexecute=0 rethrow=0 return_oop=0}
                      ; - ai.onnxruntime.OrtSession::run@40 (line 363)
  0x000001728818a74c: 06e9 6bb0 

  0x000001728818a750: ;   {metadata(NULL)}
  0x000001728818a750: ffff 48ba | 0000 0000 | 0000 0000 | b800 0f05 

  0x000001728818a760: ;   {runtime_call load_klass_patching Runtime1 stub}
  0x000001728818a760: 0ae8 9afa 

  0x000001728818a764: ; ImmutableOopMap {[208]=Oop [200]=Oop rax=Oop [248]=Oop }
                      ;*new {reexecute=1 rethrow=0 return_oop=0}
                      ; - (reexecute) ai.onnxruntime.OrtSession::run@44 (line 363)
  0x000001728818a764: e606 e95d | b0ff ff48 

  0x000001728818a76c: ;   {runtime_call fast_new_instance Runtime1 stub}
  0x000001728818a76c: 8bd2 e80d 

  0x000001728818a770: ; ImmutableOopMap {[208]=Oop [200]=Oop [248]=Oop }
                      ;*new {reexecute=0 rethrow=0 return_oop=0}
                      ; - ai.onnxruntime.OrtSession::run@44 (line 363)
  0x000001728818a770: c3e6 06e9 | a0b0 ffff 

  0x000001728818a778: ;   {metadata({method} {0x00000172a741f118} '<init>' '()V' in 'java/lang/StringBuilder')}
  0x000001728818a778: 49ba 10f1 | 41a7 7201 | 0000 4c89 | 5424 0848 | c704 24ff 

  0x000001728818a78c: ;   {runtime_call counter_overflow Runtime1 stub}
  0x000001728818a78c: ffff ffe8 

  0x000001728818a790: ; ImmutableOopMap {[208]=Oop [200]=Oop [248]=Oop rax=Oop }
                      ;*synchronization entry
                      ; - java.lang.StringBuilder::<init>@-1 (line 106)
                      ; - ai.onnxruntime.OrtSession::run@48 (line 363)
  0x000001728818a790: ec0a e706 | e9be b0ff 

  0x000001728818a798: ;   {metadata({method} {0x00000172a741f850} 'append' '(Ljava/lang/String;)Ljava/lang/StringBuilder;' in 'java/lang/StringBuilder')}
  0x000001728818a798: ff49 ba48 | f841 a772 | 0100 004c | 8954 2408 | 48c7 0424 | ffff ffff 

  0x000001728818a7b0: ;   {runtime_call counter_overflow Runtime1 stub}
  0x000001728818a7b0: e8cb 0ae7 

  0x000001728818a7b4: ; ImmutableOopMap {[208]=Oop [200]=Oop [240]=Oop [248]=Oop }
                      ;*synchronization entry
                      ; - java.lang.StringBuilder::append@-1 (line 179)
                      ; - ai.onnxruntime.OrtSession::run@53 (line 363)
  0x000001728818a7b4: 06e9 0eb1 

  0x000001728818a7b8: ;   {metadata({method} {0x00000172a741fa60} 'append' '(J)Ljava/lang/StringBuilder;' in 'java/lang/StringBuilder')}
  0x000001728818a7b8: ffff 49ba | 58fa 41a7 | 7201 0000 | 4c89 5424 | 0848 c704 | 24ff ffff 

  0x000001728818a7d0: ;   {runtime_call counter_overflow Runtime1 stub}
  0x000001728818a7d0: ffe8 aa0a 

  0x000001728818a7d4: ; ImmutableOopMap {[208]=Oop [240]=Oop [248]=Oop }
                      ;*synchronization entry
                      ; - java.lang.StringBuilder::append@-1 (line 259)
                      ; - ai.onnxruntime.OrtSession::run@60 (line 363)
  0x000001728818a7d4: e706 e96f 

  0x000001728818a7d8: ;   {metadata({method} {0x00000172a741f850} 'append' '(Ljava/lang/String;)Ljava/lang/StringBuilder;' in 'java/lang/StringBuilder')}
  0x000001728818a7d8: b1ff ff49 | ba48 f841 | a772 0100 | 004c 8954 | 2408 48c7 | 0424 ffff 

  0x000001728818a7f0: ;   {runtime_call counter_overflow Runtime1 stub}
  0x000001728818a7f0: ffff e889 

  0x000001728818a7f4: ; ImmutableOopMap {[208]=Oop [240]=Oop [248]=Oop }
                      ;*synchronization entry
                      ; - java.lang.StringBuilder::append@-1 (line 179)
                      ; - ai.onnxruntime.OrtSession::run@65 (line 363)
  0x000001728818a7f4: 0ae7 06e9 | bcb1 ffff 

  0x000001728818a7fc: ;   {metadata({method} {0x00000172a741fa08} 'append' '(I)Ljava/lang/StringBuilder;' in 'java/lang/StringBuilder')}
  0x000001728818a7fc: 49ba 00fa | 41a7 7201 | 0000 4c89 | 5424 0848 | c704 24ff 

  0x000001728818a810: ;   {runtime_call counter_overflow Runtime1 stub}
  0x000001728818a810: ffff ffe8 

  0x000001728818a814: ; ImmutableOopMap {[240]=Oop [248]=Oop }
                      ;*synchronization entry
                      ; - java.lang.StringBuilder::append@-1 (line 253)
                      ; - ai.onnxruntime.OrtSession::run@74 (line 364)
  0x000001728818a814: 680a e706 | e9cb b2ff 

  0x000001728818a81c: ;   {metadata({method} {0x00000172a741f170} 'toString' '()Ljava/lang/String;' in 'java/lang/StringBuilder')}
  0x000001728818a81c: ff49 ba68 | f141 a772 | 0100 004c | 8954 2408 | 48c7 0424 | ffff ffff 

  0x000001728818a834: ;   {runtime_call counter_overflow Runtime1 stub}
  0x000001728818a834: e847 0ae7 

  0x000001728818a838: ; ImmutableOopMap {[240]=Oop [248]=Oop }
                      ;*synchronization entry
                      ; - java.lang.StringBuilder::toString@-1 (line 453)
                      ; - ai.onnxruntime.OrtSession::run@77 (line 364)
  0x000001728818a838: 06e9 1db3 

  0x000001728818a83c: ;   {metadata({method} {0x00000172a705d7b8} 'isLatin1' '()Z' in 'java/lang/AbstractStringBuilder')}
  0x000001728818a83c: ffff 49ba | b0d7 05a7 | 7201 0000 | 4c89 5424 | 0848 c704 | 24ff ffff 

  0x000001728818a854: ;   {runtime_call counter_overflow Runtime1 stub}
  0x000001728818a854: ffe8 260a 

  0x000001728818a858: ; ImmutableOopMap {[240]=Oop [248]=Oop }
                      ;*synchronization entry
                      ; - java.lang.AbstractStringBuilder::isLatin1@-1 (line 1677)
                      ; - java.lang.StringBuilder::toString@1 (line 453)
                      ; - ai.onnxruntime.OrtSession::run@77 (line 364)
  0x000001728818a858: e706 e943 

  0x000001728818a85c: ;   {runtime_call throw_null_pointer_exception Runtime1 stub}
  0x000001728818a85c: b3ff ffe8 

  0x000001728818a860: ; ImmutableOopMap {[224]=Oop r9=Oop [216]=Oop [200]=Oop [232]=Oop [208]=Oop }
                      ;*invokeinterface size {reexecute=0 rethrow=0 return_oop=0}
                      ; - ai.onnxruntime.OrtSession::run@85 (line 366)
  0x000001728818a860: 3cb3 e606 

  0x000001728818a864: ;   {runtime_call throw_null_pointer_exception Runtime1 stub}
  0x000001728818a864: e837 b3e6 

  0x000001728818a868: ; ImmutableOopMap {[232]=Oop [208]=Oop [216]=Oop [200]=Oop rdi=Oop [224]=Oop }
                      ;*invokeinterface size {reexecute=0 rethrow=0 return_oop=0}
                      ; - ai.onnxruntime.OrtSession::run@91 (line 366)
                      ;   {metadata(NULL)}
  0x000001728818a868: 0648 ba00 | 0000 0000 | 0000 00b8 | 000f 050a 

  0x000001728818a878: ;   {runtime_call load_klass_patching Runtime1 stub}
  0x000001728818a878: e883 f9e6 

  0x000001728818a87c: ; ImmutableOopMap {[200]=Oop }
                      ;*new {reexecute=1 rethrow=0 return_oop=0}
                      ; - (reexecute) ai.onnxruntime.OrtSession::run@115 (line 368)
  0x000001728818a87c: 06e9 3eb6 

  0x000001728818a880: ;   {runtime_call throw_null_pointer_exception Runtime1 stub}
  0x000001728818a880: ffff e819 

  0x000001728818a884: ; ImmutableOopMap {[200]=Oop }
                      ;*new {reexecute=0 rethrow=0 return_oop=0}
                      ; - ai.onnxruntime.OrtSession::run@115 (line 368)
  0x000001728818a884: b3e6 0648 

  0x000001728818a888: ;   {runtime_call fast_new_instance_init_check Runtime1 stub}
  0x000001728818a888: 8bd2 e8f1 

  0x000001728818a88c: ; ImmutableOopMap {[200]=Oop }
                      ;*new {reexecute=0 rethrow=0 return_oop=0}
                      ; - ai.onnxruntime.OrtSession::run@115 (line 368)
  0x000001728818a88c: c4e6 06e9 | 91b6 ffff 

  0x000001728818a894: ;   {metadata(NULL)}
  0x000001728818a894: 48ba 0000 | 0000 0000 | 0000 b800 

  0x000001728818a8a0: ;   {runtime_call load_klass_patching Runtime1 stub}
  0x000001728818a8a0: 0f05 0ae8 

  0x000001728818a8a4: ; ImmutableOopMap {[200]=Oop rax=Oop [272]=Oop }
                      ;*new {reexecute=1 rethrow=0 return_oop=0}
                      ; - (reexecute) ai.onnxruntime.OrtSession::run@119 (line 368)
  0x000001728818a8a4: 58f9 e606 | e983 b6ff | ff48 8bd2 

  0x000001728818a8b0: ;   {runtime_call fast_new_instance Runtime1 stub}
  0x000001728818a8b0: e8cb c1e6 

  0x000001728818a8b4: ; ImmutableOopMap {[200]=Oop [272]=Oop }
                      ;*new {reexecute=0 rethrow=0 return_oop=0}
                      ; - ai.onnxruntime.OrtSession::run@119 (line 368)
  0x000001728818a8b4: 06e9 c6b6 

  0x000001728818a8b8: ;   {metadata({method} {0x00000172a741f118} '<init>' '()V' in 'java/lang/StringBuilder')}
  0x000001728818a8b8: ffff 49ba | 10f1 41a7 | 7201 0000 | 4c89 5424 | 0848 c704 | 24ff ffff 

  0x000001728818a8d0: ;   {runtime_call counter_overflow Runtime1 stub}
  0x000001728818a8d0: ffe8 aa09 

  0x000001728818a8d4: ; ImmutableOopMap {[200]=Oop [272]=Oop rax=Oop }
                      ;*synchronization entry
                      ; - java.lang.StringBuilder::<init>@-1 (line 106)
                      ; - ai.onnxruntime.OrtSession::run@123 (line 368)
  0x000001728818a8d4: e706 e9e4 

  0x000001728818a8d8: ;   {metadata({method} {0x00000172a741f850} 'append' '(Ljava/lang/String;)Ljava/lang/StringBuilder;' in 'java/lang/StringBuilder')}
  0x000001728818a8d8: b6ff ff49 | ba48 f841 | a772 0100 | 004c 8954 | 2408 48c7 | 0424 ffff 

  0x000001728818a8f0: ;   {runtime_call counter_overflow Runtime1 stub}
  0x000001728818a8f0: ffff e889 

  0x000001728818a8f4: ; ImmutableOopMap {[200]=Oop [272]=Oop [264]=Oop }
                      ;*synchronization entry
                      ; - java.lang.StringBuilder::append@-1 (line 179)
                      ; - ai.onnxruntime.OrtSession::run@128 (line 368)
  0x000001728818a8f4: 09e7 06e9 | 34b7 ffff 

  0x000001728818a8fc: ;   {metadata({method} {0x00000172a741fa60} 'append' '(J)Ljava/lang/StringBuilder;' in 'java/lang/StringBuilder')}
  0x000001728818a8fc: 49ba 58fa | 41a7 7201 | 0000 4c89 | 5424 0848 | c704 24ff 

  0x000001728818a910: ;   {runtime_call counter_overflow Runtime1 stub}
  0x000001728818a910: ffff ffe8 

  0x000001728818a914: ; ImmutableOopMap {[272]=Oop [264]=Oop }
                      ;*synchronization entry
                      ; - java.lang.StringBuilder::append@-1 (line 259)
                      ; - ai.onnxruntime.OrtSession::run@135 (line 368)
  0x000001728818a914: 6809 e706 | e995 b7ff 

  0x000001728818a91c: ;   {metadata({method} {0x00000172a741f850} 'append' '(Ljava/lang/String;)Ljava/lang/StringBuilder;' in 'java/lang/StringBuilder')}
  0x000001728818a91c: ff49 ba48 | f841 a772 | 0100 004c | 8954 2408 | 48c7 0424 | ffff ffff 

  0x000001728818a934: ;   {runtime_call counter_overflow Runtime1 stub}
  0x000001728818a934: e847 09e7 

  0x000001728818a938: ; ImmutableOopMap {[272]=Oop [264]=Oop }
                      ;*synchronization entry
                      ; - java.lang.StringBuilder::append@-1 (line 179)
                      ; - ai.onnxruntime.OrtSession::run@140 (line 368)
  0x000001728818a938: 06e9 e2b7 

  0x000001728818a93c: ;   {metadata({method} {0x00000172a741fa08} 'append' '(I)Ljava/lang/StringBuilder;' in 'java/lang/StringBuilder')}
  0x000001728818a93c: ffff 49ba | 00fa 41a7 | 7201 0000 | 4c89 5424 | 0848 c704 | 24ff ffff 

  0x000001728818a954: ;   {runtime_call counter_overflow Runtime1 stub}
  0x000001728818a954: ffe8 2609 

  0x000001728818a958: ; ImmutableOopMap {[272]=Oop [264]=Oop }
                      ;*synchronization entry
                      ; - java.lang.StringBuilder::append@-1 (line 253)
                      ; - ai.onnxruntime.OrtSession::run@145 (line 368)
  0x000001728818a958: e706 e939 

  0x000001728818a95c: ;   {metadata({method} {0x00000172a741f170} 'toString' '()Ljava/lang/String;' in 'java/lang/StringBuilder')}
  0x000001728818a95c: b8ff ff49 | ba68 f141 | a772 0100 | 004c 8954 | 2408 48c7 | 0424 ffff 

  0x000001728818a974: ;   {runtime_call counter_overflow Runtime1 stub}
  0x000001728818a974: ffff e805 

  0x000001728818a978: ; ImmutableOopMap {[272]=Oop [264]=Oop }
                      ;*synchronization entry
                      ; - java.lang.StringBuilder::toString@-1 (line 453)
                      ; - ai.onnxruntime.OrtSession::run@148 (line 368)
  0x000001728818a978: 09e7 06e9 | 93b8 ffff 

  0x000001728818a980: ;   {metadata({method} {0x00000172a705d7b8} 'isLatin1' '()Z' in 'java/lang/AbstractStringBuilder')}
  0x000001728818a980: 49ba b0d7 | 05a7 7201 | 0000 4c89 | 5424 0848 | c704 24ff 

  0x000001728818a994: ;   {runtime_call counter_overflow Runtime1 stub}
  0x000001728818a994: ffff ffe8 

  0x000001728818a998: ; ImmutableOopMap {[272]=Oop [264]=Oop }
                      ;*synchronization entry
                      ; - java.lang.AbstractStringBuilder::isLatin1@-1 (line 1677)
                      ; - java.lang.StringBuilder::toString@1 (line 453)
                      ; - ai.onnxruntime.OrtSession::run@148 (line 368)
  0x000001728818a998: e408 e706 | e9b9 b8ff 

  0x000001728818a9a0: ;   {runtime_call new_object_array Runtime1 stub}
  0x000001728818a9a0: ffe8 dac9 

  0x000001728818a9a4: ; ImmutableOopMap {[224]=Oop [216]=Oop [232]=Oop [200]=Oop [208]=Oop }
                      ;*anewarray {reexecute=0 rethrow=0 return_oop=0}
                      ; - ai.onnxruntime.OrtSession::run@161 (line 374)
  0x000001728818a9a4: e606 e90e 

  0x000001728818a9a8: ;   {runtime_call new_type_array Runtime1 stub}
  0x000001728818a9a8: bbff ffe8 

  0x000001728818a9ac: ; ImmutableOopMap {[224]=Oop [216]=Oop [232]=Oop [200]=Oop [208]=Oop [280]=Oop }
                      ;*newarray {reexecute=0 rethrow=0 return_oop=0}
                      ; - ai.onnxruntime.OrtSession::run@172 (line 375)
  0x000001728818a9ac: d0c6 e606 | e95c bcff 

  0x000001728818a9b4: ;   {runtime_call throw_null_pointer_exception Runtime1 stub}
  0x000001728818a9b4: ffe8 e6b1 

  0x000001728818a9b8: ; ImmutableOopMap {[224]=Oop [216]=Oop [232]=Oop [200]=Oop [280]=Oop [288]=Oop rax=Oop }
                      ;*invokeinterface iterator {reexecute=0 rethrow=0 return_oop=0}
                      ; - ai.onnxruntime.OrtSession::run@185 (line 377)
  0x000001728818a9b8: e606 4889 

  0x000001728818a9bc: ;   {runtime_call throw_class_cast_exception Runtime1 stub}
  0x000001728818a9bc: 0424 e8dd 

  0x000001728818a9c0: ; ImmutableOopMap {[224]=Oop [216]=Oop [232]=Oop [288]=Oop [296]=Oop [280]=Oop [200]=Oop }
                      ;*checkcast {reexecute=0 rethrow=0 return_oop=0}
                      ; - ai.onnxruntime.OrtSession::run@209 (line 377)
                      ;   {runtime_call throw_null_pointer_exception Runtime1 stub}
  0x000001728818a9c0: dbe6 06e8 

  0x000001728818a9c4: ; ImmutableOopMap {[224]=Oop [216]=Oop [232]=Oop [288]=Oop [296]=Oop [280]=Oop rsi=Oop [320]=Oop rdx=Oop [200]=Oop rdi=Oop }
                      ;*invokeinterface getKey {reexecute=0 rethrow=0 return_oop=0}
                      ; - ai.onnxruntime.OrtSession::run@220 (line 378)
  0x000001728818a9c4: d8b1 e606 

  0x000001728818a9c8: ;   {runtime_call throw_null_pointer_exception Runtime1 stub}
  0x000001728818a9c8: e8d3 b1e6 

  0x000001728818a9cc: ; ImmutableOopMap {[224]=Oop [216]=Oop [232]=Oop [288]=Oop [296]=Oop [280]=Oop [320]=Oop [200]=Oop rax=Oop rdi=Oop }
                      ;*invokeinterface contains {reexecute=0 rethrow=0 return_oop=0}
                      ; - ai.onnxruntime.OrtSession::run@225 (line 378)
  0x000001728818a9cc: 0648 8904 

  0x000001728818a9d0: ;   {runtime_call throw_class_cast_exception Runtime1 stub}
  0x000001728818a9d0: 24e8 cadb 

  0x000001728818a9d4: ; ImmutableOopMap {[224]=Oop [216]=Oop [232]=Oop [296]=Oop [320]=Oop [200]=Oop [280]=Oop [288]=Oop }
                      ;*checkcast {reexecute=0 rethrow=0 return_oop=0}
                      ; - ai.onnxruntime.OrtSession::run@244 (line 379)
  0x000001728818a9d4: e606 4889 | 3424 4889 

  0x000001728818a9dc: ;   {runtime_call throw_range_check_failed Runtime1 stub}
  0x000001728818a9dc: 4424 08e8 

  0x000001728818a9e0: ; ImmutableOopMap {[224]=Oop [216]=Oop [232]=Oop [296]=Oop [320]=Oop [200]=Oop [288]=Oop rdx=Oop rax=Oop [280]=Oop }
                      ;*aastore {reexecute=1 rethrow=0 return_oop=0}
                      ; - (reexecute) ai.onnxruntime.OrtSession::run@247 (line 379)
  0x000001728818a9e0: bca8 e606 

  0x000001728818a9e4: ;   {runtime_call throw_null_pointer_exception Runtime1 stub}
  0x000001728818a9e4: e8b7 b1e6 

  0x000001728818a9e8: ; ImmutableOopMap {[224]=Oop [216]=Oop [232]=Oop [296]=Oop [320]=Oop [200]=Oop [288]=Oop rdx=Oop rax=Oop [280]=Oop }
                      ;*aastore {reexecute=1 rethrow=0 return_oop=0}
                      ; - (reexecute) ai.onnxruntime.OrtSession::run@247 (line 379)
  0x000001728818a9e8: 0648 8914 

  0x000001728818a9ec: ;   {runtime_call throw_array_store_exception Runtime1 stub}
  0x000001728818a9ec: 24e8 aed8 

  0x000001728818a9f0: ; ImmutableOopMap {[224]=Oop [216]=Oop [232]=Oop [296]=Oop [320]=Oop [200]=Oop [288]=Oop rdx=Oop rax=Oop [280]=Oop }
                      ;*aastore {reexecute=1 rethrow=0 return_oop=0}
                      ; - (reexecute) ai.onnxruntime.OrtSession::run@247 (line 379)
  0x000001728818a9f0: e606 8b1f | 48c1 e303 | 4883 fb00 | 0f84 1cc4 | ffff 4889 

  0x000001728818aa04: ;   {runtime_call g1_pre_barrier_slow}
  0x000001728818aa04: 1c24 e875 | 0ee7 06e9 | 0ec4 ffff | 4883 fa00 | 0f84 22c4 | ffff 4889 

  0x000001728818aa1c: ;   {runtime_call g1_post_barrier_slow}
  0x000001728818aa1c: 3c24 e85d | 11e7 06e9 | 14c4 ffff | 4889 0424 

  0x000001728818aa2c: ;   {runtime_call throw_class_cast_exception Runtime1 stub}
  0x000001728818aa2c: e86f dbe6 

  0x000001728818aa30: ; ImmutableOopMap {[224]=Oop [216]=Oop [232]=Oop [296]=Oop [200]=Oop [288]=Oop [280]=Oop }
                      ;*checkcast {reexecute=0 rethrow=0 return_oop=0}
                      ; - ai.onnxruntime.OrtSession::run@259 (line 380)
                      ;   {runtime_call throw_null_pointer_exception Runtime1 stub}
  0x000001728818aa30: 06e8 6ab1 

  0x000001728818aa34: ; ImmutableOopMap {[224]=Oop [216]=Oop [232]=Oop [296]=Oop [200]=Oop [288]=Oop [280]=Oop rdx=Oop }
                      ;*invokevirtual getNativeHandle {reexecute=0 rethrow=0 return_oop=0}
                      ; - ai.onnxruntime.OrtSession::run@262 (line 380)
  0x000001728818aa34: e606 4889 | 1424 4889 

  0x000001728818aa3c: ;   {runtime_call throw_range_check_failed Runtime1 stub}
  0x000001728818aa3c: 4424 08e8 

  0x000001728818aa40: ; ImmutableOopMap {[224]=Oop [216]=Oop [232]=Oop [296]=Oop [200]=Oop [280]=Oop rax=Oop [288]=Oop }
                      ;*lastore {reexecute=0 rethrow=0 return_oop=0}
                      ; - ai.onnxruntime.OrtSession::run@265 (line 380)
  0x000001728818aa40: 5ca8 e606 

  0x000001728818aa44: ;   {metadata({method} {0x00000172e8ed14f0} 'run' '(Ljava/util/Map;Ljava/util/Set;Ljava/util/Map;Lai/onnxruntime/OrtSession$RunOptions;)Lai/onnxruntime/OrtSession$Result;' in 'ai/onnxruntime/OrtSession')}
  0x000001728818aa44: 49ba e814 | ede8 7201 | 0000 4c89 | 5424 0848 | c704 2443 

  0x000001728818aa58: ;   {runtime_call counter_overflow Runtime1 stub}
  0x000001728818aa58: 0100 00e8 

  0x000001728818aa5c: ; ImmutableOopMap {[224]=Oop [216]=Oop [232]=Oop [296]=Oop [200]=Oop [280]=Oop rax=Oop [288]=Oop }
                      ;*goto {reexecute=1 rethrow=0 return_oop=0}
                      ; - (reexecute) ai.onnxruntime.OrtSession::run@323 (line 386)
  0x000001728818aa5c: 2008 e706 | e986 c6ff 

  0x000001728818aa64: ;   {runtime_call throw_null_pointer_exception Runtime1 stub}
  0x000001728818aa64: ffe8 36b1 

  0x000001728818aa68: ; ImmutableOopMap {[224]=Oop [216]=Oop [232]=Oop rax=Oop [296]=Oop [200]=Oop [288]=Oop [280]=Oop }
                      ;*invokeinterface hasNext {reexecute=0 rethrow=0 return_oop=0}
                      ; - ai.onnxruntime.OrtSession::run@194 (line 377)
                      ;   {metadata(NULL)}
  0x000001728818aa68: e606 48ba | 0000 0000 | 0000 0000 | b800 0f05 

  0x000001728818aa78: ;   {runtime_call load_klass_patching Runtime1 stub}
  0x000001728818aa78: 0ae8 82f7 

  0x000001728818aa7c: ; ImmutableOopMap {[320]=Oop [200]=Oop }
                      ;*new {reexecute=1 rethrow=0 return_oop=0}
                      ; - (reexecute) ai.onnxruntime.OrtSession::run@272 (line 383)
  0x000001728818aa7c: e606 e985 

  0x000001728818aa80: ;   {runtime_call throw_null_pointer_exception Runtime1 stub}
  0x000001728818aa80: c7ff ffe8 

  0x000001728818aa84: ; ImmutableOopMap {[200]=Oop [320]=Oop }
                      ;*new {reexecute=0 rethrow=0 return_oop=0}
                      ; - ai.onnxruntime.OrtSession::run@272 (line 383)
  0x000001728818aa84: 18b1 e606 

  0x000001728818aa88: ;   {runtime_call fast_new_instance_init_check Runtime1 stub}
  0x000001728818aa88: 488b d2e8 

  0x000001728818aa8c: ; ImmutableOopMap {[200]=Oop [320]=Oop }
                      ;*new {reexecute=0 rethrow=0 return_oop=0}
                      ; - ai.onnxruntime.OrtSession::run@272 (line 383)
  0x000001728818aa8c: f0c2 e606 | e9d8 c7ff 

  0x000001728818aa94: ;   {metadata(NULL)}
  0x000001728818aa94: ff48 ba00 | 0000 0000 | 0000 00b8 | 000f 050a 

  0x000001728818aaa4: ;   {runtime_call load_klass_patching Runtime1 stub}
  0x000001728818aaa4: e857 f7e6 

  0x000001728818aaa8: ; ImmutableOopMap {[200]=Oop [320]=Oop rax=Oop [336]=Oop }
                      ;*new {reexecute=1 rethrow=0 return_oop=0}
                      ; - (reexecute) ai.onnxruntime.OrtSession::run@276 (line 383)
  0x000001728818aaa8: 06e9 cac7 | ffff 488b 

  0x000001728818aab0: ;   {runtime_call fast_new_instance Runtime1 stub}
  0x000001728818aab0: d2e8 cabf 

  0x000001728818aab4: ; ImmutableOopMap {[200]=Oop [320]=Oop [336]=Oop }
                      ;*new {reexecute=0 rethrow=0 return_oop=0}
                      ; - ai.onnxruntime.OrtSession::run@276 (line 383)
  0x000001728818aab4: e606 e90d 

  0x000001728818aab8: ;   {metadata({method} {0x00000172a741f118} '<init>' '()V' in 'java/lang/StringBuilder')}
  0x000001728818aab8: c8ff ff49 | ba10 f141 | a772 0100 | 004c 8954 | 2408 48c7 | 0424 ffff 

  0x000001728818aad0: ;   {runtime_call counter_overflow Runtime1 stub}
  0x000001728818aad0: ffff e8a9 

  0x000001728818aad4: ; ImmutableOopMap {[200]=Oop [320]=Oop [336]=Oop rax=Oop }
                      ;*synchronization entry
                      ; - java.lang.StringBuilder::<init>@-1 (line 106)
                      ; - ai.onnxruntime.OrtSession::run@280 (line 383)
  0x000001728818aad4: 07e7 06e9 | 2bc8 ffff 

  0x000001728818aadc: ;   {metadata({method} {0x00000172a741f850} 'append' '(Ljava/lang/String;)Ljava/lang/StringBuilder;' in 'java/lang/StringBuilder')}
  0x000001728818aadc: 49ba 48f8 | 41a7 7201 | 0000 4c89 | 5424 0848 | c704 24ff 

  0x000001728818aaf0: ;   {runtime_call counter_overflow Runtime1 stub}
  0x000001728818aaf0: ffff ffe8 

  0x000001728818aaf4: ; ImmutableOopMap {[320]=Oop [200]=Oop [328]=Oop [336]=Oop }
                      ;*synchronization entry
                      ; - java.lang.StringBuilder::append@-1 (line 179)
                      ; - ai.onnxruntime.OrtSession::run@285 (line 383)
  0x000001728818aaf4: 8807 e706 | e97b c8ff | ff48 8904 

  0x000001728818ab00: ;   {runtime_call throw_class_cast_exception Runtime1 stub}
  0x000001728818ab00: 24e8 9ada 

  0x000001728818ab04: ; ImmutableOopMap {[200]=Oop [328]=Oop [336]=Oop }
                      ;*checkcast {reexecute=0 rethrow=0 return_oop=0}
                      ; - ai.onnxruntime.OrtSession::run@295 (line 384)
                      ;   {metadata({method} {0x00000172a741f850} 'append' '(Ljava/lang/String;)Ljava/lang/StringBuilder;' in 'java/lang/StringBuilder')}
  0x000001728818ab04: e606 49ba | 48f8 41a7 | 7201 0000 | 4c89 5424 | 0848 c704 | 24ff ffff 

  0x000001728818ab1c: ;   {runtime_call counter_overflow Runtime1 stub}
  0x000001728818ab1c: ffe8 5e07 

  0x000001728818ab20: ; ImmutableOopMap {[200]=Oop [328]=Oop [336]=Oop r8=Oop }
                      ;*synchronization entry
                      ; - java.lang.StringBuilder::append@-1 (line 179)
                      ; - ai.onnxruntime.OrtSession::run@298 (line 384)
  0x000001728818ab20: e706 e970 

  0x000001728818ab24: ;   {metadata({method} {0x00000172a741f850} 'append' '(Ljava/lang/String;)Ljava/lang/StringBuilder;' in 'java/lang/StringBuilder')}
  0x000001728818ab24: caff ff49 | ba48 f841 | a772 0100 | 004c 8954 | 2408 48c7 | 0424 ffff 

  0x000001728818ab3c: ;   {runtime_call counter_overflow Runtime1 stub}
  0x000001728818ab3c: ffff e83d 

  0x000001728818ab40: ; ImmutableOopMap {[200]=Oop [328]=Oop [336]=Oop }
                      ;*synchronization entry
                      ; - java.lang.StringBuilder::append@-1 (line 179)
                      ; - ai.onnxruntime.OrtSession::run@303 (line 384)
  0x000001728818ab40: 07e7 06e9 | c0ca ffff 

  0x000001728818ab48: ;   {runtime_call throw_null_pointer_exception Runtime1 stub}
  0x000001728818ab48: e853 b0e6 

  0x000001728818ab4c: ; ImmutableOopMap {[328]=Oop [336]=Oop rdx=Oop }
                      ;*invokevirtual toString {reexecute=0 rethrow=0 return_oop=0}
                      ; - ai.onnxruntime.OrtSession::run@310 (line 384)
                      ;   {metadata({method} {0x00000172a741f850} 'append' '(Ljava/lang/String;)Ljava/lang/StringBuilder;' in 'java/lang/StringBuilder')}
  0x000001728818ab4c: 0649 ba48 | f841 a772 | 0100 004c | 8954 2408 | 48c7 0424 | ffff ffff 

  0x000001728818ab64: ;   {runtime_call counter_overflow Runtime1 stub}
  0x000001728818ab64: e817 07e7 

  0x000001728818ab68: ; ImmutableOopMap {[328]=Oop [336]=Oop rax=Oop }
                      ;*synchronization entry
                      ; - java.lang.StringBuilder::append@-1 (line 179)
                      ; - ai.onnxruntime.OrtSession::run@313 (line 384)
  0x000001728818ab68: 06e9 d2cb 

  0x000001728818ab6c: ;   {metadata({method} {0x00000172a741f170} 'toString' '()Ljava/lang/String;' in 'java/lang/StringBuilder')}
  0x000001728818ab6c: ffff 49ba | 68f1 41a7 | 7201 0000 | 4c89 5424 | 0848 c704 | 24ff ffff 

  0x000001728818ab84: ;   {runtime_call counter_overflow Runtime1 stub}
  0x000001728818ab84: ffe8 f606 

  0x000001728818ab88: ; ImmutableOopMap {[328]=Oop [336]=Oop }
                      ;*synchronization entry
                      ; - java.lang.StringBuilder::toString@-1 (line 453)
                      ; - ai.onnxruntime.OrtSession::run@316 (line 384)
  0x000001728818ab88: e706 e924 

  0x000001728818ab8c: ;   {metadata({method} {0x00000172a705d7b8} 'isLatin1' '()Z' in 'java/lang/AbstractStringBuilder')}
  0x000001728818ab8c: ccff ff49 | bab0 d705 | a772 0100 | 004c 8954 | 2408 48c7 | 0424 ffff 

  0x000001728818aba4: ;   {runtime_call counter_overflow Runtime1 stub}
  0x000001728818aba4: ffff e8d5 

  0x000001728818aba8: ; ImmutableOopMap {[328]=Oop [336]=Oop }
                      ;*synchronization entry
                      ; - java.lang.AbstractStringBuilder::isLatin1@-1 (line 1677)
                      ; - java.lang.StringBuilder::toString@1 (line 453)
                      ; - ai.onnxruntime.OrtSession::run@316 (line 384)
  0x000001728818aba8: 06e7 06e9 | 4acc ffff 

  0x000001728818abb0: ;   {runtime_call new_object_array Runtime1 stub}
  0x000001728818abb0: e8cb c7e6 

  0x000001728818abb4: ; ImmutableOopMap {[224]=Oop [216]=Oop [232]=Oop [280]=Oop [288]=Oop [200]=Oop }
                      ;*anewarray {reexecute=0 rethrow=0 return_oop=0}
                      ; - ai.onnxruntime.OrtSession::run@339 (line 387)
  0x000001728818abb4: 06e9 6dcf 

  0x000001728818abb8: ;   {runtime_call new_object_array Runtime1 stub}
  0x000001728818abb8: ffff e8c1 

  0x000001728818abbc: ; ImmutableOopMap {[224]=Oop [216]=Oop [232]=Oop [280]=Oop [288]=Oop [200]=Oop [344]=Oop }
                      ;*anewarray {reexecute=0 rethrow=0 return_oop=0}
                      ; - ai.onnxruntime.OrtSession::run@347 (line 388)
  0x000001728818abbc: c7e6 06e9 | 04d0 ffff 

  0x000001728818abc4: ;   {runtime_call new_type_array Runtime1 stub}
  0x000001728818abc4: e8b7 c4e6 

  0x000001728818abc8: ; ImmutableOopMap {[224]=Oop [216]=Oop [232]=Oop [280]=Oop [288]=Oop [200]=Oop [344]=Oop [352]=Oop }
                      ;*newarray {reexecute=0 rethrow=0 return_oop=0}
                      ; - ai.onnxruntime.OrtSession::run@355 (line 389)
  0x000001728818abc8: 06e9 97d0 

  0x000001728818abcc: ;   {runtime_call throw_null_pointer_exception Runtime1 stub}
  0x000001728818abcc: ffff e8cd 

  0x000001728818abd0: ; ImmutableOopMap {[224]=Oop [216]=Oop [232]=Oop [280]=Oop [288]=Oop [200]=Oop [352]=Oop [360]=Oop [344]=Oop rax=Oop }
                      ;*invokeinterface iterator {reexecute=0 rethrow=0 return_oop=0}
                      ; - ai.onnxruntime.OrtSession::run@368 (line 391)
  0x000001728818abd0: afe6 0648 

  0x000001728818abd4: ;   {runtime_call throw_class_cast_exception Runtime1 stub}
  0x000001728818abd4: 8904 24e8 

  0x000001728818abd8: ; ImmutableOopMap {[224]=Oop [216]=Oop [232]=Oop [280]=Oop [288]=Oop [376]=Oop [344]=Oop [352]=Oop [360]=Oop [200]=Oop }
                      ;*checkcast {reexecute=0 rethrow=0 return_oop=0}
                      ; - ai.onnxruntime.OrtSession::run@392 (line 391)
  0x000001728818abd8: c4d9 e606 

  0x000001728818abdc: ;   {runtime_call throw_null_pointer_exception Runtime1 stub}
  0x000001728818abdc: e8bf afe6 

  0x000001728818abe0: ; ImmutableOopMap {[224]=Oop [216]=Oop [232]=Oop [280]=Oop [288]=Oop [376]=Oop [344]=Oop [352]=Oop [360]=Oop rsi=Oop [392]=Oop rdx=Oop [200]=Oop rdi=Oop }
                      ;*invokeinterface getKey {reexecute=0 rethrow=0 return_oop=0}
                      ; - ai.onnxruntime.OrtSession::run@403 (line 392)
                      ;   {runtime_call throw_null_pointer_exception Runtime1 stub}
  0x000001728818abe0: 06e8 baaf 

  0x000001728818abe4: ; ImmutableOopMap {[224]=Oop [216]=Oop [232]=Oop [280]=Oop [288]=Oop [376]=Oop [344]=Oop [352]=Oop [360]=Oop [200]=Oop [392]=Oop rax=Oop rdi=Oop }
                      ;*invokeinterface contains {reexecute=0 rethrow=0 return_oop=0}
                      ; - ai.onnxruntime.OrtSession::run@408 (line 392)
  0x000001728818abe4: e606 4889 

  0x000001728818abe8: ;   {runtime_call throw_class_cast_exception Runtime1 stub}
  0x000001728818abe8: 0424 e8b1 

  0x000001728818abec: ; ImmutableOopMap {[224]=Oop [216]=Oop [232]=Oop [280]=Oop [288]=Oop [376]=Oop [200]=Oop [392]=Oop [360]=Oop [352]=Oop [344]=Oop }
                      ;*checkcast {reexecute=0 rethrow=0 return_oop=0}
                      ; - ai.onnxruntime.OrtSession::run@427 (line 393)
  0x000001728818abec: d9e6 0648 | 8934 2448 | 8944 2408 

  0x000001728818abf8: ;   {runtime_call throw_range_check_failed Runtime1 stub}
  0x000001728818abf8: e8a3 a6e6 

  0x000001728818abfc: ; ImmutableOopMap {[224]=Oop [216]=Oop [232]=Oop [280]=Oop [288]=Oop [376]=Oop [200]=Oop [392]=Oop [360]=Oop [352]=Oop rdx=Oop rax=Oop [344]=Oop }
                      ;*aastore {reexecute=1 rethrow=0 return_oop=0}
                      ; - (reexecute) ai.onnxruntime.OrtSession::run@430 (line 393)
                      ;   {runtime_call throw_null_pointer_exception Runtime1 stub}
  0x000001728818abfc: 06e8 9eaf 

  0x000001728818ac00: ; ImmutableOopMap {[224]=Oop [216]=Oop [232]=Oop [280]=Oop [288]=Oop [376]=Oop [200]=Oop [392]=Oop [360]=Oop [352]=Oop rdx=Oop rax=Oop [344]=Oop }
                      ;*aastore {reexecute=1 rethrow=0 return_oop=0}
                      ; - (reexecute) ai.onnxruntime.OrtSession::run@430 (line 393)
  0x000001728818ac00: e606 4889 

  0x000001728818ac04: ;   {runtime_call throw_array_store_exception Runtime1 stub}
  0x000001728818ac04: 1424 e895 

  0x000001728818ac08: ; ImmutableOopMap {[224]=Oop [216]=Oop [232]=Oop [280]=Oop [288]=Oop [376]=Oop [200]=Oop [392]=Oop [360]=Oop [352]=Oop rdx=Oop rax=Oop [344]=Oop }
                      ;*aastore {reexecute=1 rethrow=0 return_oop=0}
                      ; - (reexecute) ai.onnxruntime.OrtSession::run@430 (line 393)
  0x000001728818ac08: d6e6 068b | 1f48 c1e3 | 0348 83fb | 000f 845b | d8ff ff48 

  0x000001728818ac1c: ;   {runtime_call g1_pre_barrier_slow}
  0x000001728818ac1c: 891c 24e8 | 5c0c e706 | e94d d8ff | ff48 83fa | 000f 8461 | d8ff ff48 

  0x000001728818ac34: ;   {runtime_call g1_post_barrier_slow}
  0x000001728818ac34: 893c 24e8 | 440f e706 | e953 d8ff | ff48 8904 

  0x000001728818ac44: ;   {runtime_call throw_class_cast_exception Runtime1 stub}
  0x000001728818ac44: 24e8 56d9 

  0x000001728818ac48: ; ImmutableOopMap {[224]=Oop [216]=Oop [232]=Oop [280]=Oop [288]=Oop [376]=Oop [200]=Oop [392]=Oop [360]=Oop [352]=Oop [344]=Oop }
                      ;*checkcast {reexecute=0 rethrow=0 return_oop=0}
                      ; - ai.onnxruntime.OrtSession::run@442 (line 394)
  0x000001728818ac48: e606 4889 | 3424 4889 

  0x000001728818ac50: ;   {runtime_call throw_range_check_failed Runtime1 stub}
  0x000001728818ac50: 4424 08e8 

  0x000001728818ac54: ; ImmutableOopMap {[224]=Oop [216]=Oop [232]=Oop [280]=Oop [288]=Oop [376]=Oop [200]=Oop [392]=Oop [360]=Oop [344]=Oop rdx=Oop rax=Oop [352]=Oop }
                      ;*aastore {reexecute=1 rethrow=0 return_oop=0}
                      ; - (reexecute) ai.onnxruntime.OrtSession::run@445 (line 394)
  0x000001728818ac54: 48a6 e606 

  0x000001728818ac58: ;   {runtime_call throw_null_pointer_exception Runtime1 stub}
  0x000001728818ac58: e843 afe6 

  0x000001728818ac5c: ; ImmutableOopMap {[224]=Oop [216]=Oop [232]=Oop [280]=Oop [288]=Oop [376]=Oop [200]=Oop [392]=Oop [360]=Oop [344]=Oop rdx=Oop rax=Oop [352]=Oop }
                      ;*aastore {reexecute=1 rethrow=0 return_oop=0}
                      ; - (reexecute) ai.onnxruntime.OrtSession::run@445 (line 394)
  0x000001728818ac5c: 0648 8914 

  0x000001728818ac60: ;   {runtime_call throw_array_store_exception Runtime1 stub}
  0x000001728818ac60: 24e8 3ad6 

  0x000001728818ac64: ; ImmutableOopMap {[224]=Oop [216]=Oop [232]=Oop [280]=Oop [288]=Oop [376]=Oop [200]=Oop [392]=Oop [360]=Oop [344]=Oop rdx=Oop rax=Oop [352]=Oop }
                      ;*aastore {reexecute=1 rethrow=0 return_oop=0}
                      ; - (reexecute) ai.onnxruntime.OrtSession::run@445 (line 394)
  0x000001728818ac64: e606 8b1f | 48c1 e303 | 4883 fb00 | 0f84 34db | ffff 4889 

  0x000001728818ac78: ;   {runtime_call g1_pre_barrier_slow}
  0x000001728818ac78: 1c24 e801 | 0ce7 06e9 | 26db ffff | 4883 fa00 | 0f84 3adb | ffff 4889 

  0x000001728818ac90: ;   {runtime_call g1_post_barrier_slow}
  0x000001728818ac90: 3c24 e8e9 | 0ee7 06e9 | 2cdb ffff | 4889 0424 

  0x000001728818aca0: ;   {runtime_call throw_class_cast_exception Runtime1 stub}
  0x000001728818aca0: e8fb d8e6 

  0x000001728818aca4: ; ImmutableOopMap {[224]=Oop [216]=Oop [232]=Oop [280]=Oop [288]=Oop [376]=Oop [200]=Oop [360]=Oop [344]=Oop [352]=Oop }
                      ;*checkcast {reexecute=0 rethrow=0 return_oop=0}
                      ; - ai.onnxruntime.OrtSession::run@457 (line 395)
  0x000001728818aca4: 0648 8934 | 2448 897c 

  0x000001728818acac: ;   {runtime_call throw_range_check_failed Runtime1 stub}
  0x000001728818acac: 2408 e8ed 

  0x000001728818acb0: ; ImmutableOopMap {[224]=Oop [216]=Oop [232]=Oop [280]=Oop [288]=Oop [376]=Oop [200]=Oop [344]=Oop [352]=Oop rdi=Oop [360]=Oop }
                      ;*lastore {reexecute=0 rethrow=0 return_oop=0}
                      ; - ai.onnxruntime.OrtSession::run@463 (line 395)
                      ;   {metadata({method} {0x00000172e8ed14f0} 'run' '(Ljava/util/Map;Ljava/util/Set;Ljava/util/Map;Lai/onnxruntime/OrtSession$RunOptions;)Lai/onnxruntime/OrtSession$Result;' in 'ai/onnxruntime/OrtSession')}
  0x000001728818acb0: a5e6 0649 | bae8 14ed | e872 0100 | 004c 8954 | 2408 48c7 | 0424 0902 

  0x000001728818acc8: ;   {runtime_call counter_overflow Runtime1 stub}
  0x000001728818acc8: 0000 e8b1 

  0x000001728818accc: ; ImmutableOopMap {[224]=Oop [216]=Oop [232]=Oop [280]=Oop [288]=Oop [376]=Oop [200]=Oop [344]=Oop [352]=Oop rdi=Oop [360]=Oop }
                      ;*goto {reexecute=1 rethrow=0 return_oop=0}
                      ; - (reexecute) ai.onnxruntime.OrtSession::run@521 (line 401)
  0x000001728818accc: 05e7 06e9 | 32dd ffff 

  0x000001728818acd4: ;   {runtime_call throw_null_pointer_exception Runtime1 stub}
  0x000001728818acd4: e8c7 aee6 

  0x000001728818acd8: ; ImmutableOopMap {[224]=Oop [216]=Oop [232]=Oop [280]=Oop [288]=Oop rax=Oop [376]=Oop [200]=Oop [360]=Oop [352]=Oop [344]=Oop }
                      ;*invokeinterface hasNext {reexecute=0 rethrow=0 return_oop=0}
                      ; - ai.onnxruntime.OrtSession::run@377 (line 391)
                      ;   {metadata(NULL)}
  0x000001728818acd8: 0648 ba00 | 0000 0000 | 0000 00b8 | 000f 050a 

  0x000001728818ace8: ;   {runtime_call load_klass_patching Runtime1 stub}
  0x000001728818ace8: e813 f5e6 

  0x000001728818acec: ; ImmutableOopMap {[392]=Oop [200]=Oop }
                      ;*new {reexecute=1 rethrow=0 return_oop=0}
                      ; - (reexecute) ai.onnxruntime.OrtSession::run@470 (line 398)
  0x000001728818acec: 06e9 2ede 

  0x000001728818acf0: ;   {runtime_call throw_null_pointer_exception Runtime1 stub}
  0x000001728818acf0: ffff e8a9 

  0x000001728818acf4: ; ImmutableOopMap {[200]=Oop [392]=Oop }
                      ;*new {reexecute=0 rethrow=0 return_oop=0}
                      ; - ai.onnxruntime.OrtSession::run@470 (line 398)
  0x000001728818acf4: aee6 0648 

  0x000001728818acf8: ;   {runtime_call fast_new_instance_init_check Runtime1 stub}
  0x000001728818acf8: 8bd2 e881 

  0x000001728818acfc: ; ImmutableOopMap {[200]=Oop [392]=Oop }
                      ;*new {reexecute=0 rethrow=0 return_oop=0}
                      ; - ai.onnxruntime.OrtSession::run@470 (line 398)
  0x000001728818acfc: c0e6 06e9 | 81de ffff 

  0x000001728818ad04: ;   {metadata(NULL)}
  0x000001728818ad04: 48ba 0000 | 0000 0000 | 0000 b800 

  0x000001728818ad10: ;   {runtime_call load_klass_patching Runtime1 stub}
  0x000001728818ad10: 0f05 0ae8 

  0x000001728818ad14: ; ImmutableOopMap {[200]=Oop [392]=Oop rax=Oop [408]=Oop }
                      ;*new {reexecute=1 rethrow=0 return_oop=0}
                      ; - (reexecute) ai.onnxruntime.OrtSession::run@474 (line 398)
  0x000001728818ad14: e8f4 e606 | e973 deff | ff48 8bd2 

  0x000001728818ad20: ;   {runtime_call fast_new_instance Runtime1 stub}
  0x000001728818ad20: e85b bde6 

  0x000001728818ad24: ; ImmutableOopMap {[200]=Oop [392]=Oop [408]=Oop }
                      ;*new {reexecute=0 rethrow=0 return_oop=0}
                      ; - ai.onnxruntime.OrtSession::run@474 (line 398)
  0x000001728818ad24: 06e9 b6de 

  0x000001728818ad28: ;   {metadata({method} {0x00000172a741f118} '<init>' '()V' in 'java/lang/StringBuilder')}
  0x000001728818ad28: ffff 49ba | 10f1 41a7 | 7201 0000 | 4c89 5424 | 0848 c704 | 24ff ffff 

  0x000001728818ad40: ;   {runtime_call counter_overflow Runtime1 stub}
  0x000001728818ad40: ffe8 3a05 

  0x000001728818ad44: ; ImmutableOopMap {[200]=Oop [392]=Oop [408]=Oop rax=Oop }
                      ;*synchronization entry
                      ; - java.lang.StringBuilder::<init>@-1 (line 106)
                      ; - ai.onnxruntime.OrtSession::run@478 (line 398)
  0x000001728818ad44: e706 e9d4 

  0x000001728818ad48: ;   {metadata({method} {0x00000172a741f850} 'append' '(Ljava/lang/String;)Ljava/lang/StringBuilder;' in 'java/lang/StringBuilder')}
  0x000001728818ad48: deff ff49 | ba48 f841 | a772 0100 | 004c 8954 | 2408 48c7 | 0424 ffff 

  0x000001728818ad60: ;   {runtime_call counter_overflow Runtime1 stub}
  0x000001728818ad60: ffff e819 

  0x000001728818ad64: ; ImmutableOopMap {[400]=Oop [200]=Oop [408]=Oop [392]=Oop }
                      ;*synchronization entry
                      ; - java.lang.StringBuilder::append@-1 (line 179)
                      ; - ai.onnxruntime.OrtSession::run@483 (line 398)
  0x000001728818ad64: 05e7 06e9 | 24df ffff | 4889 0424 

  0x000001728818ad70: ;   {runtime_call throw_class_cast_exception Runtime1 stub}
  0x000001728818ad70: e82b d8e6 

  0x000001728818ad74: ; ImmutableOopMap {[400]=Oop [200]=Oop [408]=Oop }
                      ;*checkcast {reexecute=0 rethrow=0 return_oop=0}
                      ; - ai.onnxruntime.OrtSession::run@493 (line 399)
                      ;   {metadata({method} {0x00000172a741f850} 'append' '(Ljava/lang/String;)Ljava/lang/StringBuilder;' in 'java/lang/StringBuilder')}
  0x000001728818ad74: 0649 ba48 | f841 a772 | 0100 004c | 8954 2408 | 48c7 0424 | ffff ffff 

  0x000001728818ad8c: ;   {runtime_call counter_overflow Runtime1 stub}
  0x000001728818ad8c: e8ef 04e7 

  0x000001728818ad90: ; ImmutableOopMap {[400]=Oop [200]=Oop [408]=Oop r8=Oop }
                      ;*synchronization entry
                      ; - java.lang.StringBuilder::append@-1 (line 179)
                      ; - ai.onnxruntime.OrtSession::run@496 (line 399)
  0x000001728818ad90: 06e9 19e1 

  0x000001728818ad94: ;   {metadata({method} {0x00000172a741f850} 'append' '(Ljava/lang/String;)Ljava/lang/StringBuilder;' in 'java/lang/StringBuilder')}
  0x000001728818ad94: ffff 49ba | 48f8 41a7 | 7201 0000 | 4c89 5424 | 0848 c704 | 24ff ffff 

  0x000001728818adac: ;   {runtime_call counter_overflow Runtime1 stub}
  0x000001728818adac: ffe8 ce04 

  0x000001728818adb0: ; ImmutableOopMap {[400]=Oop [200]=Oop [408]=Oop }
                      ;*synchronization entry
                      ; - java.lang.StringBuilder::append@-1 (line 179)
                      ; - ai.onnxruntime.OrtSession::run@501 (line 399)
  0x000001728818adb0: e706 e969 

  0x000001728818adb4: ;   {runtime_call throw_null_pointer_exception Runtime1 stub}
  0x000001728818adb4: e1ff ffe8 

  0x000001728818adb8: ; ImmutableOopMap {[400]=Oop [408]=Oop rdx=Oop }
                      ;*invokevirtual toString {reexecute=0 rethrow=0 return_oop=0}
                      ; - ai.onnxruntime.OrtSession::run@508 (line 399)
  0x000001728818adb8: e4ad e606 

  0x000001728818adbc: ;   {metadata({method} {0x00000172a741f850} 'append' '(Ljava/lang/String;)Ljava/lang/StringBuilder;' in 'java/lang/StringBuilder')}
  0x000001728818adbc: 49ba 48f8 | 41a7 7201 | 0000 4c89 | 5424 0848 | c704 24ff 

  0x000001728818add0: ;   {runtime_call counter_overflow Runtime1 stub}
  0x000001728818add0: ffff ffe8 

  0x000001728818add4: ; ImmutableOopMap {[400]=Oop [408]=Oop rax=Oop }
                      ;*synchronization entry
                      ; - java.lang.StringBuilder::append@-1 (line 179)
                      ; - ai.onnxruntime.OrtSession::run@511 (line 399)
  0x000001728818add4: a804 e706 | e97b e2ff 

  0x000001728818addc: ;   {metadata({method} {0x00000172a741f170} 'toString' '()Ljava/lang/String;' in 'java/lang/StringBuilder')}
  0x000001728818addc: ff49 ba68 | f141 a772 | 0100 004c | 8954 2408 | 48c7 0424 | ffff ffff 

  0x000001728818adf4: ;   {runtime_call counter_overflow Runtime1 stub}
  0x000001728818adf4: e887 04e7 

  0x000001728818adf8: ; ImmutableOopMap {[400]=Oop [408]=Oop }
                      ;*synchronization entry
                      ; - java.lang.StringBuilder::toString@-1 (line 453)
                      ; - ai.onnxruntime.OrtSession::run@514 (line 399)
  0x000001728818adf8: 06e9 cde2 

  0x000001728818adfc: ;   {metadata({method} {0x00000172a705d7b8} 'isLatin1' '()Z' in 'java/lang/AbstractStringBuilder')}
  0x000001728818adfc: ffff 49ba | b0d7 05a7 | 7201 0000 | 4c89 5424 | 0848 c704 | 24ff ffff 

  0x000001728818ae14: ;   {runtime_call counter_overflow Runtime1 stub}
  0x000001728818ae14: ffe8 6604 

  0x000001728818ae18: ; ImmutableOopMap {[400]=Oop [408]=Oop }
                      ;*synchronization entry
                      ; - java.lang.AbstractStringBuilder::isLatin1@-1 (line 1677)
                      ; - java.lang.StringBuilder::toString@1 (line 453)
                      ; - ai.onnxruntime.OrtSession::run@514 (line 399)
  0x000001728818ae18: e706 e9f3 | e2ff ff48 

  0x000001728818ae20: ;   {runtime_call throw_class_cast_exception Runtime1 stub}
  0x000001728818ae20: 8904 24e8 

  0x000001728818ae24: ; ImmutableOopMap {[232]=Oop [280]=Oop [288]=Oop [352]=Oop [360]=Oop [416]=Oop [344]=Oop [224]=Oop [200]=Oop }
                      ;*checkcast {reexecute=0 rethrow=0 return_oop=0}
                      ; - ai.onnxruntime.OrtSession::run@549 (line 402)
  0x000001728818ae24: 78d7 e606 

  0x000001728818ae28: ;   {runtime_call throw_null_pointer_exception Runtime1 stub}
  0x000001728818ae28: e873 ade6 

  0x000001728818ae2c: ; ImmutableOopMap {[232]=Oop [280]=Oop [288]=Oop [352]=Oop [360]=Oop [416]=Oop [344]=Oop [224]=Oop rsi=Oop [432]=Oop rdx=Oop [200]=Oop rdi=Oop }
                      ;*invokeinterface contains {reexecute=0 rethrow=0 return_oop=0}
                      ; - ai.onnxruntime.OrtSession::run@560 (line 403)
  0x000001728818ae2c: 0648 8934 | 2448 8944 

  0x000001728818ae34: ;   {runtime_call throw_range_check_failed Runtime1 stub}
  0x000001728818ae34: 2408 e865 

  0x000001728818ae38: ; ImmutableOopMap {[232]=Oop [280]=Oop [288]=Oop [352]=Oop [360]=Oop [416]=Oop [224]=Oop [200]=Oop rbx=Oop [432]=Oop rax=Oop [344]=Oop }
                      ;*aastore {reexecute=1 rethrow=0 return_oop=0}
                      ; - (reexecute) ai.onnxruntime.OrtSession::run@585 (line 405)
                      ;   {runtime_call throw_null_pointer_exception Runtime1 stub}
  0x000001728818ae38: a4e6 06e8 

  0x000001728818ae3c: ; ImmutableOopMap {[232]=Oop [280]=Oop [288]=Oop [352]=Oop [360]=Oop [416]=Oop [224]=Oop [200]=Oop rbx=Oop [432]=Oop rax=Oop [344]=Oop }
                      ;*aastore {reexecute=1 rethrow=0 return_oop=0}
                      ; - (reexecute) ai.onnxruntime.OrtSession::run@585 (line 405)
  0x000001728818ae3c: 60ad e606 | 4889 1c24 

  0x000001728818ae44: ;   {runtime_call throw_array_store_exception Runtime1 stub}
  0x000001728818ae44: e857 d4e6 

  0x000001728818ae48: ; ImmutableOopMap {[232]=Oop [280]=Oop [288]=Oop [352]=Oop [360]=Oop [416]=Oop [224]=Oop [200]=Oop rbx=Oop [432]=Oop rax=Oop [344]=Oop }
                      ;*aastore {reexecute=1 rethrow=0 return_oop=0}
                      ; - (reexecute) ai.onnxruntime.OrtSession::run@585 (line 405)
  0x000001728818ae48: 068b 3a48 | c1e7 0348 | 83ff 000f | 848f e9ff | ff48 893c 

  0x000001728818ae5c: ;   {runtime_call g1_pre_barrier_slow}
  0x000001728818ae5c: 24e8 1e0a | e706 e981 | e9ff ff48 | 83fb 000f | 8495 e9ff | ff48 8914 

  0x000001728818ae74: ;   {runtime_call g1_post_barrier_slow}
  0x000001728818ae74: 24e8 060d | e706 e987 

  0x000001728818ae7c: ;   {metadata({method} {0x00000172e8ed14f0} 'run' '(Ljava/util/Map;Ljava/util/Set;Ljava/util/Map;Lai/onnxruntime/OrtSession$RunOptions;)Lai/onnxruntime/OrtSession$Result;' in 'ai/onnxruntime/OrtSession')}
  0x000001728818ae7c: e9ff ff49 | bae8 14ed | e872 0100 | 004c 8954 | 2408 48c7 | 0424 9c02 

  0x000001728818ae94: ;   {runtime_call counter_overflow Runtime1 stub}
  0x000001728818ae94: 0000 e8e5 

  0x000001728818ae98: ; ImmutableOopMap {[232]=Oop [280]=Oop [288]=Oop [352]=Oop [360]=Oop [416]=Oop [224]=Oop [200]=Oop rax=Oop [344]=Oop }
                      ;*goto {reexecute=1 rethrow=0 return_oop=0}
                      ; - (reexecute) ai.onnxruntime.OrtSession::run@668 (line 419)
  0x000001728818ae98: 03e7 06e9 | a0e9 ffff 

  0x000001728818aea0: ;   {runtime_call throw_null_pointer_exception Runtime1 stub}
  0x000001728818aea0: e8fb ace6 

  0x000001728818aea4: ; ImmutableOopMap {[232]=Oop [280]=Oop [288]=Oop [352]=Oop [360]=Oop rax=Oop [416]=Oop [224]=Oop [200]=Oop [344]=Oop }
                      ;*invokeinterface hasNext {reexecute=0 rethrow=0 return_oop=0}
                      ; - ai.onnxruntime.OrtSession::run@534 (line 402)
                      ;   {metadata(NULL)}
  0x000001728818aea4: 0648 ba00 | 0000 0000 | 0000 00b8 | 000f 050a 

  0x000001728818aeb4: ;   {runtime_call load_klass_patching Runtime1 stub}
  0x000001728818aeb4: e847 f3e6 

  0x000001728818aeb8: ; ImmutableOopMap {[432]=Oop }
                      ;*new {reexecute=1 rethrow=0 return_oop=0}
                      ; - (reexecute) ai.onnxruntime.OrtSession::run@592 (line 410)
  0x000001728818aeb8: 06e9 9aea 

  0x000001728818aebc: ;   {runtime_call throw_null_pointer_exception Runtime1 stub}
  0x000001728818aebc: ffff e8dd 

  0x000001728818aec0: ; ImmutableOopMap {[432]=Oop }
                      ;*new {reexecute=0 rethrow=0 return_oop=0}
                      ; - ai.onnxruntime.OrtSession::run@592 (line 410)
  0x000001728818aec0: ace6 0648 

  0x000001728818aec4: ;   {runtime_call fast_new_instance_init_check Runtime1 stub}
  0x000001728818aec4: 8bd2 e8b5 

  0x000001728818aec8: ; ImmutableOopMap {[432]=Oop }
                      ;*new {reexecute=0 rethrow=0 return_oop=0}
                      ; - ai.onnxruntime.OrtSession::run@592 (line 410)
  0x000001728818aec8: bee6 06e9 | edea ffff 

  0x000001728818aed0: ;   {metadata(NULL)}
  0x000001728818aed0: 48ba 0000 | 0000 0000 | 0000 b800 

  0x000001728818aedc: ;   {runtime_call load_klass_patching Runtime1 stub}
  0x000001728818aedc: 0f05 0ae8 

  0x000001728818aee0: ; ImmutableOopMap {[432]=Oop rax=Oop [448]=Oop }
                      ;*new {reexecute=1 rethrow=0 return_oop=0}
                      ; - (reexecute) ai.onnxruntime.OrtSession::run@596 (line 410)
  0x000001728818aee0: 1cf3 e606 | e9df eaff | ff48 8bd2 

  0x000001728818aeec: ;   {runtime_call fast_new_instance Runtime1 stub}
  0x000001728818aeec: e88f bbe6 

  0x000001728818aef0: ; ImmutableOopMap {[432]=Oop [448]=Oop }
                      ;*new {reexecute=0 rethrow=0 return_oop=0}
                      ; - ai.onnxruntime.OrtSession::run@596 (line 410)
  0x000001728818aef0: 06e9 22eb 

  0x000001728818aef4: ;   {metadata({method} {0x00000172a741f118} '<init>' '()V' in 'java/lang/StringBuilder')}
  0x000001728818aef4: ffff 49ba | 10f1 41a7 | 7201 0000 | 4c89 5424 | 0848 c704 | 24ff ffff 

  0x000001728818af0c: ;   {runtime_call counter_overflow Runtime1 stub}
  0x000001728818af0c: ffe8 6e03 

  0x000001728818af10: ; ImmutableOopMap {[432]=Oop [448]=Oop rax=Oop }
                      ;*synchronization entry
                      ; - java.lang.StringBuilder::<init>@-1 (line 106)
                      ; - ai.onnxruntime.OrtSession::run@600 (line 410)
  0x000001728818af10: e706 e940 

  0x000001728818af14: ;   {metadata({method} {0x00000172a741f850} 'append' '(Ljava/lang/String;)Ljava/lang/StringBuilder;' in 'java/lang/StringBuilder')}
  0x000001728818af14: ebff ff49 | ba48 f841 | a772 0100 | 004c 8954 | 2408 48c7 | 0424 ffff 

  0x000001728818af2c: ;   {runtime_call counter_overflow Runtime1 stub}
  0x000001728818af2c: ffff e84d 

  0x000001728818af30: ; ImmutableOopMap {[432]=Oop [448]=Oop [440]=Oop }
                      ;*synchronization entry
                      ; - java.lang.StringBuilder::append@-1 (line 179)
                      ; - ai.onnxruntime.OrtSession::run@605 (line 410)
  0x000001728818af30: 03e7 06e9 | 90eb ffff 

  0x000001728818af38: ;   {metadata({method} {0x00000172a741f850} 'append' '(Ljava/lang/String;)Ljava/lang/StringBuilder;' in 'java/lang/StringBuilder')}
  0x000001728818af38: 49ba 48f8 | 41a7 7201 | 0000 4c89 | 5424 0848 | c704 24ff 

  0x000001728818af4c: ;   {runtime_call counter_overflow Runtime1 stub}
  0x000001728818af4c: ffff ffe8 

  0x000001728818af50: ; ImmutableOopMap {[432]=Oop [448]=Oop [440]=Oop }
                      ;*synchronization entry
                      ; - java.lang.StringBuilder::append@-1 (line 179)
                      ; - ai.onnxruntime.OrtSession::run@610 (line 410)
  0x000001728818af50: 2c03 e706 | e9e7 ebff 

  0x000001728818af58: ;   {metadata({method} {0x00000172a741f850} 'append' '(Ljava/lang/String;)Ljava/lang/StringBuilder;' in 'java/lang/StringBuilder')}
  0x000001728818af58: ff49 ba48 | f841 a772 | 0100 004c | 8954 2408 | 48c7 0424 | ffff ffff 

  0x000001728818af70: ;   {runtime_call counter_overflow Runtime1 stub}
  0x000001728818af70: e80b 03e7 

  0x000001728818af74: ; ImmutableOopMap {[448]=Oop [440]=Oop }
                      ;*synchronization entry
                      ; - java.lang.StringBuilder::append@-1 (line 179)
                      ; - ai.onnxruntime.OrtSession::run@615 (line 410)
  0x000001728818af74: 06e9 3eec 

  0x000001728818af78: ;   {metadata({method} {0x00000172a741f170} 'toString' '()Ljava/lang/String;' in 'java/lang/StringBuilder')}
  0x000001728818af78: ffff 49ba | 68f1 41a7 | 7201 0000 | 4c89 5424 | 0848 c704 | 24ff ffff 

  0x000001728818af90: ;   {runtime_call counter_overflow Runtime1 stub}
  0x000001728818af90: ffe8 ea02 

  0x000001728818af94: ; ImmutableOopMap {[448]=Oop [440]=Oop }
                      ;*synchronization entry
                      ; - java.lang.StringBuilder::toString@-1 (line 453)
                      ; - ai.onnxruntime.OrtSession::run@618 (line 410)
  0x000001728818af94: e706 e998 

  0x000001728818af98: ;   {metadata({method} {0x00000172a705d7b8} 'isLatin1' '()Z' in 'java/lang/AbstractStringBuilder')}
  0x000001728818af98: ecff ff49 | bab0 d705 | a772 0100 | 004c 8954 | 2408 48c7 | 0424 ffff 

  0x000001728818afb0: ;   {runtime_call counter_overflow Runtime1 stub}
  0x000001728818afb0: ffff e8c9 

  0x000001728818afb4: ; ImmutableOopMap {[448]=Oop [440]=Oop }
                      ;*synchronization entry
                      ; - java.lang.AbstractStringBuilder::isLatin1@-1 (line 1677)
                      ; - java.lang.StringBuilder::toString@1 (line 453)
                      ; - ai.onnxruntime.OrtSession::run@618 (line 410)
  0x000001728818afb4: 02e7 06e9 | beec ffff 

  0x000001728818afbc: ;   {metadata(NULL)}
  0x000001728818afbc: 48ba 0000 | 0000 0000 | 0000 b800 

  0x000001728818afc8: ;   {runtime_call load_klass_patching Runtime1 stub}
  0x000001728818afc8: 0f05 0ae8 

  0x000001728818afcc: ; ImmutableOopMap {[432]=Oop [200]=Oop }
                      ;*new {reexecute=1 rethrow=0 return_oop=0}
                      ; - (reexecute) ai.onnxruntime.OrtSession::run@625 (line 416)
  0x000001728818afcc: 30f2 e606 | e9c3 edff 

  0x000001728818afd4: ;   {runtime_call throw_null_pointer_exception Runtime1 stub}
  0x000001728818afd4: ffe8 c6ab 

  0x000001728818afd8: ; ImmutableOopMap {[200]=Oop [432]=Oop }
                      ;*new {reexecute=0 rethrow=0 return_oop=0}
                      ; - ai.onnxruntime.OrtSession::run@625 (line 416)
  0x000001728818afd8: e606 488b 

  0x000001728818afdc: ;   {runtime_call fast_new_instance_init_check Runtime1 stub}
  0x000001728818afdc: d2e8 9ebd 

  0x000001728818afe0: ; ImmutableOopMap {[200]=Oop [432]=Oop }
                      ;*new {reexecute=0 rethrow=0 return_oop=0}
                      ; - ai.onnxruntime.OrtSession::run@625 (line 416)
  0x000001728818afe0: e606 e916 

  0x000001728818afe4: ;   {metadata(NULL)}
  0x000001728818afe4: eeff ff48 | ba00 0000 | 0000 0000 | 00b8 000f 

  0x000001728818aff4: ;   {runtime_call load_klass_patching Runtime1 stub}
  0x000001728818aff4: 050a e805 

  0x000001728818aff8: ; ImmutableOopMap {[200]=Oop [432]=Oop rax=Oop [464]=Oop }
                      ;*new {reexecute=1 rethrow=0 return_oop=0}
                      ; - (reexecute) ai.onnxruntime.OrtSession::run@629 (line 416)
  0x000001728818aff8: f2e6 06e9 | 08ee ffff 

  0x000001728818b000: ;   {runtime_call fast_new_instance Runtime1 stub}
  0x000001728818b000: 488b d2e8 

  0x000001728818b004: ; ImmutableOopMap {[200]=Oop [432]=Oop [464]=Oop }
                      ;*new {reexecute=0 rethrow=0 return_oop=0}
                      ; - ai.onnxruntime.OrtSession::run@629 (line 416)
  0x000001728818b004: 78ba e606 | e94b eeff 

  0x000001728818b00c: ;   {metadata({method} {0x00000172a741f118} '<init>' '()V' in 'java/lang/StringBuilder')}
  0x000001728818b00c: ff49 ba10 | f141 a772 | 0100 004c | 8954 2408 | 48c7 0424 | ffff ffff 

  0x000001728818b024: ;   {runtime_call counter_overflow Runtime1 stub}
  0x000001728818b024: e857 02e7 

  0x000001728818b028: ; ImmutableOopMap {[200]=Oop [432]=Oop [464]=Oop rax=Oop }
                      ;*synchronization entry
                      ; - java.lang.StringBuilder::<init>@-1 (line 106)
                      ; - ai.onnxruntime.OrtSession::run@633 (line 416)
  0x000001728818b028: 06e9 69ee 

  0x000001728818b02c: ;   {metadata({method} {0x00000172a741f850} 'append' '(Ljava/lang/String;)Ljava/lang/StringBuilder;' in 'java/lang/StringBuilder')}
  0x000001728818b02c: ffff 49ba | 48f8 41a7 | 7201 0000 | 4c89 5424 | 0848 c704 | 24ff ffff 

  0x000001728818b044: ;   {runtime_call counter_overflow Runtime1 stub}
  0x000001728818b044: ffe8 3602 

  0x000001728818b048: ; ImmutableOopMap {[432]=Oop [456]=Oop [200]=Oop [464]=Oop }
                      ;*synchronization entry
                      ; - java.lang.StringBuilder::append@-1 (line 179)
                      ; - ai.onnxruntime.OrtSession::run@638 (line 416)
  0x000001728818b048: e706 e9b9 

  0x000001728818b04c: ;   {metadata({method} {0x00000172a741f850} 'append' '(Ljava/lang/String;)Ljava/lang/StringBuilder;' in 'java/lang/StringBuilder')}
  0x000001728818b04c: eeff ff49 | ba48 f841 | a772 0100 | 004c 8954 | 2408 48c7 | 0424 ffff 

  0x000001728818b064: ;   {runtime_call counter_overflow Runtime1 stub}
  0x000001728818b064: ffff e815 

  0x000001728818b068: ; ImmutableOopMap {[432]=Oop [456]=Oop [200]=Oop [464]=Oop }
                      ;*synchronization entry
                      ; - java.lang.StringBuilder::append@-1 (line 179)
                      ; - ai.onnxruntime.OrtSession::run@643 (line 416)
  0x000001728818b068: 02e7 06e9 | 10ef ffff 

  0x000001728818b070: ;   {metadata({method} {0x00000172a741f850} 'append' '(Ljava/lang/String;)Ljava/lang/StringBuilder;' in 'java/lang/StringBuilder')}
  0x000001728818b070: 49ba 48f8 | 41a7 7201 | 0000 4c89 | 5424 0848 | c704 24ff 

  0x000001728818b084: ;   {runtime_call counter_overflow Runtime1 stub}
  0x000001728818b084: ffff ffe8 

  0x000001728818b088: ; ImmutableOopMap {[456]=Oop [200]=Oop [464]=Oop }
                      ;*synchronization entry
                      ; - java.lang.StringBuilder::append@-1 (line 179)
                      ; - ai.onnxruntime.OrtSession::run@648 (line 416)
  0x000001728818b088: f401 e706 | e967 efff 

  0x000001728818b090: ;   {runtime_call throw_null_pointer_exception Runtime1 stub}
  0x000001728818b090: ffe8 0aab 

  0x000001728818b094: ; ImmutableOopMap {[456]=Oop [464]=Oop rdx=Oop }
                      ;*invokevirtual toString {reexecute=0 rethrow=0 return_oop=0}
                      ; - ai.onnxruntime.OrtSession::run@655 (line 417)
                      ;   {metadata({method} {0x00000172a741f850} 'append' '(Ljava/lang/String;)Ljava/lang/StringBuilder;' in 'java/lang/StringBuilder')}
  0x000001728818b094: e606 49ba | 48f8 41a7 | 7201 0000 | 4c89 5424 | 0848 c704 | 24ff ffff 

  0x000001728818b0ac: ;   {runtime_call counter_overflow Runtime1 stub}
  0x000001728818b0ac: ffe8 ce01 

  0x000001728818b0b0: ; ImmutableOopMap {[456]=Oop [464]=Oop rax=Oop }
                      ;*synchronization entry
                      ; - java.lang.StringBuilder::append@-1 (line 179)
                      ; - ai.onnxruntime.OrtSession::run@658 (line 417)
  0x000001728818b0b0: e706 e979 

  0x000001728818b0b4: ;   {metadata({method} {0x00000172a741f170} 'toString' '()Ljava/lang/String;' in 'java/lang/StringBuilder')}
  0x000001728818b0b4: f0ff ff49 | ba68 f141 | a772 0100 | 004c 8954 | 2408 48c7 | 0424 ffff 

  0x000001728818b0cc: ;   {runtime_call counter_overflow Runtime1 stub}
  0x000001728818b0cc: ffff e8ad 

  0x000001728818b0d0: ; ImmutableOopMap {[456]=Oop [464]=Oop }
                      ;*synchronization entry
                      ; - java.lang.StringBuilder::toString@-1 (line 453)
                      ; - ai.onnxruntime.OrtSession::run@661 (line 417)
  0x000001728818b0d0: 01e7 06e9 | cbf0 ffff 

  0x000001728818b0d8: ;   {metadata({method} {0x00000172a705d7b8} 'isLatin1' '()Z' in 'java/lang/AbstractStringBuilder')}
  0x000001728818b0d8: 49ba b0d7 | 05a7 7201 | 0000 4c89 | 5424 0848 | c704 24ff 

  0x000001728818b0ec: ;   {runtime_call counter_overflow Runtime1 stub}
  0x000001728818b0ec: ffff ffe8 

  0x000001728818b0f0: ; ImmutableOopMap {[456]=Oop [464]=Oop }
                      ;*synchronization entry
                      ; - java.lang.AbstractStringBuilder::isLatin1@-1 (line 1677)
                      ; - java.lang.StringBuilder::toString@1 (line 453)
                      ; - ai.onnxruntime.OrtSession::run@661 (line 417)
  0x000001728818b0f0: 8c01 e706 | e9f1 f0ff 

  0x000001728818b0f8: ;   {runtime_call throw_null_pointer_exception Runtime1 stub}
  0x000001728818b0f8: ffe8 a2aa 

  0x000001728818b0fc: ; ImmutableOopMap {rax=Oop [280]=Oop [352]=Oop rcx=Oop [288]=Oop rdx=Oop [200]=Oop r11=Oop [344]=Oop [360]=Oop rsi=Oop }
                      ;*getfield handle {reexecute=1 rethrow=0 return_oop=0}
                      ; - (reexecute) ai.onnxruntime.OrtSession::run@699 (line 421)
  0x000001728818b0fc: e606 488b 

  0x000001728818b100: ;   {runtime_call fast_new_instance Runtime1 stub}
  0x000001728818b100: d2e8 7ab9 

  0x000001728818b104: ; ImmutableOopMap {[352]=Oop [344]=Oop rbx=Oop }
                      ;*new {reexecute=0 rethrow=0 return_oop=0}
                      ; - ai.onnxruntime.OrtSession::run@727 (line 434)
  0x000001728818b104: e606 e9b0 

  0x000001728818b108: ;   {internal_word}
  0x000001728818b108: f3ff ff49 | ba04 a518 | 8872 0100 | 004d 8997 | 6003 0000 

  0x000001728818b11c: ;   {runtime_call SafepointBlob}
  0x000001728818b11c: e9df c8dc 

  0x000001728818b120: ;   {metadata(NULL)}
  0x000001728818b120: 0648 ba00 | 0000 0000 | 0000 00b8 | 000f 050a 

  0x000001728818b130: ;   {runtime_call load_klass_patching Runtime1 stub}
  0x000001728818b130: e8cb f0e6 

  0x000001728818b134: ; ImmutableOopMap {}
                      ;*new {reexecute=1 rethrow=0 return_oop=0}
                      ; - (reexecute) ai.onnxruntime.OrtSession::run@741 (line 436)
  0x000001728818b134: 06e9 2ef5 | ffff 488b 

  0x000001728818b13c: ;   {runtime_call fast_new_instance Runtime1 stub}
  0x000001728818b13c: d2e8 3eb9 

  0x000001728818b140: ; ImmutableOopMap {}
                      ;*new {reexecute=0 rethrow=0 return_oop=0}
                      ; - ai.onnxruntime.OrtSession::run@741 (line 436)
  0x000001728818b140: e606 e979 | f5ff ff90 | 9049 8b87 | d803 0000 | 49c7 87d8 | 0300 0000 | 0000 0049 | c787 e003 
  0x000001728818b160: 0000 0000 | 0000 4881 | c400 0200 

  0x000001728818b16c: ;   {runtime_call unwind_exception Runtime1 stub}
  0x000001728818b16c: 005d e90d | c4dd 06f4 | f4f4 f4f4 | f4f4 f4f4 | f4f4 f4f4 
[Stub Code]
  0x000001728818b180: ;   {no_reloc}
  0x000001728818b180: 0f1f 4400 

  0x000001728818b184: ;   {static_stub}
  0x000001728818b184: 0048 bb00 | 0000 0000 

  0x000001728818b18c: ;   {runtime_call}
  0x000001728818b18c: 0000 00e9 | fbff ffff 

  0x000001728818b194: ;   {static_stub}
  0x000001728818b194: 9048 bb00 | 0000 0000 

  0x000001728818b19c: ;   {runtime_call}
  0x000001728818b19c: 0000 00e9 | fbff ffff 

  0x000001728818b1a4: ;   {static_stub}
  0x000001728818b1a4: 9048 bb00 | 0000 0000 

  0x000001728818b1ac: ;   {runtime_call}
  0x000001728818b1ac: 0000 00e9 | fbff ffff 

  0x000001728818b1b4: ;   {static_stub}
  0x000001728818b1b4: 9048 bb00 | 0000 0000 

  0x000001728818b1bc: ;   {runtime_call}
  0x000001728818b1bc: 0000 00e9 | fbff ffff 

  0x000001728818b1c4: ;   {static_stub}
  0x000001728818b1c4: 9048 bb00 | 0000 0000 

  0x000001728818b1cc: ;   {runtime_call}
  0x000001728818b1cc: 0000 00e9 | fbff ffff 

  0x000001728818b1d4: ;   {static_stub}
  0x000001728818b1d4: 9048 bb00 | 0000 0000 

  0x000001728818b1dc: ;   {runtime_call}
  0x000001728818b1dc: 0000 00e9 | fbff ffff 

  0x000001728818b1e4: ;   {static_stub}
  0x000001728818b1e4: 9048 bb00 | 0000 0000 

  0x000001728818b1ec: ;   {runtime_call}
  0x000001728818b1ec: 0000 00e9 | fbff ffff 

  0x000001728818b1f4: ;   {static_stub}
  0x000001728818b1f4: 9048 bb00 | 0000 0000 

  0x000001728818b1fc: ;   {runtime_call}
  0x000001728818b1fc: 0000 00e9 | fbff ffff 

  0x000001728818b204: ;   {static_stub}
  0x000001728818b204: 9048 bb00 | 0000 0000 

  0x000001728818b20c: ;   {runtime_call}
  0x000001728818b20c: 0000 00e9 | fbff ffff 

  0x000001728818b214: ;   {static_stub}
  0x000001728818b214: 9048 bb00 | 0000 0000 

  0x000001728818b21c: ;   {runtime_call}
  0x000001728818b21c: 0000 00e9 | fbff ffff 

  0x000001728818b224: ;   {static_stub}
  0x000001728818b224: 9048 bb00 | 0000 0000 

  0x000001728818b22c: ;   {runtime_call}
  0x000001728818b22c: 0000 00e9 | fbff ffff 

  0x000001728818b234: ;   {static_stub}
  0x000001728818b234: 9048 bb00 | 0000 0000 

  0x000001728818b23c: ;   {runtime_call}
  0x000001728818b23c: 0000 00e9 | fbff ffff 

  0x000001728818b244: ;   {static_stub}
  0x000001728818b244: 9048 bb00 | 0000 0000 

  0x000001728818b24c: ;   {runtime_call}
  0x000001728818b24c: 0000 00e9 | fbff ffff 

  0x000001728818b254: ;   {static_stub}
  0x000001728818b254: 9048 bb00 | 0000 0000 

  0x000001728818b25c: ;   {runtime_call}
  0x000001728818b25c: 0000 00e9 | fbff ffff 

  0x000001728818b264: ;   {static_stub}
  0x000001728818b264: 9048 bb00 | 0000 0000 

  0x000001728818b26c: ;   {runtime_call}
  0x000001728818b26c: 0000 00e9 | fbff ffff 

  0x000001728818b274: ;   {static_stub}
  0x000001728818b274: 9048 bb00 | 0000 0000 

  0x000001728818b27c: ;   {runtime_call}
  0x000001728818b27c: 0000 00e9 | fbff ffff 

  0x000001728818b284: ;   {static_stub}
  0x000001728818b284: 9048 bb00 | 0000 0000 

  0x000001728818b28c: ;   {runtime_call}
  0x000001728818b28c: 0000 00e9 | fbff ffff 

  0x000001728818b294: ;   {static_stub}
  0x000001728818b294: 9048 bb00 | 0000 0000 

  0x000001728818b29c: ;   {runtime_call}
  0x000001728818b29c: 0000 00e9 | fbff ffff 

  0x000001728818b2a4: ;   {static_stub}
  0x000001728818b2a4: 9048 bb00 | 0000 0000 

  0x000001728818b2ac: ;   {runtime_call}
  0x000001728818b2ac: 0000 00e9 | fbff ffff 

  0x000001728818b2b4: ;   {static_stub}
  0x000001728818b2b4: 9048 bb00 | 0000 0000 

  0x000001728818b2bc: ;   {runtime_call}
  0x000001728818b2bc: 0000 00e9 | fbff ffff 

  0x000001728818b2c4: ;   {static_stub}
  0x000001728818b2c4: 9048 bb00 | 0000 0000 

  0x000001728818b2cc: ;   {runtime_call}
  0x000001728818b2cc: 0000 00e9 | fbff ffff 

  0x000001728818b2d4: ;   {static_stub}
  0x000001728818b2d4: 9048 bb00 | 0000 0000 

  0x000001728818b2dc: ;   {runtime_call}
  0x000001728818b2dc: 0000 00e9 | fbff ffff 

  0x000001728818b2e4: ;   {static_stub}
  0x000001728818b2e4: 9048 bb00 | 0000 0000 

  0x000001728818b2ec: ;   {runtime_call}
  0x000001728818b2ec: 0000 00e9 | fbff ffff 

  0x000001728818b2f4: ;   {static_stub}
  0x000001728818b2f4: 9048 bb00 | 0000 0000 

  0x000001728818b2fc: ;   {runtime_call}
  0x000001728818b2fc: 0000 00e9 | fbff ffff 

  0x000001728818b304: ;   {static_stub}
  0x000001728818b304: 9048 bb00 | 0000 0000 

  0x000001728818b30c: ;   {runtime_call}
  0x000001728818b30c: 0000 00e9 | fbff ffff 

  0x000001728818b314: ;   {static_stub}
  0x000001728818b314: 9048 bb00 | 0000 0000 

  0x000001728818b31c: ;   {runtime_call}
  0x000001728818b31c: 0000 00e9 | fbff ffff 

  0x000001728818b324: ;   {static_stub}
  0x000001728818b324: 9048 bb00 | 0000 0000 

  0x000001728818b32c: ;   {runtime_call}
  0x000001728818b32c: 0000 00e9 | fbff ffff 

  0x000001728818b334: ;   {static_stub}
  0x000001728818b334: 9048 bb00 | 0000 0000 

  0x000001728818b33c: ;   {runtime_call}
  0x000001728818b33c: 0000 00e9 | fbff ffff 

  0x000001728818b344: ;   {static_stub}
  0x000001728818b344: 9048 bb00 | 0000 0000 

  0x000001728818b34c: ;   {runtime_call}
  0x000001728818b34c: 0000 00e9 | fbff ffff 

  0x000001728818b354: ;   {static_stub}
  0x000001728818b354: 9048 bb00 | 0000 0000 

  0x000001728818b35c: ;   {runtime_call}
  0x000001728818b35c: 0000 00e9 | fbff ffff 

  0x000001728818b364: ;   {static_stub}
  0x000001728818b364: 9048 bb00 | 0000 0000 

  0x000001728818b36c: ;   {runtime_call}
  0x000001728818b36c: 0000 00e9 | fbff ffff 

  0x000001728818b374: ;   {static_stub}
  0x000001728818b374: 9048 bb00 | 0000 0000 

  0x000001728818b37c: ;   {runtime_call}
  0x000001728818b37c: 0000 00e9 | fbff ffff 

  0x000001728818b384: ;   {static_stub}
  0x000001728818b384: 9048 bb00 | 0000 0000 

  0x000001728818b38c: ;   {runtime_call}
  0x000001728818b38c: 0000 00e9 | fbff ffff 

  0x000001728818b394: ;   {static_stub}
  0x000001728818b394: 9048 bb00 | 0000 0000 

  0x000001728818b39c: ;   {runtime_call}
  0x000001728818b39c: 0000 00e9 | fbff ffff 

  0x000001728818b3a4: ;   {static_stub}
  0x000001728818b3a4: 9048 bb00 | 0000 0000 

  0x000001728818b3ac: ;   {runtime_call}
  0x000001728818b3ac: 0000 00e9 | fbff ffff 

  0x000001728818b3b4: ;   {static_stub}
  0x000001728818b3b4: 9048 bb00 | 0000 0000 

  0x000001728818b3bc: ;   {runtime_call}
  0x000001728818b3bc: 0000 00e9 | fbff ffff 

  0x000001728818b3c4: ;   {static_stub}
  0x000001728818b3c4: 9048 bb00 | 0000 0000 

  0x000001728818b3cc: ;   {runtime_call}
  0x000001728818b3cc: 0000 00e9 | fbff ffff 

  0x000001728818b3d4: ;   {static_stub}
  0x000001728818b3d4: 9048 bb00 | 0000 0000 

  0x000001728818b3dc: ;   {runtime_call}
  0x000001728818b3dc: 0000 00e9 | fbff ffff 

  0x000001728818b3e4: ;   {static_stub}
  0x000001728818b3e4: 9048 bb00 | 0000 0000 

  0x000001728818b3ec: ;   {runtime_call}
  0x000001728818b3ec: 0000 00e9 | fbff ffff 

  0x000001728818b3f4: ;   {static_stub}
  0x000001728818b3f4: 9048 bb00 | 0000 0000 

  0x000001728818b3fc: ;   {runtime_call}
  0x000001728818b3fc: 0000 00e9 | fbff ffff 

  0x000001728818b404: ;   {static_stub}
  0x000001728818b404: 9048 bb00 | 0000 0000 

  0x000001728818b40c: ;   {runtime_call}
  0x000001728818b40c: 0000 00e9 | fbff ffff 

  0x000001728818b414: ;   {static_stub}
  0x000001728818b414: 9048 bb00 | 0000 0000 

  0x000001728818b41c: ;   {runtime_call}
  0x000001728818b41c: 0000 00e9 | fbff ffff 

  0x000001728818b424: ;   {static_stub}
  0x000001728818b424: 9048 bb00 | 0000 0000 

  0x000001728818b42c: ;   {runtime_call}
  0x000001728818b42c: 0000 00e9 | fbff ffff 

  0x000001728818b434: ;   {static_stub}
  0x000001728818b434: 9048 bb00 | 0000 0000 

  0x000001728818b43c: ;   {runtime_call}
  0x000001728818b43c: 0000 00e9 | fbff ffff 

  0x000001728818b444: ;   {static_stub}
  0x000001728818b444: 9048 bb00 | 0000 0000 

  0x000001728818b44c: ;   {runtime_call}
  0x000001728818b44c: 0000 00e9 | fbff ffff 

  0x000001728818b454: ;   {static_stub}
  0x000001728818b454: 9048 bb00 | 0000 0000 

  0x000001728818b45c: ;   {runtime_call}
  0x000001728818b45c: 0000 00e9 | fbff ffff 

  0x000001728818b464: ;   {static_stub}
  0x000001728818b464: 9048 bb00 | 0000 0000 

  0x000001728818b46c: ;   {runtime_call}
  0x000001728818b46c: 0000 00e9 | fbff ffff 

  0x000001728818b474: ;   {static_stub}
  0x000001728818b474: 9048 bb00 | 0000 0000 

  0x000001728818b47c: ;   {runtime_call}
  0x000001728818b47c: 0000 00e9 | fbff ffff 

  0x000001728818b484: ;   {static_stub}
  0x000001728818b484: 9048 bb00 | 0000 0000 

  0x000001728818b48c: ;   {runtime_call}
  0x000001728818b48c: 0000 00e9 | fbff ffff 

  0x000001728818b494: ;   {static_stub}
  0x000001728818b494: 9048 bb00 | 0000 0000 

  0x000001728818b49c: ;   {runtime_call}
  0x000001728818b49c: 0000 00e9 | fbff ffff 

  0x000001728818b4a4: ;   {static_stub}
  0x000001728818b4a4: 9048 bb00 | 0000 0000 

  0x000001728818b4ac: ;   {runtime_call}
  0x000001728818b4ac: 0000 00e9 | fbff ffff 

  0x000001728818b4b4: ;   {static_stub}
  0x000001728818b4b4: 9048 bb00 | 0000 0000 

  0x000001728818b4bc: ;   {runtime_call}
  0x000001728818b4bc: 0000 00e9 | fbff ffff 

  0x000001728818b4c4: ;   {static_stub}
  0x000001728818b4c4: 9048 bb00 | 0000 0000 

  0x000001728818b4cc: ;   {runtime_call}
  0x000001728818b4cc: 0000 00e9 | fbff ffff 

  0x000001728818b4d4: ;   {static_stub}
  0x000001728818b4d4: 9048 bb00 | 0000 0000 

  0x000001728818b4dc: ;   {runtime_call}
  0x000001728818b4dc: 0000 00e9 | fbff ffff 

  0x000001728818b4e4: ;   {static_stub}
  0x000001728818b4e4: 9048 bb00 | 0000 0000 

  0x000001728818b4ec: ;   {runtime_call}
  0x000001728818b4ec: 0000 00e9 | fbff ffff 

  0x000001728818b4f4: ;   {static_stub}
  0x000001728818b4f4: 9048 bb00 | 0000 0000 

  0x000001728818b4fc: ;   {runtime_call}
  0x000001728818b4fc: 0000 00e9 | fbff ffff 

  0x000001728818b504: ;   {static_stub}
  0x000001728818b504: 9048 bb00 | 0000 0000 

  0x000001728818b50c: ;   {runtime_call}
  0x000001728818b50c: 0000 00e9 | fbff ffff 

  0x000001728818b514: ;   {static_stub}
  0x000001728818b514: 9048 bb00 | 0000 0000 

  0x000001728818b51c: ;   {runtime_call}
  0x000001728818b51c: 0000 00e9 | fbff ffff 

  0x000001728818b524: ;   {static_stub}
  0x000001728818b524: 9048 bb00 | 0000 0000 

  0x000001728818b52c: ;   {runtime_call}
  0x000001728818b52c: 0000 00e9 | fbff ffff 

  0x000001728818b534: ;   {static_stub}
  0x000001728818b534: 9048 bb00 | 0000 0000 

  0x000001728818b53c: ;   {runtime_call}
  0x000001728818b53c: 0000 00e9 | fbff ffff 

  0x000001728818b544: ;   {static_stub}
  0x000001728818b544: 9048 bb00 | 0000 0000 

  0x000001728818b54c: ;   {runtime_call}
  0x000001728818b54c: 0000 00e9 | fbff ffff 

  0x000001728818b554: ;   {static_stub}
  0x000001728818b554: 9048 bb00 | 0000 0000 

  0x000001728818b55c: ;   {runtime_call}
  0x000001728818b55c: 0000 00e9 | fbff ffff 

  0x000001728818b564: ;   {static_stub}
  0x000001728818b564: 9048 bb00 | 0000 0000 

  0x000001728818b56c: ;   {runtime_call}
  0x000001728818b56c: 0000 00e9 | fbff ffff 

  0x000001728818b574: ;   {static_stub}
  0x000001728818b574: 9048 bb00 | 0000 0000 

  0x000001728818b57c: ;   {runtime_call}
  0x000001728818b57c: 0000 00e9 | fbff ffff 

  0x000001728818b584: ;   {static_stub}
  0x000001728818b584: 9048 bb00 | 0000 0000 

  0x000001728818b58c: ;   {runtime_call}
  0x000001728818b58c: 0000 00e9 | fbff ffff 

  0x000001728818b594: ;   {static_stub}
  0x000001728818b594: 9048 bb00 | 0000 0000 

  0x000001728818b59c: ;   {runtime_call}
  0x000001728818b59c: 0000 00e9 | fbff ffff 

  0x000001728818b5a4: ;   {static_stub}
  0x000001728818b5a4: 9048 bb00 | 0000 0000 

  0x000001728818b5ac: ;   {runtime_call}
  0x000001728818b5ac: 0000 00e9 | fbff ffff 

  0x000001728818b5b4: ;   {static_stub}
  0x000001728818b5b4: 9048 bb00 | 0000 0000 

  0x000001728818b5bc: ;   {runtime_call}
  0x000001728818b5bc: 0000 00e9 | fbff ffff 

  0x000001728818b5c4: ;   {static_stub}
  0x000001728818b5c4: 9048 bb00 | 0000 0000 

  0x000001728818b5cc: ;   {runtime_call}
  0x000001728818b5cc: 0000 00e9 | fbff ffff 

  0x000001728818b5d4: ;   {static_stub}
  0x000001728818b5d4: 9048 bb00 | 0000 0000 

  0x000001728818b5dc: ;   {runtime_call}
  0x000001728818b5dc: 0000 00e9 | fbff ffff 

  0x000001728818b5e4: ;   {static_stub}
  0x000001728818b5e4: 9048 bb00 | 0000 0000 

  0x000001728818b5ec: ;   {runtime_call}
  0x000001728818b5ec: 0000 00e9 | fbff ffff 

  0x000001728818b5f4: ;   {static_stub}
  0x000001728818b5f4: 9048 bb00 | 0000 0000 

  0x000001728818b5fc: ;   {runtime_call}
  0x000001728818b5fc: 0000 00e9 | fbff ffff 

  0x000001728818b604: ;   {static_stub}
  0x000001728818b604: 9048 bb00 | 0000 0000 

  0x000001728818b60c: ;   {runtime_call}
  0x000001728818b60c: 0000 00e9 | fbff ffff 

  0x000001728818b614: ;   {static_stub}
  0x000001728818b614: 9048 bb00 | 0000 0000 

  0x000001728818b61c: ;   {runtime_call}
  0x000001728818b61c: 0000 00e9 | fbff ffff 

  0x000001728818b624: ;   {static_stub}
  0x000001728818b624: 9048 bb00 | 0000 0000 

  0x000001728818b62c: ;   {runtime_call}
  0x000001728818b62c: 0000 00e9 | fbff ffff 

  0x000001728818b634: ;   {static_stub}
  0x000001728818b634: 9048 bb00 | 0000 0000 

  0x000001728818b63c: ;   {runtime_call}
  0x000001728818b63c: 0000 00e9 | fbff ffff 

  0x000001728818b644: ;   {static_stub}
  0x000001728818b644: 9048 bb00 | 0000 0000 

  0x000001728818b64c: ;   {runtime_call}
  0x000001728818b64c: 0000 00e9 | fbff ffff 

  0x000001728818b654: ;   {static_stub}
  0x000001728818b654: 9048 bb00 | 0000 0000 

  0x000001728818b65c: ;   {runtime_call}
  0x000001728818b65c: 0000 00e9 | fbff ffff 

  0x000001728818b664: ;   {static_stub}
  0x000001728818b664: 9048 bb00 | 0000 0000 

  0x000001728818b66c: ;   {runtime_call}
  0x000001728818b66c: 0000 00e9 | fbff ffff 

  0x000001728818b674: ;   {static_stub}
  0x000001728818b674: 9048 bb00 | 0000 0000 

  0x000001728818b67c: ;   {runtime_call}
  0x000001728818b67c: 0000 00e9 | fbff ffff 

  0x000001728818b684: ;   {static_stub}
  0x000001728818b684: 9048 bb18 | cd04 e972 

  0x000001728818b68c: ;   {runtime_call I2C/C2I adapters}
  0x000001728818b68c: 0100 00e9 | 51c6 db06 

  0x000001728818b694: ;   {static_stub}
  0x000001728818b694: 9048 bb00 | 0000 0000 

  0x000001728818b69c: ;   {runtime_call}
  0x000001728818b69c: 0000 00e9 | fbff ffff 

  0x000001728818b6a4: ;   {static_stub}
  0x000001728818b6a4: 9048 bb00 | 0000 0000 

  0x000001728818b6ac: ;   {runtime_call}
  0x000001728818b6ac: 0000 00e9 | fbff ffff 

  0x000001728818b6b4: ;   {static_stub}
  0x000001728818b6b4: 9048 bb00 | 0000 0000 

  0x000001728818b6bc: ;   {runtime_call}
  0x000001728818b6bc: 0000 00e9 | fbff ffff 

  0x000001728818b6c4: ;   {static_stub}
  0x000001728818b6c4: 9048 bb00 | 0000 0000 

  0x000001728818b6cc: ;   {runtime_call}
  0x000001728818b6cc: 0000 00e9 | fbff ffff 

  0x000001728818b6d4: ;   {static_stub}
  0x000001728818b6d4: 9048 bb00 | 0000 0000 

  0x000001728818b6dc: ;   {runtime_call}
  0x000001728818b6dc: 0000 00e9 | fbff ffff 

  0x000001728818b6e4: ;   {static_stub}
  0x000001728818b6e4: 9048 bb00 | 0000 0000 

  0x000001728818b6ec: ;   {runtime_call}
  0x000001728818b6ec: 0000 00e9 | fbff ffff 

  0x000001728818b6f4: ;   {static_stub}
  0x000001728818b6f4: 9048 bb00 | 0000 0000 

  0x000001728818b6fc: ;   {runtime_call}
  0x000001728818b6fc: 0000 00e9 | fbff ffff 
[Exception Handler]
  0x000001728818b704: ;   {runtime_call handle_exception_from_callee Runtime1 stub}
  0x000001728818b704: e877 c8e6 

  0x000001728818b708: ;   {external_word}
  0x000001728818b708: 0648 b900 | ea09 7cf9 | 7f00 0048 

  0x000001728818b714: ;   {runtime_call}
  0x000001728818b714: 83e4 f049 | ba40 96d2 | 7bf9 7f00 | 0041 ffd2 

  0x000001728818b724: ;   {section_word}
  0x000001728818b724: f449 ba25 | b718 8872 | 0100 0041 

  0x000001728818b730: ;   {runtime_call DeoptimizationBlob}
  0x000001728818b730: 52e9 6ab5 | dc06 f4f4 
[/MachCode]


Compiled method (c1) 82970 6428       3       ai.onnxruntime.OrtSession::run (11 bytes)
 total in heap  [0x0000017287f01f90,0x0000017287f02390] = 1024
 relocation     [0x0000017287f020f0,0x0000017287f02138] = 72
 main code      [0x0000017287f02140,0x0000017287f022a0] = 352
 stub code      [0x0000017287f022a0,0x0000017287f022e8] = 72
 oops           [0x0000017287f022e8,0x0000017287f022f0] = 8
 metadata       [0x0000017287f022f0,0x0000017287f02308] = 24
 scopes data    [0x0000017287f02308,0x0000017287f02338] = 48
 scopes pcs     [0x0000017287f02338,0x0000017287f02388] = 80
 dependencies   [0x0000017287f02388,0x0000017287f02390] = 8

[Constant Pool (empty)]

[MachCode]
[Entry Point]
  # {method} {0x00000172e8ed0df8} 'run' '(Ljava/util/Map;Ljava/util/Set;)Lai/onnxruntime/OrtSession$Result;' in 'ai/onnxruntime/OrtSession'
  # this:     rdx:rdx   = 'ai/onnxruntime/OrtSession'
  # parm0:    r8:r8     = 'java/util/Map'
  # parm1:    r9:r9     = 'java/util/Set'
  #           [sp+0x60]  (sp of caller)
  0x0000017287f02140: 448b 5208 | 49bb 0000 | 00a7 7201 | 0000 4d03 | d34c 3bd0 

  0x0000017287f02154: ;   {runtime_call ic_miss_stub}
  0x0000017287f02154: 0f85 26ef | 0407 660f | 1f44 0000 
[Verified Entry Point]
  0x0000017287f02160: 8984 2400 | 90ff ff55 | 4883 ec50 

  0x0000017287f0216c: ;   {metadata(method data for {method} {0x00000172e8ed0df8} 'run' '(Ljava/util/Map;Ljava/util/Set;)Lai/onnxruntime/OrtSession$Result;' in 'ai/onnxruntime/OrtSession')}
  0x0000017287f0216c: 48bf 00c0 | 03e9 7201 | 0000 8bb7 | cc00 0000 | 83c6 0289 | b7cc 0000 | 0081 e6fe | 0700 0083 
  0x0000017287f0218c: fe00 0f84 | 7b00 0000 

  0x0000017287f02194: ;   {metadata(method data for {method} {0x00000172e8ed0df8} 'run' '(Ljava/util/Map;Ljava/util/Set;)Lai/onnxruntime/OrtSession$Result;' in 'ai/onnxruntime/OrtSession')}
  0x0000017287f02194: 48bf 00c0 | 03e9 7201 | 0000 4883 | 8710 0100 

  0x0000017287f021a4: ;   {metadata(method data for {method} {0x00000172a7382c98} 'emptyMap' '()Ljava/util/Map;' in 'java/util/Collections')}
  0x0000017287f021a4: 0001 48bf | b802 3ae8 | 7201 0000 | 8bb7 cc00 | 0000 83c6 | 0289 b7cc | 0000 0081 | e6fe ff1f 
  0x0000017287f021c4: 0083 fe00 | 0f84 6200 | 0000 488b 

  0x0000017287f021d0: ;   {metadata(method data for {method} {0x00000172e8ed0df8} 'run' '(Ljava/util/Map;Ljava/util/Set;)Lai/onnxruntime/OrtSession$Result;' in 'ai/onnxruntime/OrtSession')}
  0x0000017287f021d0: fa48 be00 | c003 e972 | 0100 0048 | 8386 3801 

  0x0000017287f021e0: ;   {oop(a 'java/util/Collections$EmptyMap'{0x0000000642c04608})}
  0x0000017287f021e0: 0000 0148 | bf08 46c0 | 4206 0000 

  0x0000017287f021ec: ;   {oop(NULL)}
  0x0000017287f021ec: 0048 be00 | 0000 0000 

  0x0000017287f021f4: ;   {optimized virtual_call}
  0x0000017287f021f4: 0000 00e8 

  0x0000017287f021f8: ; ImmutableOopMap {}
                      ;*invokevirtual run {reexecute=0 rethrow=0 return_oop=0}
                      ; - ai.onnxruntime.OrtSession::run@7 (line 269)
  0x0000017287f021f8: a432 2800 | 4883 c450 

  0x0000017287f02200: ;   {poll_return}
  0x0000017287f02200: 5d49 3ba7 | 4803 0000 | 0f87 4000 

  0x0000017287f0220c: ;   {metadata({method} {0x00000172e8ed0df8} 'run' '(Ljava/util/Map;Ljava/util/Set;)Lai/onnxruntime/OrtSession$Result;' in 'ai/onnxruntime/OrtSession')}
  0x0000017287f0220c: 0000 c349 | baf0 0ded | e872 0100 | 004c 8954 | 2408 48c7 | 0424 ffff 

  0x0000017287f02224: ;   {runtime_call counter_overflow Runtime1 stub}
  0x0000017287f02224: ffff e855 

  0x0000017287f02228: ; ImmutableOopMap {rdx=Oop r8=Oop r9=Oop }
                      ;*synchronization entry
                      ; - ai.onnxruntime.OrtSession::run@-1 (line 269)
  0x0000017287f02228: 900f 07e9 | 64ff ffff 

  0x0000017287f02230: ;   {metadata({method} {0x00000172a7382c98} 'emptyMap' '()Ljava/util/Map;' in 'java/util/Collections')}
  0x0000017287f02230: 49ba 902c | 38a7 7201 | 0000 4c89 | 5424 0848 | c704 24ff 

  0x0000017287f02244: ;   {runtime_call counter_overflow Runtime1 stub}
  0x0000017287f02244: ffff ffe8 

  0x0000017287f02248: ; ImmutableOopMap {rdx=Oop r8=Oop r9=Oop }
                      ;*synchronization entry
                      ; - java.util.Collections::emptyMap@-1 (line 4654)
                      ; - ai.onnxruntime.OrtSession::run@3 (line 269)
  0x0000017287f02248: 3490 0f07 

  0x0000017287f0224c: ;   {internal_word}
  0x0000017287f0224c: eb80 49ba | 0122 f087 | 7201 0000 | 4d89 9760 

  0x0000017287f0225c: ;   {runtime_call SafepointBlob}
  0x0000017287f0225c: 0300 00e9 | 9c57 0507 | 9090 498b | 87d8 0300 | 0049 c787 | d803 0000 | 0000 0000 | 49c7 87e0 
  0x0000017287f0227c: 0300 0000 | 0000 0048 | 83c4 505d 

  0x0000017287f02288: ;   {runtime_call unwind_exception Runtime1 stub}
  0x0000017287f02288: e9f3 5206 | 07f4 f4f4 | f4f4 f4f4 | f4f4 f4f4 | f4f4 f4f4 | f4f4 f4f4 
[Stub Code]
  0x0000017287f022a0: ;   {no_reloc}
  0x0000017287f022a0: 0f1f 4400 

  0x0000017287f022a4: ;   {static_stub}
  0x0000017287f022a4: 0048 bb00 | 0000 0000 

  0x0000017287f022ac: ;   {runtime_call}
  0x0000017287f022ac: 0000 00e9 | fbff ffff 
[Exception Handler]
  0x0000017287f022b4: ;   {runtime_call handle_exception_from_callee Runtime1 stub}
  0x0000017287f022b4: e8c7 5c0f 

  0x0000017287f022b8: ;   {external_word}
  0x0000017287f022b8: 0748 b900 | ea09 7cf9 | 7f00 0048 

  0x0000017287f022c4: ;   {runtime_call}
  0x0000017287f022c4: 83e4 f049 | ba40 96d2 | 7bf9 7f00 | 0041 ffd2 

  0x0000017287f022d4: ;   {section_word}
  0x0000017287f022d4: f449 bad5 | 22f0 8772 | 0100 0041 

  0x0000017287f022e0: ;   {runtime_call DeoptimizationBlob}
  0x0000017287f022e0: 52e9 ba49 | 0507 f4f4 
[/MachCode]


---------------  P R O C E S S  ---------------

Threads class SMR info:
_java_thread_list=0x00000172a6ca3eb0, length=28, elements={
0x00000172fefb99f0, 0x00000172fefbaf20, 0x00000172fefd3af0, 0x00000172fefd67d0,
0x00000172fefd8220, 0x00000172fefd9660, 0x00000172fefe0020, 0x00000172fefe53f0,
0x00000172feff6a60, 0x00000172fefa5920, 0x00000172ec251a50, 0x00000172ec7443e0,
0x00000172f15608e0, 0x00000172f16a0f90, 0x00000172f16a0060, 0x00000172f16a19b0,
0x00000172f16a14a0, 0x00000172f1bdcaf0, 0x00000172f1bdd510, 0x00000172f1bd9d60,
0x00000172f1bdda20, 0x00000172f1bda270, 0x00000172f1bdac90, 0x00000172f1bde950,
0x00000172f1bdee60, 0x00000172f1bd9850, 0x00000172f1bdf370, 0x00000172f1bdfd90
}

Java Threads: ( => current thread )
  0x00000172fefb99f0 JavaThread "Reference Handler" daemon [_thread_blocked, id=43964, stack(0x0000000bce400000,0x0000000bce500000)]
  0x00000172fefbaf20 JavaThread "Finalizer" daemon [_thread_blocked, id=43348, stack(0x0000000bce500000,0x0000000bce600000)]
  0x00000172fefd3af0 JavaThread "Signal Dispatcher" daemon [_thread_blocked, id=42488, stack(0x0000000bce600000,0x0000000bce700000)]
  0x00000172fefd67d0 JavaThread "Attach Listener" daemon [_thread_blocked, id=41316, stack(0x0000000bce700000,0x0000000bce800000)]
  0x00000172fefd8220 JavaThread "Service Thread" daemon [_thread_blocked, id=42528, stack(0x0000000bce800000,0x0000000bce900000)]
  0x00000172fefd9660 JavaThread "Monitor Deflation Thread" daemon [_thread_blocked, id=38720, stack(0x0000000bce900000,0x0000000bcea00000)]
  0x00000172fefe0020 JavaThread "C2 CompilerThread0" daemon [_thread_blocked, id=43728, stack(0x0000000bcea00000,0x0000000bceb00000)]
  0x00000172fefe53f0 JavaThread "C1 CompilerThread0" daemon [_thread_blocked, id=37192, stack(0x0000000bceb00000,0x0000000bcec00000)]
  0x00000172feff6a60 JavaThread "Sweeper thread" daemon [_thread_blocked, id=24996, stack(0x0000000bcec00000,0x0000000bced00000)]
  0x00000172fefa5920 JavaThread "Common-Cleaner" daemon [_thread_blocked, id=34356, stack(0x0000000bcee00000,0x0000000bcef00000)]
  0x00000172ec251a50 JavaThread "Notification Thread" daemon [_thread_blocked, id=44000, stack(0x0000000bcf500000,0x0000000bcf600000)]
  0x00000172ec7443e0 JavaThread "InvokeLaterDispatcher" daemon [_thread_blocked, id=42040, stack(0x0000000bcfa00000,0x0000000bcfb00000)]
  0x00000172f15608e0 JavaThread "Thread-2" daemon [_thread_in_native, id=41340, stack(0x0000000bd0600000,0x0000000bd0700000)]
  0x00000172f16a0f90 JavaThread "atomic-processor-1" daemon [_thread_in_native, id=16156, stack(0x0000000bcf300000,0x0000000bcf400000)]
  0x00000172f16a0060 JavaThread "webcam-discovery-service" daemon [_thread_blocked, id=41976, stack(0x0000000bcf200000,0x0000000bcf300000)]
  0x00000172f16a19b0 JavaThread "Prism Font Disposer" daemon [_thread_blocked, id=39036, stack(0x0000000bd1400000,0x0000000bd1500000)]
  0x00000172f16a14a0 JavaThread "Cleaner-0" daemon [_thread_blocked, id=40228, stack(0x0000000bd1900000,0x0000000bd1a00000)]
=>0x00000172f1bdcaf0 JavaThread "camera-worker" daemon [_thread_in_native, id=9400, stack(0x0000000bd2400000,0x0000000bd2500000)]
  0x00000172f1bdd510 JavaThread "webcam-lock-[Integrated Camera 0]" daemon [_thread_blocked, id=12636, stack(0x0000000bd2600000,0x0000000bd2700000)]
  0x00000172f1bd9d60 JavaThread "webcam-lock-[c922 Pro Stream Webcam 1]" daemon [_thread_blocked, id=38684, stack(0x0000000bd2700000,0x0000000bd2800000)]
  0x00000172f1bdda20 JavaThread "frames-refresher-[1]" daemon [_thread_blocked, id=23656, stack(0x0000000bd1100000,0x0000000bd1200000)]
  0x00000172f1bda270 JavaThread "frames-refresher-[0]" daemon [_thread_blocked, id=41748, stack(0x0000000bd3800000,0x0000000bd3900000)]
  0x00000172f1bdac90 JavaThread "Java2D Disposer" daemon [_thread_blocked, id=43256, stack(0x0000000bd3c00000,0x0000000bd3d00000)]
  0x00000172f1bde950 JavaThread "alert-sound" daemon [_thread_blocked, id=43712, stack(0x0000000bd4d00000,0x0000000bd4e00000)]
  0x00000172f1bdee60 JavaThread "Java Sound Event Dispatcher" daemon [_thread_blocked, id=40348, stack(0x0000000bd5100000,0x0000000bd5200000)]
  0x00000172f1bd9850 JavaThread "DestroyJavaVM" [_thread_blocked, id=38896, stack(0x0000000bcdd00000,0x0000000bcde00000)]
  0x00000172f1bdf370 JavaThread "shutdown-hook-2" daemon [_thread_blocked, id=34512, stack(0x0000000bd1c00000,0x0000000bd1d00000)]
  0x00000172f1bdfd90 JavaThread "AWT-Shutdown" [_thread_blocked, id=35588, stack(0x0000000bcfb00000,0x0000000bcfc00000)]

Other Threads:
  0x00000172fefb5a50 VMThread "VM Thread" [stack: 0x0000000bce300000,0x0000000bce400000] [id=43800]
  0x00000172a6c7e730 WatcherThread [stack: 0x0000000bcf600000,0x0000000bcf700000] [id=28744]
  0x00000172fbbbd140 GCTaskThread "GC Thread#0" [stack: 0x0000000bcde00000,0x0000000bcdf00000] [id=38952]
  0x00000172f1513430 GCTaskThread "GC Thread#1" [stack: 0x0000000bd0700000,0x0000000bd0800000] [id=41400]
  0x00000172f15136f0 GCTaskThread "GC Thread#2" [stack: 0x0000000bd0800000,0x0000000bd0900000] [id=27008]
  0x00000172f15139b0 GCTaskThread "GC Thread#3" [stack: 0x0000000bd0900000,0x0000000bd0a00000] [id=39744]
  0x00000172f151bc80 GCTaskThread "GC Thread#4" [stack: 0x0000000bd0a00000,0x0000000bd0b00000] [id=41224]
  0x00000172f151bf40 GCTaskThread "GC Thread#5" [stack: 0x0000000bd0b00000,0x0000000bd0c00000] [id=43588]
  0x00000172f151c200 GCTaskThread "GC Thread#6" [stack: 0x0000000bd0c00000,0x0000000bd0d00000] [id=43012]
  0x00000172f151c4c0 GCTaskThread "GC Thread#7" [stack: 0x0000000bd0d00000,0x0000000bd0e00000] [id=42792]
  0x00000172f151c780 GCTaskThread "GC Thread#8" [stack: 0x0000000bd0e00000,0x0000000bd0f00000] [id=41964]
  0x00000172f1520e50 GCTaskThread "GC Thread#9" [stack: 0x0000000bd0f00000,0x0000000bd1000000] [id=41616]
  0x00000172f427f980 GCTaskThread "GC Thread#10" [stack: 0x0000000bd1500000,0x0000000bd1600000] [id=41128]
  0x00000172f32ff300 GCTaskThread "GC Thread#11" [stack: 0x0000000bd1600000,0x0000000bd1700000] [id=38992]
  0x00000172f4145a20 GCTaskThread "GC Thread#12" [stack: 0x0000000bd3f00000,0x0000000bd4000000] [id=40612]
  0x00000172fbbccb30 ConcurrentGCThread "G1 Main Marker" [stack: 0x0000000bcdf00000,0x0000000bce000000] [id=43688]
  0x00000172fbbcdbf0 ConcurrentGCThread "G1 Conc#0" [stack: 0x0000000bce000000,0x0000000bce100000] [id=42844]
  0x00000172f4144420 ConcurrentGCThread "G1 Conc#1" [stack: 0x0000000bcef00000,0x0000000bcf000000] [id=43840]
  0x00000172f30289e0 ConcurrentGCThread "G1 Conc#2" [stack: 0x0000000bd3400000,0x0000000bd3500000] [id=40176]
  0x00000172feeea4d0 ConcurrentGCThread "G1 Refine#0" [stack: 0x0000000bce100000,0x0000000bce200000] [id=38940]
  0x00000172feeeae00 ConcurrentGCThread "G1 Service" [stack: 0x0000000bce200000,0x0000000bce300000] [id=39536]

Threads with active compile tasks:

VM state: not at safepoint (normal execution)

VM Mutex/Monitor currently owned by a thread: None

Heap address: 0x0000000642400000, size: 7132 MB, Compressed Oops mode: Zero based, Oop shift amount: 3

CDS archive(s) mapped at: [0x00000172a7000000-0x00000172a7bb0000-0x00000172a7bb0000), size 12255232, SharedBaseAddress: 0x00000172a7000000, ArchiveRelocationMode: 1.
Compressed class space mapped at: 0x00000172a8000000-0x00000172e8000000, reserved size: 1073741824
Narrow klass base: 0x00000172a7000000, Narrow klass shift: 0, Narrow klass range: 0x100000000

GC Precious Log:
 CPUs: 16 total, 16 available
 Memory: 28524M
 Large Page Support: Disabled
 NUMA Support: Disabled
 Compressed Oops: Enabled (Zero based)
 Heap Region Size: 4M
 Heap Min Capacity: 8M
 Heap Initial Capacity: 448M
 Heap Max Capacity: 7132M
 Pre-touch: Disabled
 Parallel Workers: 13
 Concurrent Workers: 3
 Concurrent Refinement Workers: 13
 Periodic GC: Disabled

Heap:
 garbage-first heap   total 286720K, used 140330K [0x0000000642400000, 0x0000000800000000)
  region size 4096K, 26 young (106496K), 3 survivors (12288K)
 Metaspace       used 23464K, committed 23808K, reserved 1114112K
  class space    used 2750K, committed 2880K, reserved 1048576K

Heap Regions: E=young(eden), S=young(survivor), O=old, HS=humongous(starts), HC=humongous(continues), CS=collection set, F=free, OA=open archive, CA=closed archive, TAMS=top-at-mark-start (previous, next)
|   0|0x0000000642400000, 0x0000000642800000, 0x0000000642800000|100%|HS|  |TAMS 0x0000000642800000, 0x0000000642400000| Complete 
|   1|0x0000000642800000, 0x0000000642c00000, 0x0000000642c00000|100%|HC|  |TAMS 0x0000000642c00000, 0x0000000642800000| Complete 
|   2|0x0000000642c00000, 0x0000000643000000, 0x0000000643000000|100%| O|  |TAMS 0x0000000643000000, 0x0000000642c00000| Untracked 
|   3|0x0000000643000000, 0x0000000643000000, 0x0000000643400000|  0%| F|  |TAMS 0x0000000643000000, 0x0000000643000000| Untracked 
|   4|0x0000000643400000, 0x0000000643800000, 0x0000000643800000|100%| O|  |TAMS 0x0000000643800000, 0x0000000643400000| Untracked 
|   5|0x0000000643800000, 0x0000000643c00000, 0x0000000643c00000|100%| O|  |TAMS 0x0000000643c00000, 0x0000000643800000| Untracked 
|   6|0x0000000643c00000, 0x0000000643c00000, 0x0000000644000000|  0%| F|  |TAMS 0x0000000643c00000, 0x0000000643c00000| Untracked 
|   7|0x0000000644000000, 0x0000000644400000, 0x0000000644400000|100%| O|  |TAMS 0x0000000644400000, 0x0000000644000000| Untracked 
|   8|0x0000000644400000, 0x0000000644400000, 0x0000000644800000|  0%| F|  |TAMS 0x0000000644400000, 0x0000000644400000| Untracked 
|   9|0x0000000644800000, 0x0000000644bb1400, 0x0000000644c00000| 92%| O|  |TAMS 0x0000000644800000, 0x0000000644800000| Untracked 
|  10|0x0000000644c00000, 0x0000000644c00000, 0x0000000645000000|  0%| F|  |TAMS 0x0000000644c00000, 0x0000000644c00000| Untracked 
|  11|0x0000000645000000, 0x0000000645000000, 0x0000000645400000|  0%| F|  |TAMS 0x0000000645000000, 0x0000000645000000| Untracked 
|  12|0x0000000645400000, 0x0000000645400000, 0x0000000645800000|  0%| F|  |TAMS 0x0000000645400000, 0x0000000645400000| Untracked 
|  13|0x0000000645800000, 0x0000000645c00000, 0x0000000645c00000|100%| O|  |TAMS 0x0000000645800000, 0x0000000645800000| Untracked 
|  14|0x0000000645c00000, 0x0000000646000000, 0x0000000646000000|100%| O|  |TAMS 0x0000000645c00000, 0x0000000645c00000| Untracked 
|  15|0x0000000646000000, 0x0000000646400000, 0x0000000646400000|100%| O|  |TAMS 0x0000000646000000, 0x0000000646000000| Untracked 
|  16|0x0000000646400000, 0x0000000646800000, 0x0000000646800000|100%| O|  |TAMS 0x0000000646400000, 0x0000000646400000| Untracked 
|  17|0x0000000646800000, 0x0000000646800000, 0x0000000646c00000|  0%| F|  |TAMS 0x0000000646800000, 0x0000000646800000| Untracked 
|  18|0x0000000646c00000, 0x0000000646c00000, 0x0000000647000000|  0%| F|  |TAMS 0x0000000646c00000, 0x0000000646c00000| Untracked 
|  19|0x0000000647000000, 0x0000000647000000, 0x0000000647400000|  0%| F|  |TAMS 0x0000000647000000, 0x0000000647000000| Untracked 
|  20|0x0000000647400000, 0x0000000647400000, 0x0000000647800000|  0%| F|  |TAMS 0x0000000647400000, 0x0000000647400000| Untracked 
|  21|0x0000000647800000, 0x0000000647800000, 0x0000000647c00000|  0%| F|  |TAMS 0x0000000647800000, 0x0000000647800000| Untracked 
|  22|0x0000000647c00000, 0x0000000647c00000, 0x0000000648000000|  0%| F|  |TAMS 0x0000000647c00000, 0x0000000647c00000| Untracked 
|  23|0x0000000648000000, 0x0000000648000000, 0x0000000648400000|  0%| F|  |TAMS 0x0000000648000000, 0x0000000648000000| Untracked 
|  24|0x0000000648400000, 0x0000000648400000, 0x0000000648800000|  0%| F|  |TAMS 0x0000000648400000, 0x0000000648400000| Untracked 
|  25|0x0000000648800000, 0x0000000648959480, 0x0000000648c00000| 33%| S|CS|TAMS 0x0000000648800000, 0x0000000648800000| Complete 
|  26|0x0000000648c00000, 0x0000000648c00000, 0x0000000649000000|  0%| F|  |TAMS 0x0000000648c00000, 0x0000000648c00000| Untracked 
|  27|0x0000000649000000, 0x0000000649400000, 0x0000000649400000|100%| S|CS|TAMS 0x0000000649000000, 0x0000000649000000| Complete 
|  28|0x0000000649400000, 0x0000000649400000, 0x0000000649800000|  0%| F|  |TAMS 0x0000000649400000, 0x0000000649400000| Untracked 
|  29|0x0000000649800000, 0x0000000649c00000, 0x0000000649c00000|100%| S|CS|TAMS 0x0000000649800000, 0x0000000649800000| Complete 
|  30|0x0000000649c00000, 0x0000000649c00000, 0x000000064a000000|  0%| F|  |TAMS 0x0000000649c00000, 0x0000000649c00000| Untracked 
|  31|0x000000064a000000, 0x000000064a000000, 0x000000064a400000|  0%| F|  |TAMS 0x000000064a000000, 0x000000064a000000| Untracked 
|  32|0x000000064a400000, 0x000000064a400000, 0x000000064a800000|  0%| F|  |TAMS 0x000000064a400000, 0x000000064a400000| Untracked 
|  33|0x000000064a800000, 0x000000064a800000, 0x000000064ac00000|  0%| F|  |TAMS 0x000000064a800000, 0x000000064a800000| Untracked 
|  34|0x000000064ac00000, 0x000000064ac00000, 0x000000064b000000|  0%| F|  |TAMS 0x000000064ac00000, 0x000000064ac00000| Untracked 
|  35|0x000000064b000000, 0x000000064b000000, 0x000000064b400000|  0%| F|  |TAMS 0x000000064b000000, 0x000000064b000000| Untracked 
|  36|0x000000064b400000, 0x000000064b400000, 0x000000064b800000|  0%| F|  |TAMS 0x000000064b400000, 0x000000064b400000| Untracked 
|  37|0x000000064b800000, 0x000000064b800000, 0x000000064bc00000|  0%| F|  |TAMS 0x000000064b800000, 0x000000064b800000| Untracked 
|  38|0x000000064bc00000, 0x000000064bc00000, 0x000000064c000000|  0%| F|  |TAMS 0x000000064bc00000, 0x000000064bc00000| Untracked 
|  39|0x000000064c000000, 0x000000064c000000, 0x000000064c400000|  0%| F|  |TAMS 0x000000064c000000, 0x000000064c000000| Untracked 
|  40|0x000000064c400000, 0x000000064c400000, 0x000000064c800000|  0%| F|  |TAMS 0x000000064c400000, 0x000000064c400000| Untracked 
|  41|0x000000064c800000, 0x000000064c800000, 0x000000064cc00000|  0%| F|  |TAMS 0x000000064c800000, 0x000000064c800000| Untracked 
|  42|0x000000064cc00000, 0x000000064cc00000, 0x000000064d000000|  0%| F|  |TAMS 0x000000064cc00000, 0x000000064cc00000| Untracked 
|  43|0x000000064d000000, 0x000000064d000000, 0x000000064d400000|  0%| F|  |TAMS 0x000000064d000000, 0x000000064d000000| Untracked 
|  44|0x000000064d400000, 0x000000064d400000, 0x000000064d800000|  0%| F|  |TAMS 0x000000064d400000, 0x000000064d400000| Untracked 
|  45|0x000000064d800000, 0x000000064d800000, 0x000000064dc00000|  0%| F|  |TAMS 0x000000064d800000, 0x000000064d800000| Untracked 
|  46|0x000000064dc00000, 0x000000064dc00000, 0x000000064e000000|  0%| F|  |TAMS 0x000000064dc00000, 0x000000064dc00000| Untracked 
|  47|0x000000064e000000, 0x000000064e12c010, 0x000000064e400000| 29%| E|  |TAMS 0x000000064e000000, 0x000000064e000000| Complete 
|  48|0x000000064e400000, 0x000000064e7b11b0, 0x000000064e800000| 92%| E|  |TAMS 0x000000064e400000, 0x000000064e400000| Complete 
|  49|0x000000064e800000, 0x000000064ec00000, 0x000000064ec00000|100%| E|CS|TAMS 0x000000064e800000, 0x000000064e800000| Complete 
|  50|0x000000064ec00000, 0x000000064f000000, 0x000000064f000000|100%| E|CS|TAMS 0x000000064ec00000, 0x000000064ec00000| Complete 
|  51|0x000000064f000000, 0x000000064f400000, 0x000000064f400000|100%| E|CS|TAMS 0x000000064f000000, 0x000000064f000000| Complete 
|  52|0x000000064f400000, 0x000000064f800000, 0x000000064f800000|100%| E|CS|TAMS 0x000000064f400000, 0x000000064f400000| Complete 
|  53|0x000000064f800000, 0x000000064fc00000, 0x000000064fc00000|100%| E|CS|TAMS 0x000000064f800000, 0x000000064f800000| Complete 
|  54|0x000000064fc00000, 0x0000000650000000, 0x0000000650000000|100%| E|CS|TAMS 0x000000064fc00000, 0x000000064fc00000| Complete 
|  55|0x0000000650000000, 0x0000000650400000, 0x0000000650400000|100%| E|CS|TAMS 0x0000000650000000, 0x0000000650000000| Complete 
|  56|0x0000000650400000, 0x0000000650800000, 0x0000000650800000|100%| E|CS|TAMS 0x0000000650400000, 0x0000000650400000| Complete 
|  57|0x0000000650800000, 0x0000000650c00000, 0x0000000650c00000|100%| E|CS|TAMS 0x0000000650800000, 0x0000000650800000| Complete 
|  58|0x0000000650c00000, 0x0000000651000000, 0x0000000651000000|100%| E|CS|TAMS 0x0000000650c00000, 0x0000000650c00000| Complete 
|  59|0x0000000651000000, 0x0000000651400000, 0x0000000651400000|100%| E|CS|TAMS 0x0000000651000000, 0x0000000651000000| Complete 
|  60|0x0000000651400000, 0x0000000651800000, 0x0000000651800000|100%| E|CS|TAMS 0x0000000651400000, 0x0000000651400000| Complete 
|  61|0x0000000651800000, 0x0000000651c00000, 0x0000000651c00000|100%| E|CS|TAMS 0x0000000651800000, 0x0000000651800000| Complete 
|  62|0x0000000651c00000, 0x0000000652000000, 0x0000000652000000|100%| E|CS|TAMS 0x0000000651c00000, 0x0000000651c00000| Complete 
|  63|0x0000000652000000, 0x0000000652400000, 0x0000000652400000|100%| E|CS|TAMS 0x0000000652000000, 0x0000000652000000| Complete 
|  64|0x0000000652400000, 0x0000000652800000, 0x0000000652800000|100%| E|CS|TAMS 0x0000000652400000, 0x0000000652400000| Complete 
|  65|0x0000000652800000, 0x0000000652c00000, 0x0000000652c00000|100%| E|CS|TAMS 0x0000000652800000, 0x0000000652800000| Complete 
|  83|0x0000000657000000, 0x0000000657400000, 0x0000000657400000|100%| E|CS|TAMS 0x0000000657000000, 0x0000000657000000| Complete 
|  84|0x0000000657400000, 0x0000000657800000, 0x0000000657800000|100%| E|CS|TAMS 0x0000000657400000, 0x0000000657400000| Complete 
|  85|0x0000000657800000, 0x0000000657c00000, 0x0000000657c00000|100%| E|CS|TAMS 0x0000000657800000, 0x0000000657800000| Complete 
| 111|0x000000065e000000, 0x000000065e400000, 0x000000065e400000|100%| E|CS|TAMS 0x000000065e000000, 0x000000065e000000| Complete 

Card table byte_map: [0x00000172fd240000,0x00000172fe030000] _byte_map_base: 0x00000172fa02e000

Marking Bits (Prev, Next): (CMBitMap*) 0x00000172fbbbd660, (CMBitMap*) 0x00000172fbbbd6a0
 Prev Bits: [0x0000017296ab0000, 0x000001729da20000)
 Next Bits: [0x000001729da20000, 0x00000172a4990000)

Polling page: 0x00000172f9ad0000

Metaspace:

Usage:
  Non-class:     20.23 MB used.
      Class:      2.69 MB used.
       Both:     22.91 MB used.

Virtual space:
  Non-class space:       64.00 MB reserved,      20.44 MB ( 32%) committed,  1 nodes.
      Class space:        1.00 GB reserved,       2.81 MB ( <1%) committed,  1 nodes.
             Both:        1.06 GB reserved,      23.25 MB (  2%) committed. 

Chunk freelists:
   Non-Class:  10.81 MB
       Class:  13.10 MB
        Both:  23.91 MB

MaxMetaspaceSize: unlimited
CompressedClassSpaceSize: 1.00 GB
Initial GC threshold: 21.00 MB
Current GC threshold: 36.88 MB
CDS: on
MetaspaceReclaimPolicy: balanced
 - commit_granule_bytes: 65536.
 - commit_granule_words: 8192.
 - virtual_space_node_default_size: 8388608.
 - enlarge_chunks_in_place: 1.
 - new_chunks_are_fully_committed: 0.
 - uncommit_free_chunks: 1.
 - use_allocation_guard: 0.
 - handle_deallocations: 1.


Internal statistics:

num_allocs_failed_limit: 3.
num_arena_births: 228.
num_arena_deaths: 0.
num_vsnodes_births: 2.
num_vsnodes_deaths: 0.
num_space_committed: 372.
num_space_uncommitted: 0.
num_chunks_returned_to_freelist: 3.
num_chunks_taken_from_freelist: 899.
num_chunk_merges: 0.
num_chunk_splits: 624.
num_chunks_enlarged: 498.
num_inconsistent_stats: 0.

CodeHeap 'non-profiled nmethods': size=119168Kb used=4879Kb max_used=4879Kb free=114288Kb
 bounds [0x000001728f650000, 0x000001728fb20000, 0x0000017296ab0000]
CodeHeap 'profiled nmethods': size=119104Kb used=15086Kb max_used=15086Kb free=104017Kb
 bounds [0x0000017287ab0000, 0x0000017288970000, 0x000001728ef00000]
CodeHeap 'non-nmethods': size=7488Kb used=1534Kb max_used=3248Kb free=5953Kb
 bounds [0x000001728ef00000, 0x000001728f230000, 0x000001728f650000]
 total_blobs=7795 nmethods=6871 adapters=834
 compilation: enabled
              stopped_count=0, restarted_count=0
 full_count=0

Compilation events (20 events):
Event: 81.109 Thread 0x00000172fefe53f0 7665       3       java.util.regex.ASCII::isDigit (18 bytes)
Event: 81.109 Thread 0x00000172fefe53f0 nmethod 7665 0x0000017288967710 code [0x00000172889678a0, 0x00000172889679f8]
Event: 81.289 Thread 0x00000172fefe53f0 7666       3       javafx.scene.Node::minHeight (6 bytes)
Event: 81.289 Thread 0x00000172fefe53f0 nmethod 7666 0x0000017288967a90 code [0x0000017288967c40, 0x0000017288967e08]
Event: 81.289 Thread 0x00000172fefe53f0 7667       3       javafx.scene.Node::maxHeight (6 bytes)
Event: 81.289 Thread 0x00000172fefe53f0 nmethod 7667 0x0000017288967e90 code [0x0000017288968040, 0x0000017288968208]
Event: 81.319 Thread 0x00000172fefe0020 7668       4       java.util.HashMap$EntryIterator::next (5 bytes)
Event: 81.323 Thread 0x00000172fefe0020 nmethod 7668 0x000001728fb0c910 code [0x000001728fb0caa0, 0x000001728fb0ceb8]
Event: 81.463 Thread 0x00000172fefe0020 7669       4       com.sun.javafx.sg.prism.NGNode::computeNodeRenderRoot (112 bytes)
Event: 81.486 Thread 0x00000172fefe0020 nmethod 7669 0x000001728fb0d090 code [0x000001728fb0d580, 0x000001728fb0fd90]
Event: 81.687 Thread 0x00000172fefe53f0 7671       3       com.sun.prism.impl.PrismTrace::rttDisposed (78 bytes)
Event: 81.688 Thread 0x00000172fefe53f0 nmethod 7671 0x0000017288968290 code [0x0000017288968420, 0x0000017288968518]
Event: 81.721 Thread 0x00000172fefe0020 7672   !   4       java.util.concurrent.locks.AbstractQueuedSynchronizer$ConditionObject::await (183 bytes)
Event: 81.731 Thread 0x00000172fefe0020 nmethod 7672 0x000001728fb11590 code [0x000001728fb117a0, 0x000001728fb12300]
Event: 81.753 Thread 0x00000172fefe0020 7673   !   4       com.sun.javafx.tk.quantum.QuantumToolkit::runWithoutRenderLock (49 bytes)
Event: 81.754 Thread 0x00000172fefe0020 nmethod 7673 0x000001728fb12b90 code [0x000001728fb12d20, 0x000001728fb12df8]
Event: 82.072 Thread 0x00000172fefe0020 7674       4       java.util.concurrent.ThreadPoolExecutor::beforeExecute (1 bytes)
Event: 82.072 Thread 0x00000172fefe0020 nmethod 7674 0x000001728fb12f10 code [0x000001728fb13080, 0x000001728fb130f8]
Event: 82.589 Thread 0x00000172fefe53f0 7676       3       java.lang.reflect.Modifier::isAbstract (14 bytes)
Event: 82.589 Thread 0x00000172fefe53f0 nmethod 7676 0x0000017288968590 code [0x0000017288968720, 0x0000017288968878]

GC Heap History (20 events):
Event: 68.561 GC heap before
{Heap before GC invocations=56 (full 0):
 garbage-first heap   total 286720K, used 211500K [0x0000000642400000, 0x0000000800000000)
  region size 4096K, 42 young (172032K), 2 survivors (8192K)
 Metaspace       used 23037K, committed 23296K, reserved 1114112K
  class space    used 2731K, committed 2880K, reserved 1048576K
}
Event: 68.562 GC heap after
{Heap after GC invocations=57 (full 0):
 garbage-first heap   total 286720K, used 52367K [0x0000000642400000, 0x0000000800000000)
  region size 4096K, 2 young (8192K), 2 survivors (8192K)
 Metaspace       used 23037K, committed 23296K, reserved 1114112K
  class space    used 2731K, committed 2880K, reserved 1048576K
}
Event: 70.012 GC heap before
{Heap before GC invocations=57 (full 0):
 garbage-first heap   total 286720K, used 212111K [0x0000000642400000, 0x0000000800000000)
  region size 4096K, 42 young (172032K), 2 survivors (8192K)
 Metaspace       used 23064K, committed 23360K, reserved 1114112K
  class space    used 2731K, committed 2880K, reserved 1048576K
}
Event: 70.013 GC heap after
{Heap after GC invocations=58 (full 0):
 garbage-first heap   total 286720K, used 52627K [0x0000000642400000, 0x0000000800000000)
  region size 4096K, 2 young (8192K), 2 survivors (8192K)
 Metaspace       used 23064K, committed 23360K, reserved 1114112K
  class space    used 2731K, committed 2880K, reserved 1048576K
}
Event: 71.464 GC heap before
{Heap before GC invocations=58 (full 0):
 garbage-first heap   total 286720K, used 212371K [0x0000000642400000, 0x0000000800000000)
  region size 4096K, 42 young (172032K), 2 survivors (8192K)
 Metaspace       used 23099K, committed 23424K, reserved 1114112K
  class space    used 2731K, committed 2880K, reserved 1048576K
}
Event: 71.465 GC heap after
{Heap after GC invocations=59 (full 0):
 garbage-first heap   total 286720K, used 56623K [0x0000000642400000, 0x0000000800000000)
  region size 4096K, 3 young (12288K), 3 survivors (12288K)
 Metaspace       used 23099K, committed 23424K, reserved 1114112K
  class space    used 2731K, committed 2880K, reserved 1048576K
}
Event: 72.912 GC heap before
{Heap before GC invocations=59 (full 0):
 garbage-first heap   total 286720K, used 212271K [0x0000000642400000, 0x0000000800000000)
  region size 4096K, 42 young (172032K), 3 survivors (12288K)
 Metaspace       used 23120K, committed 23424K, reserved 1114112K
  class space    used 2731K, committed 2880K, reserved 1048576K
}
Event: 72.913 GC heap after
{Heap after GC invocations=60 (full 0):
 garbage-first heap   total 286720K, used 51653K [0x0000000642400000, 0x0000000800000000)
  region size 4096K, 2 young (8192K), 2 survivors (8192K)
 Metaspace       used 23120K, committed 23424K, reserved 1114112K
  class space    used 2731K, committed 2880K, reserved 1048576K
}
Event: 74.366 GC heap before
{Heap before GC invocations=60 (full 0):
 garbage-first heap   total 286720K, used 211397K [0x0000000642400000, 0x0000000800000000)
  region size 4096K, 42 young (172032K), 2 survivors (8192K)
 Metaspace       used 23155K, committed 23488K, reserved 1114112K
  class space    used 2731K, committed 2880K, reserved 1048576K
}
Event: 74.368 GC heap after
{Heap after GC invocations=61 (full 0):
 garbage-first heap   total 286720K, used 52531K [0x0000000642400000, 0x0000000800000000)
  region size 4096K, 2 young (8192K), 2 survivors (8192K)
 Metaspace       used 23155K, committed 23488K, reserved 1114112K
  class space    used 2731K, committed 2880K, reserved 1048576K
}
Event: 75.770 GC heap before
{Heap before GC invocations=61 (full 0):
 garbage-first heap   total 286720K, used 212275K [0x0000000642400000, 0x0000000800000000)
  region size 4096K, 42 young (172032K), 2 survivors (8192K)
 Metaspace       used 23235K, committed 23552K, reserved 1114112K
  class space    used 2731K, committed 2880K, reserved 1048576K
}
Event: 75.771 GC heap after
{Heap after GC invocations=62 (full 0):
 garbage-first heap   total 286720K, used 52366K [0x0000000642400000, 0x0000000800000000)
  region size 4096K, 2 young (8192K), 2 survivors (8192K)
 Metaspace       used 23235K, committed 23552K, reserved 1114112K
  class space    used 2731K, committed 2880K, reserved 1048576K
}
Event: 77.266 GC heap before
{Heap before GC invocations=62 (full 0):
 garbage-first heap   total 286720K, used 212110K [0x0000000642400000, 0x0000000800000000)
  region size 4096K, 42 young (172032K), 2 survivors (8192K)
 Metaspace       used 23273K, committed 23616K, reserved 1114112K
  class space    used 2731K, committed 2880K, reserved 1048576K
}
Event: 77.268 GC heap after
{Heap after GC invocations=63 (full 0):
 garbage-first heap   total 286720K, used 51477K [0x0000000642400000, 0x0000000800000000)
  region size 4096K, 2 young (8192K), 2 survivors (8192K)
 Metaspace       used 23273K, committed 23616K, reserved 1114112K
  class space    used 2731K, committed 2880K, reserved 1048576K
}
Event: 78.764 GC heap before
{Heap before GC invocations=63 (full 0):
 garbage-first heap   total 286720K, used 211221K [0x0000000642400000, 0x0000000800000000)
  region size 4096K, 42 young (172032K), 2 survivors (8192K)
 Metaspace       used 23313K, committed 23616K, reserved 1114112K
  class space    used 2731K, committed 2880K, reserved 1048576K
}
Event: 78.765 GC heap after
{Heap after GC invocations=64 (full 0):
 garbage-first heap   total 286720K, used 50296K [0x0000000642400000, 0x0000000800000000)
  region size 4096K, 2 young (8192K), 2 survivors (8192K)
 Metaspace       used 23313K, committed 23616K, reserved 1114112K
  class space    used 2731K, committed 2880K, reserved 1048576K
}
Event: 80.212 GC heap before
{Heap before GC invocations=64 (full 0):
 garbage-first heap   total 286720K, used 210040K [0x0000000642400000, 0x0000000800000000)
  region size 4096K, 42 young (172032K), 2 survivors (8192K)
 Metaspace       used 23321K, committed 23616K, reserved 1114112K
  class space    used 2731K, committed 2880K, reserved 1048576K
}
Event: 80.213 GC heap after
{Heap after GC invocations=65 (full 0):
 garbage-first heap   total 286720K, used 52606K [0x0000000642400000, 0x0000000800000000)
  region size 4096K, 2 young (8192K), 2 survivors (8192K)
 Metaspace       used 23321K, committed 23616K, reserved 1114112K
  class space    used 2731K, committed 2880K, reserved 1048576K
}
Event: 81.761 GC heap before
{Heap before GC invocations=65 (full 0):
 garbage-first heap   total 286720K, used 212350K [0x0000000642400000, 0x0000000800000000)
  region size 4096K, 42 young (172032K), 2 survivors (8192K)
 Metaspace       used 23327K, committed 23616K, reserved 1114112K
  class space    used 2731K, committed 2880K, reserved 1048576K
}
Event: 81.762 GC heap after
{Heap after GC invocations=66 (full 0):
 garbage-first heap   total 286720K, used 54314K [0x0000000642400000, 0x0000000800000000)
  region size 4096K, 3 young (12288K), 3 survivors (12288K)
 Metaspace       used 23327K, committed 23616K, reserved 1114112K
  class space    used 2731K, committed 2880K, reserved 1048576K
}

Dll operation events (20 events):
Event: 0.244 Loaded shared library C:\Users\zeren\.openjfx\cache\21.0.2+5\amd64\api-ms-win-crt-utility-l1-1-0.dll
Event: 0.253 Loaded shared library C:\Users\zeren\.openjfx\cache\21.0.2+5\amd64\ucrtbase.dll
Event: 0.256 Loaded shared library C:\Users\zeren\.openjfx\cache\21.0.2+5\amd64\vcruntime140.dll
Event: 0.258 Loaded shared library C:\Users\zeren\.openjfx\cache\21.0.2+5\amd64\vcruntime140_1.dll
Event: 0.263 Loaded shared library C:\Users\zeren\.openjfx\cache\21.0.2+5\amd64\msvcp140.dll
Event: 0.266 Loaded shared library C:\Users\zeren\.openjfx\cache\21.0.2+5\amd64\msvcp140_1.dll
Event: 0.269 Loaded shared library C:\Users\zeren\.openjfx\cache\21.0.2+5\amd64\msvcp140_2.dll
Event: 0.292 Loaded shared library C:\Users\zeren\.openjfx\cache\21.0.2+5\amd64\prism_d3d.dll
Event: 0.332 Loaded shared library C:\Users\zeren\.openjfx\cache\21.0.2+5\amd64\glass.dll
Event: 0.396 Loaded shared library C:\Program Files\Eclipse Adoptium\jdk-17.0.18.8-hotspot\bin\jimage.dll
Event: 0.411 Loaded shared library C:\Program Files\Eclipse Adoptium\jdk-17.0.18.8-hotspot\bin\verify.dll
Event: 0.525 Loaded shared library C:\Users\zeren\AppData\Local\Temp\sqlite-3.46.1.0-1b1370ac-70d2-4500-92df-a42855433889-sqlitejdbc.dll
Event: 0.568 Loaded shared library C:\Users\zeren\AppData\Local\Temp\BridJExtractedLibraries11268747315191698788\bridj.dll
Event: 0.672 Loaded shared library C:\Program Files\Eclipse Adoptium\jdk-17.0.18.8-hotspot\bin\awt.dll
Event: 0.730 Loaded shared library C:\Users\zeren\.openjfx\cache\21.0.2+5\amd64\javafx_font.dll
Event: 1.356 Loaded shared library C:\Users\zeren\AppData\Local\Temp\onnxruntime-java16448656927499629969\onnxruntime.dll
Event: 1.360 Loaded shared library C:\Users\zeren\AppData\Local\Temp\onnxruntime-java16448656927499629969\onnxruntime4j_jni.dll
Event: 34.249 Loaded shared library C:\Program Files\Eclipse Adoptium\jdk-17.0.18.8-hotspot\bin\freetype.dll
Event: 34.251 Loaded shared library C:\Program Files\Eclipse Adoptium\jdk-17.0.18.8-hotspot\bin\fontmanager.dll
Event: 34.352 Loaded shared library C:\Program Files\Eclipse Adoptium\jdk-17.0.18.8-hotspot\bin\jsound.dll

Deoptimization events (20 events):
Event: 82.570 Thread 0x00000172ec7448c0 Uncommon trap: trap_request=0xffffffc6 fr.pc=0x000001728fad9494 relative=0x00000000000006f4
Event: 82.570 Thread 0x00000172ec7448c0 Uncommon trap: reason=bimorphic_or_optimized_type_check action=maybe_recompile pc=0x000001728fad9494 method=com.sun.javafx.event.EventHandlerManager.dispatchCapturingEvent(Ljavafx/event/Event;)Ljavafx/event/Event; @ 1 c2
Event: 82.571 Thread 0x00000172ec7448c0 DEOPT PACKING pc=0x000001728fad9494 sp=0x0000000bcfbfcf60
Event: 82.571 Thread 0x00000172ec7448c0 DEOPT UNPACKING pc=0x000001728ef569a3 sp=0x0000000bcfbfcf18 mode 2
Event: 82.571 Thread 0x00000172ec7448c0 Uncommon trap: trap_request=0xffffffc6 fr.pc=0x000001728facb7ac relative=0x000000000000078c
Event: 82.571 Thread 0x00000172ec7448c0 Uncommon trap: reason=bimorphic_or_optimized_type_check action=maybe_recompile pc=0x000001728facb7ac method=com.sun.javafx.event.EventHandlerManager.dispatchBubblingEvent(Ljavafx/event/Event;)Ljavafx/event/Event; @ 1 c2
Event: 82.571 Thread 0x00000172ec7448c0 DEOPT PACKING pc=0x000001728facb7ac sp=0x0000000bcfbfcf80
Event: 82.571 Thread 0x00000172ec7448c0 DEOPT UNPACKING pc=0x000001728ef569a3 sp=0x0000000bcfbfcf28 mode 2
Event: 82.572 Thread 0x00000172ec7448c0 Uncommon trap: trap_request=0xffffff45 fr.pc=0x000001728faa4f88 relative=0x0000000000000268
Event: 82.572 Thread 0x00000172ec7448c0 Uncommon trap: reason=unstable_if action=reinterpret pc=0x000001728faa4f88 method=java.util.HashMap.clear()V @ 16 c2
Event: 82.572 Thread 0x00000172ec7448c0 DEOPT PACKING pc=0x000001728faa4f88 sp=0x0000000bcfbfd0c0
Event: 82.572 Thread 0x00000172ec7448c0 DEOPT UNPACKING pc=0x000001728ef569a3 sp=0x0000000bcfbfd068 mode 2
Event: 82.586 Thread 0x00000172f14ac0e0 Uncommon trap: trap_request=0xffffff5c fr.pc=0x000001728f784a10 relative=0x0000000000000e90
Event: 82.586 Thread 0x00000172f14ac0e0 Uncommon trap: reason=speculate_null_check action=make_not_entrant pc=0x000001728f784a10 method=java.util.concurrent.locks.AbstractQueuedSynchronizer.acquire(Ljava/util/concurrent/locks/AbstractQueuedSynchronizer$Node;IZZZJ)I @ 254 c2
Event: 82.586 Thread 0x00000172f14ac0e0 DEOPT PACKING pc=0x000001728f784a10 sp=0x0000000bcf4ff2c0
Event: 82.586 Thread 0x00000172f14ac0e0 DEOPT UNPACKING pc=0x000001728ef569a3 sp=0x0000000bcf4ff250 mode 2
Event: 82.590 Thread 0x00000172f1bd9850 Uncommon trap: trap_request=0xffffff45 fr.pc=0x000001728f8c9348 relative=0x0000000000000048
Event: 82.590 Thread 0x00000172f1bd9850 Uncommon trap: reason=unstable_if action=reinterpret pc=0x000001728f8c9348 method=java.lang.Thread.interrupted()Z @ 10 c2
Event: 82.590 Thread 0x00000172f1bd9850 DEOPT PACKING pc=0x000001728f8c9348 sp=0x0000000bd25ff230
Event: 82.590 Thread 0x00000172f1bd9850 DEOPT UNPACKING pc=0x000001728ef569a3 sp=0x0000000bd25ff1c0 mode 2

Classes loaded (20 events):
Event: 34.410 Loading class com/sun/media/sound/DirectAudioDevice$DirectDL$Balance
Event: 34.410 Loading class com/sun/media/sound/DirectAudioDevice$DirectDL$Balance done
Event: 34.410 Loading class com/sun/media/sound/DirectAudioDevice$DirectDL$Pan
Event: 34.410 Loading class com/sun/media/sound/DirectAudioDevice$DirectDL$Pan done
Event: 34.410 Loading class javax/sound/sampled/LineEvent
Event: 34.410 Loading class javax/sound/sampled/LineEvent done
Event: 34.410 Loading class javax/sound/sampled/LineEvent$Type
Event: 34.410 Loading class javax/sound/sampled/LineEvent$Type done
Event: 34.410 Loading class com/sun/media/sound/EventDispatcher
Event: 34.410 Loading class com/sun/media/sound/EventDispatcher done
Event: 35.312 Loading class sun/awt/AppContext
Event: 35.312 Loading class sun/awt/AppContext done
Event: 35.313 Loading class sun/awt/AppContext$GetAppContextLock
Event: 35.313 Loading class sun/awt/AppContext$GetAppContextLock done
Event: 35.313 Loading class sun/awt/AppContext$6
Event: 35.313 Loading class jdk/internal/access/JavaAWTAccess
Event: 35.313 Loading class jdk/internal/access/JavaAWTAccess done
Event: 35.313 Loading class sun/awt/AppContext$6 done
Event: 35.313 Loading class java/util/IdentityHashMap$ValueIterator
Event: 35.313 Loading class java/util/IdentityHashMap$ValueIterator done

Classes unloaded (0 events):
No events

Classes redefined (0 events):
No events

Internal exceptions (20 events):
Event: 34.352 Thread 0x00000172ec49e970 Implicit null exception at 0x000001728f8ea6e1 to 0x000001728f8ecf54
Event: 34.355 Thread 0x00000172ec49e970 Implicit null exception at 0x000001728f92c033 to 0x000001728f92ec3c
Event: 34.377 Thread 0x00000172ec7448c0 Implicit null exception at 0x000001728f83538b to 0x000001728f8356dc
Event: 45.040 Thread 0x00000172ec49e970 Implicit null exception at 0x000001728f8cc05d to 0x000001728f8ce4ac
Event: 45.044 Thread 0x00000172ec49e970 Implicit null exception at 0x000001728f85e8d0 to 0x000001728f85e934
Event: 50.213 Thread 0x00000172f1bde950 Exception <a 'java/lang/InterruptedException'{0x0000000657b34b20}: sleep interrupted> (0x0000000657b34b20) 
thrown [s\src\hotspot\share\prims\jvm.cpp, line 3064]
Event: 58.212 Thread 0x00000172ec7448c0 Exception <a 'java/io/FileNotFoundException'{0x000000064d7419a0}> (0x000000064d7419a0) 
thrown [s\src\hotspot\share\prims\jni.cpp, line 516]
Event: 58.212 Thread 0x00000172ec7448c0 Exception <a 'java/io/FileNotFoundException'{0x000000064d3ecbb8}> (0x000000064d3ecbb8) 
thrown [s\src\hotspot\share\prims\jni.cpp, line 516]
Event: 58.212 Thread 0x00000172ec7448c0 Exception <a 'java/io/FileNotFoundException'{0x000000064d3f0bf0}> (0x000000064d3f0bf0) 
thrown [s\src\hotspot\share\prims\jni.cpp, line 516]
Event: 58.212 Thread 0x00000172ec7448c0 Exception <a 'java/io/FileNotFoundException'{0x000000064d3f4c50}> (0x000000064d3f4c50) 
thrown [s\src\hotspot\share\prims\jni.cpp, line 516]
Event: 60.301 Thread 0x00000172f1bde950 Exception <a 'java/lang/InterruptedException'{0x000000065e190b90}: sleep interrupted> (0x000000065e190b90) 
thrown [s\src\hotspot\share\prims\jvm.cpp, line 3064]
Event: 64.800 Thread 0x00000172ec7448c0 Exception <a 'java/lang/NoSuchMethodError'{0x00000006516f7660}: 'java.lang.Object java.lang.invoke.DirectMethodHandle$Holder.newInvokeSpecial(java.lang.Object, java.lang.Object, int, int, int, int, int, java.lang.Object)'> (0x00000006516f7660) 
thrown [s\src\hotspot\share\interpreter\linkResolver.cpp, line 759]
Event: 64.801 Thread 0x00000172ec7448c0 Exception <a 'java/lang/NoSuchMethodError'{0x000000065170aad8}: 'java.lang.Object java.lang.invoke.DirectMethodHandle$Holder.newInvokeSpecial(java.lang.Object, java.lang.Object, java.lang.Object, int, int, int, int, int)'> (0x000000065170aad8) 
thrown [s\src\hotspot\share\interpreter\linkResolver.cpp, line 759]
Event: 64.802 Thread 0x00000172ec7448c0 Exception <a 'java/lang/NoSuchMethodError'{0x0000000651712590}: 'java.lang.Object java.lang.invoke.Invokers$Holder.linkToTargetMethod(java.lang.Object, java.lang.Object, int, int, int, int, int, java.lang.Object)'> (0x0000000651712590) 
thrown [s\src\hotspot\share\interpreter\linkResolver.cpp, line 759]
Event: 68.259 Thread 0x00000172ec7448c0 Implicit null exception at 0x000001728fa3909d to 0x000001728fa3a794
Event: 70.382 Thread 0x00000172f1bde950 Exception <a 'java/lang/InterruptedException'{0x0000000657b30790}: sleep interrupted> (0x0000000657b30790) 
thrown [s\src\hotspot\share\prims\jvm.cpp, line 3064]
Event: 72.925 Thread 0x00000172ec7448c0 Implicit null exception at 0x000001728f7c1d8b to 0x000001728f7c2188
Event: 81.108 Thread 0x00000172f1bde950 Exception <a 'java/lang/InterruptedException'{0x00000006513a9a40}> (0x00000006513a9a40) 
thrown [s\src\hotspot\share\runtime\objectMonitor.cpp, line 1658]
Event: 82.572 Thread 0x00000172ec7448c0 Implicit null exception at 0x000001728faa4d55 to 0x000001728faa4f76
Event: 82.588 Thread 0x00000172ec7448c0 Exception <a 'java/lang/NoSuchMethodError'{0x000000064f2f8648}: 'void java.lang.invoke.DirectMethodHandle$Holder.invokeVirtual(java.lang.Object, java.lang.Object)'> (0x000000064f2f8648) 
thrown [s\src\hotspot\share\interpreter\linkResolver.cpp, line 759]

VM Operations (20 events):
Event: 72.912 Executing VM operation: G1CollectForAllocation
Event: 72.913 Executing VM operation: G1CollectForAllocation done
Event: 74.366 Executing VM operation: G1CollectForAllocation
Event: 74.368 Executing VM operation: G1CollectForAllocation done
Event: 75.368 Executing VM operation: Cleanup
Event: 75.368 Executing VM operation: Cleanup done
Event: 75.770 Executing VM operation: G1CollectForAllocation
Event: 75.771 Executing VM operation: G1CollectForAllocation done
Event: 77.266 Executing VM operation: G1CollectForAllocation
Event: 77.268 Executing VM operation: G1CollectForAllocation done
Event: 78.268 Executing VM operation: Cleanup
Event: 78.269 Executing VM operation: Cleanup done
Event: 78.764 Executing VM operation: G1CollectForAllocation
Event: 78.765 Executing VM operation: G1CollectForAllocation done
Event: 80.212 Executing VM operation: G1CollectForAllocation
Event: 80.213 Executing VM operation: G1CollectForAllocation done
Event: 81.214 Executing VM operation: Cleanup
Event: 81.214 Executing VM operation: Cleanup done
Event: 81.761 Executing VM operation: G1CollectForAllocation
Event: 81.762 Executing VM operation: G1CollectForAllocation done

Memory protections (0 events):
No events

Nmethod flushes (20 events):
Event: 34.680 Thread 0x00000172feff6a60 flushing  nmethod 0x000001728827c090
Event: 34.680 Thread 0x00000172feff6a60 flushing  nmethod 0x000001728827e110
Event: 34.680 Thread 0x00000172feff6a60 flushing  nmethod 0x0000017288281f90
Event: 34.680 Thread 0x00000172feff6a60 flushing  nmethod 0x0000017288289b10
Event: 34.680 Thread 0x00000172feff6a60 flushing  nmethod 0x000001728829c610
Event: 34.681 Thread 0x00000172feff6a60 flushing  nmethod 0x000001728829f910
Event: 34.681 Thread 0x00000172feff6a60 flushing  nmethod 0x00000172882a1c10
Event: 34.681 Thread 0x00000172feff6a60 flushing  nmethod 0x00000172882a7910
Event: 34.681 Thread 0x00000172feff6a60 flushing  nmethod 0x00000172882aee10
Event: 34.681 Thread 0x00000172feff6a60 flushing  nmethod 0x00000172882f1c10
Event: 34.681 Thread 0x00000172feff6a60 flushing  nmethod 0x0000017288303f90
Event: 34.681 Thread 0x00000172feff6a60 flushing  nmethod 0x000001728831dc90
Event: 34.681 Thread 0x00000172feff6a60 flushing  nmethod 0x0000017288357790
Event: 34.681 Thread 0x00000172feff6a60 flushing  nmethod 0x000001728838d190
Event: 34.681 Thread 0x00000172feff6a60 flushing  nmethod 0x000001728839a890
Event: 34.681 Thread 0x00000172feff6a60 flushing  nmethod 0x000001728839cb10
Event: 34.681 Thread 0x00000172feff6a60 flushing  nmethod 0x00000172883b4e10
Event: 34.681 Thread 0x00000172feff6a60 flushing  nmethod 0x000001728845e410
Event: 34.682 Thread 0x00000172feff6a60 flushing  nmethod 0x00000172886b4e10
Event: 66.439 Thread 0x00000172feff6a60 flushing  nmethod 0x0000017287db4610

Events (20 events):
Event: 42.648 Thread 0x00000172f2decc70 Thread exited: 0x00000172f2decc70
Event: 45.032 Thread 0x00000172a6c973e0 Thread exited: 0x00000172a6c973e0
Event: 45.042 Thread 0x00000172fefe53f0 Thread added: 0x00000172a6c993c0
Event: 45.538 Thread 0x00000172a6c993c0 Thread exited: 0x00000172a6c993c0
Event: 46.069 Thread 0x00000172a6c96e90 Thread exited: 0x00000172a6c96e90
Event: 55.608 Thread 0x00000172fefe53f0 Thread added: 0x00000172a6c96e90
Event: 55.608 Thread 0x00000172fefe53f0 Thread added: 0x00000172a6c973e0
Event: 55.608 Thread 0x00000172fefe53f0 Thread added: 0x00000172f34dd2c0
Event: 57.688 Thread 0x00000172f34dd2c0 Thread exited: 0x00000172f34dd2c0
Event: 57.921 Thread 0x00000172a6c973e0 Thread exited: 0x00000172a6c973e0
Event: 60.985 Thread 0x00000172a6c96e90 Thread exited: 0x00000172a6c96e90
Event: 61.033 Thread 0x00000172fefe53f0 Thread added: 0x00000172a6c96e90
Event: 66.184 Thread 0x00000172a6c96e90 Thread exited: 0x00000172a6c96e90
Event: 69.039 Thread 0x00000172fefe0020 Thread added: 0x00000172a6c973e0
Event: 69.174 Thread 0x00000172a6c973e0 Thread exited: 0x00000172a6c973e0
Event: 75.369 Thread 0x00000172fefe53f0 Thread added: 0x00000172a6c96e90
Event: 78.486 Thread 0x00000172a6c96e90 Thread exited: 0x00000172a6c96e90
Event: 80.427 Thread 0x00000172fefe0020 Thread added: 0x00000172a6c96e90
Event: 80.712 Thread 0x00000172a6c96e90 Thread exited: 0x00000172a6c96e90
Event: 82.590 Thread 0x00000172f1bd9850 Thread exited: 0x00000172f1bd9850


Dynamic libraries:
0x00007ff72af50000 - 0x00007ff72af5e000 	C:\Program Files\Eclipse Adoptium\jdk-17.0.18.8-hotspot\bin\java.exe
0x00007ffa64a20000 - 0x00007ffa64c87000 	C:\WINDOWS\SYSTEM32\ntdll.dll
0x00007ffa63c40000 - 0x00007ffa63d09000 	C:\WINDOWS\System32\KERNEL32.DLL
0x00007ffa617a0000 - 0x00007ffa61b94000 	C:\WINDOWS\System32\KERNELBASE.dll
0x00007ffa612f0000 - 0x00007ffa6143b000 	C:\WINDOWS\System32\ucrtbase.dll
0x00007ffa43b40000 - 0x00007ffa43b58000 	C:\Program Files\Eclipse Adoptium\jdk-17.0.18.8-hotspot\bin\jli.dll
0x00007ffa27c60000 - 0x00007ffa27c7e000 	C:\Program Files\Eclipse Adoptium\jdk-17.0.18.8-hotspot\bin\VCRUNTIME140.dll
0x00007ffa62d60000 - 0x00007ffa62f25000 	C:\WINDOWS\System32\USER32.dll
0x00007ffa624a0000 - 0x00007ffa624c7000 	C:\WINDOWS\System32\win32u.dll
0x00007ffa50250000 - 0x00007ffa504e3000 	C:\WINDOWS\WinSxS\amd64_microsoft.windows.common-controls_6595b64144ccf1df_6.0.26100.8115_none_3e075c82e3354f9c\COMCTL32.dll
0x00007ffa62f40000 - 0x00007ffa62f6b000 	C:\WINDOWS\System32\GDI32.dll
0x00007ffa62840000 - 0x00007ffa628e9000 	C:\WINDOWS\System32\msvcrt.dll
0x00007ffa614f0000 - 0x00007ffa6161b000 	C:\WINDOWS\System32\gdi32full.dll
0x00007ffa62590000 - 0x00007ffa62633000 	C:\WINDOWS\System32\msvcp_win.dll
0x00007ffa62fd0000 - 0x00007ffa63002000 	C:\WINDOWS\System32\IMM32.DLL
0x00007ffa5e720000 - 0x00007ffa5e72c000 	C:\Program Files\Eclipse Adoptium\jdk-17.0.18.8-hotspot\bin\vcruntime140_1.dll
0x00007ff9d7f00000 - 0x00007ff9d7f8d000 	C:\Program Files\Eclipse Adoptium\jdk-17.0.18.8-hotspot\bin\msvcp140.dll
0x00007ff97b770000 - 0x00007ff97c3db000 	C:\Program Files\Eclipse Adoptium\jdk-17.0.18.8-hotspot\bin\server\jvm.dll
0x00007ffa628f0000 - 0x00007ffa629a6000 	C:\WINDOWS\System32\ADVAPI32.dll
0x00007ffa64340000 - 0x00007ffa643e7000 	C:\WINDOWS\System32\sechost.dll
0x00007ffa64890000 - 0x00007ffa649a8000 	C:\WINDOWS\System32\RPCRT4.dll
0x00007ffa627b0000 - 0x00007ffa62830000 	C:\WINDOWS\System32\WS2_32.dll
0x00007ffa61150000 - 0x00007ffa611ae000 	C:\WINDOWS\SYSTEM32\POWRPROF.dll
0x00007ffa583b0000 - 0x00007ffa583bb000 	C:\WINDOWS\SYSTEM32\VERSION.dll
0x00007ffa56400000 - 0x00007ffa56436000 	C:\WINDOWS\SYSTEM32\WINMM.dll
0x00007ffa61130000 - 0x00007ffa61144000 	C:\WINDOWS\SYSTEM32\UMPDC.dll
0x00007ffa60080000 - 0x00007ffa6009b000 	C:\WINDOWS\SYSTEM32\kernel.appcore.dll
0x00007ffa5e670000 - 0x00007ffa5e67a000 	C:\Program Files\Eclipse Adoptium\jdk-17.0.18.8-hotspot\bin\jimage.dll
0x00007ffa5e3f0000 - 0x00007ffa5e632000 	C:\WINDOWS\SYSTEM32\DBGHELP.DLL
0x00007ffa64400000 - 0x00007ffa64782000 	C:\WINDOWS\System32\combase.dll
0x00007ffa63010000 - 0x00007ffa630e8000 	C:\WINDOWS\System32\OLEAUT32.dll
0x00007ffa3f730000 - 0x00007ffa3f76b000 	C:\WINDOWS\SYSTEM32\dbgcore.DLL
0x00007ffa61440000 - 0x00007ffa614e5000 	C:\WINDOWS\System32\bcryptPrimitives.dll
0x00007ff9d8830000 - 0x00007ff9d8855000 	C:\Program Files\Eclipse Adoptium\jdk-17.0.18.8-hotspot\bin\java.dll
0x00007ff9d7970000 - 0x00007ff9d7a47000 	C:\Program Files\Eclipse Adoptium\jdk-17.0.18.8-hotspot\bin\jsvml.dll
0x00007ffa63100000 - 0x00007ffa63867000 	C:\WINDOWS\System32\SHELL32.dll
0x00007ffa62640000 - 0x00007ffa627aa000 	C:\WINDOWS\System32\wintypes.dll
0x00007ffa61c30000 - 0x00007ffa62498000 	C:\WINDOWS\System32\windows.storage.dll
0x00007ffa63870000 - 0x00007ffa63968000 	C:\WINDOWS\System32\SHCORE.dll
0x00007ffa62bf0000 - 0x00007ffa62c56000 	C:\WINDOWS\System32\shlwapi.dll
0x00007ffa61210000 - 0x00007ffa61239000 	C:\WINDOWS\SYSTEM32\profapi.dll
0x00007ff9d86f0000 - 0x00007ff9d870a000 	C:\Program Files\Eclipse Adoptium\jdk-17.0.18.8-hotspot\bin\net.dll
0x00007ffa5c2d0000 - 0x00007ffa5c3fd000 	C:\WINDOWS\SYSTEM32\WINHTTP.dll
0x00007ffa605f0000 - 0x00007ffa6065c000 	C:\WINDOWS\system32\mswsock.dll
0x00007ff9d86d0000 - 0x00007ff9d86e6000 	C:\Program Files\Eclipse Adoptium\jdk-17.0.18.8-hotspot\bin\nio.dll
0x00007ff9d86b0000 - 0x00007ff9d86c8000 	C:\Program Files\Eclipse Adoptium\jdk-17.0.18.8-hotspot\bin\zip.dll
0x00000172a6ea0000 - 0x00000172a6ea3000 	C:\Users\zeren\.openjfx\cache\21.0.2+5\amd64\api-ms-win-core-console-l1-1-0.dll
0x00000172a6eb0000 - 0x00000172a6eb3000 	C:\Users\zeren\.openjfx\cache\21.0.2+5\amd64\api-ms-win-core-console-l1-2-0.dll
0x00000172a6ec0000 - 0x00000172a6ec3000 	C:\Users\zeren\.openjfx\cache\21.0.2+5\amd64\api-ms-win-core-datetime-l1-1-0.dll
0x00000172a6ed0000 - 0x00000172a6ed3000 	C:\Users\zeren\.openjfx\cache\21.0.2+5\amd64\api-ms-win-core-debug-l1-1-0.dll
0x00000172a6ee0000 - 0x00000172a6ee3000 	C:\Users\zeren\.openjfx\cache\21.0.2+5\amd64\api-ms-win-core-errorhandling-l1-1-0.dll
0x00000172a6ef0000 - 0x00000172a6ef4000 	C:\Users\zeren\.openjfx\cache\21.0.2+5\amd64\api-ms-win-core-file-l1-1-0.dll
0x00000172a6f00000 - 0x00000172a6f03000 	C:\Users\zeren\.openjfx\cache\21.0.2+5\amd64\api-ms-win-core-file-l1-2-0.dll
0x00000172a6f10000 - 0x00000172a6f13000 	C:\Users\zeren\.openjfx\cache\21.0.2+5\amd64\api-ms-win-core-file-l2-1-0.dll
0x00000172a6f20000 - 0x00000172a6f23000 	C:\Users\zeren\.openjfx\cache\21.0.2+5\amd64\api-ms-win-core-handle-l1-1-0.dll
0x00000172a6f30000 - 0x00000172a6f33000 	C:\Users\zeren\.openjfx\cache\21.0.2+5\amd64\api-ms-win-core-heap-l1-1-0.dll
0x00000172a6f40000 - 0x00000172a6f43000 	C:\Users\zeren\.openjfx\cache\21.0.2+5\amd64\api-ms-win-core-interlocked-l1-1-0.dll
0x00000172a6f50000 - 0x00000172a6f53000 	C:\Users\zeren\.openjfx\cache\21.0.2+5\amd64\api-ms-win-core-libraryloader-l1-1-0.dll
0x00000172a6f60000 - 0x00000172a6f63000 	C:\Users\zeren\.openjfx\cache\21.0.2+5\amd64\api-ms-win-core-localization-l1-2-0.dll
0x00000172a6f70000 - 0x00000172a6f73000 	C:\Users\zeren\.openjfx\cache\21.0.2+5\amd64\api-ms-win-core-memory-l1-1-0.dll
0x00000172a6f80000 - 0x00000172a6f83000 	C:\Users\zeren\.openjfx\cache\21.0.2+5\amd64\api-ms-win-core-namedpipe-l1-1-0.dll
0x00000172a6f90000 - 0x00000172a6f93000 	C:\Users\zeren\.openjfx\cache\21.0.2+5\amd64\api-ms-win-core-processenvironment-l1-1-0.dll
0x00000172a6fa0000 - 0x00000172a6fa3000 	C:\Users\zeren\.openjfx\cache\21.0.2+5\amd64\api-ms-win-core-processthreads-l1-1-0.dll
0x00000172a6fb0000 - 0x00000172a6fb3000 	C:\Users\zeren\.openjfx\cache\21.0.2+5\amd64\api-ms-win-core-processthreads-l1-1-1.dll
0x00000172a6fc0000 - 0x00000172a6fc3000 	C:\Users\zeren\.openjfx\cache\21.0.2+5\amd64\api-ms-win-core-profile-l1-1-0.dll
0x00000172a6fd0000 - 0x00000172a6fd3000 	C:\Users\zeren\.openjfx\cache\21.0.2+5\amd64\api-ms-win-core-rtlsupport-l1-1-0.dll
0x00000172a6fe0000 - 0x00000172a6fe3000 	C:\Users\zeren\.openjfx\cache\21.0.2+5\amd64\api-ms-win-core-string-l1-1-0.dll
0x00000172a6ff0000 - 0x00000172a6ff3000 	C:\Users\zeren\.openjfx\cache\21.0.2+5\amd64\api-ms-win-core-synch-l1-1-0.dll
0x00000172ec800000 - 0x00000172ec803000 	C:\Users\zeren\.openjfx\cache\21.0.2+5\amd64\api-ms-win-core-synch-l1-2-0.dll
0x00000172ec810000 - 0x00000172ec813000 	C:\Users\zeren\.openjfx\cache\21.0.2+5\amd64\api-ms-win-core-sysinfo-l1-1-0.dll
0x00000172ec820000 - 0x00000172ec823000 	C:\Users\zeren\.openjfx\cache\21.0.2+5\amd64\api-ms-win-core-timezone-l1-1-0.dll
0x00000172ec830000 - 0x00000172ec833000 	C:\Users\zeren\.openjfx\cache\21.0.2+5\amd64\api-ms-win-core-util-l1-1-0.dll
0x00000172ec840000 - 0x00000172ec843000 	C:\Users\zeren\.openjfx\cache\21.0.2+5\amd64\api-ms-win-crt-conio-l1-1-0.dll
0x00000172ec850000 - 0x00000172ec854000 	C:\Users\zeren\.openjfx\cache\21.0.2+5\amd64\api-ms-win-crt-convert-l1-1-0.dll
0x00000172ec860000 - 0x00000172ec863000 	C:\Users\zeren\.openjfx\cache\21.0.2+5\amd64\api-ms-win-crt-environment-l1-1-0.dll
0x00000172ec870000 - 0x00000172ec873000 	C:\Users\zeren\.openjfx\cache\21.0.2+5\amd64\api-ms-win-crt-filesystem-l1-1-0.dll
0x00000172ec880000 - 0x00000172ec883000 	C:\Users\zeren\.openjfx\cache\21.0.2+5\amd64\api-ms-win-crt-heap-l1-1-0.dll
0x00000172ec890000 - 0x00000172ec893000 	C:\Users\zeren\.openjfx\cache\21.0.2+5\amd64\api-ms-win-crt-locale-l1-1-0.dll
0x00000172ec8a0000 - 0x00000172ec8a5000 	C:\Users\zeren\.openjfx\cache\21.0.2+5\amd64\api-ms-win-crt-math-l1-1-0.dll
0x00000172ec8b0000 - 0x00000172ec8b5000 	C:\Users\zeren\.openjfx\cache\21.0.2+5\amd64\api-ms-win-crt-multibyte-l1-1-0.dll
0x00000172ec8c0000 - 0x00000172ec8d0000 	C:\Users\zeren\.openjfx\cache\21.0.2+5\amd64\api-ms-win-crt-private-l1-1-0.dll
0x00000172ec8d0000 - 0x00000172ec8d3000 	C:\Users\zeren\.openjfx\cache\21.0.2+5\amd64\api-ms-win-crt-process-l1-1-0.dll
0x00000172ec8e0000 - 0x00000172ec8e4000 	C:\Users\zeren\.openjfx\cache\21.0.2+5\amd64\api-ms-win-crt-runtime-l1-1-0.dll
0x00000172ec8f0000 - 0x00000172ec8f4000 	C:\Users\zeren\.openjfx\cache\21.0.2+5\amd64\api-ms-win-crt-stdio-l1-1-0.dll
0x00000172ec900000 - 0x00000172ec904000 	C:\Users\zeren\.openjfx\cache\21.0.2+5\amd64\api-ms-win-crt-string-l1-1-0.dll
0x00000172ec910000 - 0x00000172ec913000 	C:\Users\zeren\.openjfx\cache\21.0.2+5\amd64\api-ms-win-crt-time-l1-1-0.dll
0x00000172ec920000 - 0x00000172ec923000 	C:\Users\zeren\.openjfx\cache\21.0.2+5\amd64\api-ms-win-crt-utility-l1-1-0.dll
0x00007ff9d1ff0000 - 0x00007ff9d20ec000 	C:\Users\zeren\.openjfx\cache\21.0.2+5\amd64\ucrtbase.dll
0x00007ff9d8020000 - 0x00007ff9d803b000 	C:\Users\zeren\.openjfx\cache\21.0.2+5\amd64\vcruntime140.dll
0x00007ffa592c0000 - 0x00007ffa592cc000 	C:\Users\zeren\.openjfx\cache\21.0.2+5\amd64\vcruntime140_1.dll
0x00007ff9d1f60000 - 0x00007ff9d1fee000 	C:\Users\zeren\.openjfx\cache\21.0.2+5\amd64\msvcp140.dll
0x00007ffa58a80000 - 0x00007ffa58a89000 	C:\Users\zeren\.openjfx\cache\21.0.2+5\amd64\msvcp140_1.dll
0x00007ff9ca030000 - 0x00007ff9ca071000 	C:\Users\zeren\.openjfx\cache\21.0.2+5\amd64\msvcp140_2.dll
0x00007ff9d7940000 - 0x00007ff9d7970000 	C:\Users\zeren\.openjfx\cache\21.0.2+5\amd64\prism_d3d.dll
0x00007ffa4d840000 - 0x00007ffa4d9f2000 	C:\WINDOWS\system32\d3d9.dll
0x00007ffa5f020000 - 0x00007ffa5f04f000 	C:\WINDOWS\SYSTEM32\dwmapi.dll
0x00007ffa5ee40000 - 0x00007ffa5ee83000 	C:\WINDOWS\SYSTEM32\dxcore.dll
0x00007ffa5ed30000 - 0x00007ffa5edd9000 	C:\WINDOWS\system32\uxtheme.dll
0x00007ffa641a0000 - 0x00007ffa64337000 	C:\WINDOWS\System32\ole32.dll
0x00007ffa63d10000 - 0x00007ffa64197000 	C:\WINDOWS\System32\SETUPAPI.dll
0x00007ffa5a490000 - 0x00007ffa5a4f1000 	C:\WINDOWS\SYSTEM32\directxdatabasehelper.dll
0x00007ffa60ed0000 - 0x00007ffa60f21000 	C:\WINDOWS\SYSTEM32\cfgmgr32.dll
0x00007ff9c7740000 - 0x00007ff9c7782000 	C:\Users\zeren\.openjfx\cache\21.0.2+5\amd64\glass.dll
0x00007ffa62c60000 - 0x00007ffa62d4f000 	C:\WINDOWS\System32\COMDLG32.dll
0x00007ffa629b0000 - 0x00007ffa62b0c000 	C:\WINDOWS\System32\MSCTF.dll
0x00007ffa595e0000 - 0x00007ffa595f0000 	C:\Program Files\Eclipse Adoptium\jdk-17.0.18.8-hotspot\bin\verify.dll
0x00007ffa608e0000 - 0x00007ffa608fb000 	C:\WINDOWS\SYSTEM32\CRYPTSP.dll
0x00007ffa5ffc0000 - 0x00007ffa5fff9000 	C:\WINDOWS\system32\rsaenh.dll
0x00007ffa606a0000 - 0x00007ffa606d3000 	C:\WINDOWS\SYSTEM32\USERENV.dll
0x00007ffa611e0000 - 0x00007ffa6120a000 	C:\WINDOWS\SYSTEM32\bcrypt.dll
0x00007ffa608d0000 - 0x00007ffa608dc000 	C:\WINDOWS\SYSTEM32\CRYPTBASE.dll
0x00007ffa5fa80000 - 0x00007ffa5fab2000 	C:\WINDOWS\SYSTEM32\IPHLPAPI.DLL
0x00007ffa630f0000 - 0x00007ffa630fa000 	C:\WINDOWS\System32\NSI.dll
0x00007ffa5c460000 - 0x00007ffa5c47d000 	C:\WINDOWS\SYSTEM32\dhcpcsvc6.DLL
0x00007ffa5c430000 - 0x00007ffa5c455000 	C:\WINDOWS\SYSTEM32\dhcpcsvc.DLL
0x00007ffa5fb20000 - 0x00007ffa5fc52000 	C:\WINDOWS\SYSTEM32\DNSAPI.dll
0x00007ff982ec0000 - 0x00007ff982fb6000 	C:\Users\zeren\AppData\Local\Temp\sqlite-3.46.1.0-1b1370ac-70d2-4500-92df-a42855433889-sqlitejdbc.dll
0x00007ff9d22b0000 - 0x00007ff9d22d9000 	C:\Users\zeren\AppData\Local\Temp\BridJExtractedLibraries11268747315191698788\bridj.dll
0x00007ff9bd800000 - 0x00007ff9bd836000 	C:\Users\zeren\AppData\Local\Temp\BridJExtractedLibraries11268747315191698788\OpenIMAJGrabber.dll
0x00007ffa62b30000 - 0x00007ffa62bde000 	C:\WINDOWS\System32\clbcatq.dll
0x00007ff9e8410000 - 0x00007ff9e8431000 	C:\Windows\System32\devenum.dll
0x00007ffa601a0000 - 0x00007ffa601d6000 	C:\WINDOWS\SYSTEM32\ntmarta.dll
0x00007ffa60ea0000 - 0x00007ffa60ecd000 	C:\WINDOWS\SYSTEM32\DEVOBJ.dll
0x00007ffa61ba0000 - 0x00007ffa61c22000 	C:\WINDOWS\System32\WINTRUST.dll
0x00007ffa61620000 - 0x00007ffa61797000 	C:\WINDOWS\System32\CRYPT32.dll
0x00007ffa60a00000 - 0x00007ffa60a13000 	C:\WINDOWS\SYSTEM32\MSASN1.dll
0x00007ffa581c0000 - 0x00007ffa581ce000 	C:\WINDOWS\SYSTEM32\msdmo.dll
0x00007ff980e80000 - 0x00007ff981011000 	C:\Program Files\Eclipse Adoptium\jdk-17.0.18.8-hotspot\bin\awt.dll

dbghelp: loaded successfully - version: 4.0.5 - missing functions: none
symbol engine: initialized successfully - sym options: 0x614 - pdb path: .;C:\Program Files\Eclipse Adoptium\jdk-17.0.18.8-hotspot\bin;C:\WINDOWS\SYSTEM32;C:\WINDOWS\WinSxS\amd64_microsoft.windows.common-controls_6595b64144ccf1df_6.0.26100.8115_none_3e075c82e3354f9c;C:\Program Files\Eclipse Adoptium\jdk-17.0.18.8-hotspot\bin\server;C:\Users\zeren\.openjfx\cache\21.0.2+5\amd64;C:\WINDOWS\System32\DriverStore\FileRepository\u0387352.inf_amd64_ce4ceb13d73334be\B385477;C:\Users\zeren\AppData\Local\Temp;C:\Users\zeren\AppData\Local\Temp\BridJExtractedLibraries11268747315191698788;C:\Program Files\Common Files\Microsoft Shared\Ink;C:\Users\zeren\AppData\Local\Temp\onnxruntime-java16448656927499629969;C:\WINDOWS\WinSxS\amd64_microsoft.windows.gdiplus_6595b64144ccf1df_1.1.26100.8246_none_6ef5395a3dc52f61;C:\Program Files\obs-studio\data\obs-plugins\win-dshow

VM Arguments:
jvm_args: --module-path=C:\Users\zeren\.m2\repository\org\openjfx\javafx-base\21.0.2\javafx-base-21.0.2-win.jar;C:\Users\zeren\.m2\repository\org\openjfx\javafx-base\21.0.2\javafx-base-21.0.2.jar;C:\Users\zeren\.m2\repository\org\openjfx\javafx-controls\21.0.2\javafx-controls-21.0.2-win.jar;C:\Users\zeren\.m2\repository\org\openjfx\javafx-controls\21.0.2\javafx-controls-21.0.2.jar;C:\Users\zeren\.m2\repository\org\openjfx\javafx-fxml\21.0.2\javafx-fxml-21.0.2-win.jar;C:\Users\zeren\.m2\repository\org\openjfx\javafx-fxml\21.0.2\javafx-fxml-21.0.2.jar;C:\Users\zeren\.m2\repository\org\openjfx\javafx-graphics\21.0.2\javafx-graphics-21.0.2-win.jar;C:\Users\zeren\.m2\repository\org\openjfx\javafx-graphics\21.0.2\javafx-graphics-21.0.2.jar;C:\Users\zeren\.m2\repository\org\openjfx\javafx-swing\21.0.2\javafx-swing-21.0.2-win.jar;C:\Users\zeren\.m2\repository\org\openjfx\javafx-swing\21.0.2\javafx-swing-21.0.2.jar --add-modules=javafx.base,javafx.controls,javafx.fxml,javafx.graphics,javafx.swing 
java_command: com.gozcu.MainApp
java_class_path (initial): C:\Gozcu-Desktop\target\classes;C:\Users\zeren\.m2\repository\com\fasterxml\jackson\core\jackson-annotations\2.17.2\jackson-annotations-2.17.2.jar;C:\Users\zeren\.m2\repository\com\fasterxml\jackson\core\jackson-core\2.17.2\jackson-core-2.17.2.jar;C:\Users\zeren\.m2\repository\com\fasterxml\jackson\core\jackson-databind\2.17.2\jackson-databind-2.17.2.jar;C:\Users\zeren\.m2\repository\com\github\sarxos\webcam-capture\0.3.12\webcam-capture-0.3.12.jar;C:\Users\zeren\.m2\repository\com\microsoft\onnxruntime\onnxruntime\1.20.0\onnxruntime-1.20.0.jar;C:\Users\zeren\.m2\repository\com\nativelibs4java\bridj\0.7.0\bridj-0.7.0.jar;C:\Users\zeren\.m2\repository\org\slf4j\slf4j-api\1.7.36\slf4j-api-1.7.36.jar;C:\Users\zeren\.m2\repository\org\xerial\sqlite-jdbc\3.46.1.0\sqlite-jdbc-3.46.1.0.jar
Launcher Type: SUN_STANDARD

[Global flags]
     intx CICompilerCount                          = 12                                        {product} {ergonomic}
     uint ConcGCThreads                            = 3                                         {product} {ergonomic}
     uint G1ConcRefinementThreads                  = 13                                        {product} {ergonomic}
   size_t G1HeapRegionSize                         = 4194304                                   {product} {ergonomic}
    uintx GCDrainStackTargetSize                   = 64                                        {product} {ergonomic}
   size_t InitialHeapSize                          = 469762048                                 {product} {ergonomic}
   size_t MarkStackSize                            = 4194304                                   {product} {ergonomic}
   size_t MaxHeapSize                              = 7478444032                                {product} {ergonomic}
   size_t MaxNewSize                               = 4483710976                                {product} {ergonomic}
   size_t MinHeapDeltaBytes                        = 4194304                                   {product} {ergonomic}
   size_t MinHeapSize                              = 8388608                                   {product} {ergonomic}
    uintx NonNMethodCodeHeapSize                   = 7602480                                {pd product} {ergonomic}
    uintx NonProfiledCodeHeapSize                  = 122027880                              {pd product} {ergonomic}
    uintx ProfiledCodeHeapSize                     = 122027880                              {pd product} {ergonomic}
    uintx ReservedCodeCacheSize                    = 251658240                              {pd product} {ergonomic}
     bool SegmentedCodeCache                       = true                                      {product} {ergonomic}
   size_t SoftMaxHeapSize                          = 7478444032                             {manageable} {ergonomic}
     bool UseCompressedClassPointers               = true                           {product lp64_product} {ergonomic}
     bool UseCompressedOops                        = true                           {product lp64_product} {ergonomic}
     bool UseG1GC                                  = true                                      {product} {ergonomic}
     bool UseLargePagesIndividualAllocation        = false                                  {pd product} {ergonomic}

Logging:
Log output configuration:
 #0: stdout all=warning uptime,level,tags
 #1: stderr all=off uptime,level,tags

Environment Variables:
PATH=C:\Program Files\Eclipse Adoptium\jdk-17.0.18.8-hotspot\bin;C:\Program Files\Common Files\Oracle\Java\javapath;C:\Program Files\NVIDIA GPU Computing Toolkit\CUDA\v12.5\bin;C:\Program Files\NVIDIA GPU Computing Toolkit\CUDA\v12.5\libnvvp;C:\Program Files (x86)\VMware\VMware Workstation\bin\;C:\Program Files (x86)\Razer Chroma SDK\bin;C:\Program Files\Razer Chroma SDK\bin;C:\Program Files (x86)\Razer\ChromaBroadcast\bin;C:\Program Files\Razer\ChromaBroadcast\bin;C:\Program Files (x86)\Common Files\Oracle\Java\javapath;C:\Windows\system32;C:\Windows;C:\Windows\System32\Wbem;C:\Windows\System32\WindowsPowerShell\v1.0\;C:\Windows\System32\OpenSSH\;C:\Windows\system32\config\systemprofile\AppData\Local\Microsoft\WindowsApps;C:\WINDOWS\system32;C:\WINDOWS;C:\WINDOWS\System32\Wbem;C:\WINDOWS\System32\WindowsPowerShell\v1.0\;C:\WINDOWS\System32\OpenSSH\;C:\Program Files\NVIDIA Corporation\NVIDIA app\NvDLISR;C:\Program Files (x86)\NVIDIA Corporation\PhysX\Common;C:\Program Files\nodejs\;C:\Users\zeren\anaconda3\Scripts;C:\Users\zeren\anaconda3;C:\Users\zeren\anaconda3\Library\bin;C:\Program Files\NVIDIA Corporation\Nsight Compute 2024.2.1\;C:\Program Files\Git\cmd;C:\Program Files\dotnet\;C:\Program Files\Microsoft SQL Server\170\Tools\Binn\;C:\Program Files\Microsoft SQL Server\Client SDK\ODBC\170\Tools\Binn\;C:\Program Files\Apache\maven\bin;C:\ffmpeg\bin;C:\Program Files\MySQL\MySQL Shell 8.0\bin\;C:\Users\zeren\AppData\Local\Programs\Python\Python313\Scripts\;C:\Users\zeren\AppData\Local\Programs\Python\Python313\;C:\Users\zeren\AppData\Local\Programs\Python\Launcher\;C:\Users\zeren\AppData\Local\Microsoft\WindowsApps;C:\Users\zeren\AppData\Local\GitHubDesktop\bin;C:\Users\zeren\AppData\Local\Programs\Microsoft VS Code\bin;C:\msys64\mingw64\bin;C:\Users\zeren\AppData\Roaming\npm;C:\Users\zeren\AppData\Local\Programs\Antigravity\bin;C:\Program Files (x86)\Nmap;C:\Users\zeren\.dotnet\tools;c:\Users\zeren\.antigravity\extensions\vscjava.vscode-java-debug-0.59.0-universal\bundled\scripts\noConfigScripts
USERNAME=zeren
LANG=en_US.UTF-8
OS=Windows_NT
PROCESSOR_IDENTIFIER=AMD64 Family 25 Model 80 Stepping 0, AuthenticAMD
TMP=C:\Users\zeren\AppData\Local\Temp
TEMP=C:\Users\zeren\AppData\Local\Temp



Periodic native trim disabled


---------------  S Y S T E M  ---------------

OS:
 Windows 11 , 64 bit Build 26100 (10.0.26100.8246)
OS uptime: 1 days 5:29 hours
Hyper-V role detected

CPU: total 16 (initial active 16) (16 cores per cpu, 2 threads per core) family 25 model 80 stepping 0 microcode 0xa50000c, cx8, cmov, fxsr, ht, mmx, 3dnowpref, sse, sse2, sse3, ssse3, sse4a, sse4.1, sse4.2, popcnt, lzcnt, tsc, tscinvbit, avx, avx2, aes, erms, clmul, bmi1, bmi2, adx, sha, fma, vzeroupper, clflush, clflushopt, hv
Processor Information for processor 0
  Max Mhz: 3301, Current Mhz: 3301, Mhz Limit: 3301
Processor Information for processor 1
  Max Mhz: 3301, Current Mhz: 3301, Mhz Limit: 3301
Processor Information for processor 2
  Max Mhz: 3301, Current Mhz: 3301, Mhz Limit: 3301
Processor Information for processor 3
  Max Mhz: 3301, Current Mhz: 3301, Mhz Limit: 3301
Processor Information for processor 4
  Max Mhz: 3301, Current Mhz: 3301, Mhz Limit: 3301
Processor Information for processor 5
  Max Mhz: 3301, Current Mhz: 3301, Mhz Limit: 3301
Processor Information for processor 6
  Max Mhz: 3301, Current Mhz: 3301, Mhz Limit: 3301
Processor Information for processor 7
  Max Mhz: 3301, Current Mhz: 2652, Mhz Limit: 3301
Processor Information for processor 8
  Max Mhz: 3301, Current Mhz: 2652, Mhz Limit: 3301
Processor Information for processor 9
  Max Mhz: 3301, Current Mhz: 2652, Mhz Limit: 3301
Processor Information for processor 10
  Max Mhz: 3301, Current Mhz: 3301, Mhz Limit: 3301
Processor Information for processor 11
  Max Mhz: 3301, Current Mhz: 2652, Mhz Limit: 3301
Processor Information for processor 12
  Max Mhz: 3301, Current Mhz: 3301, Mhz Limit: 3301
Processor Information for processor 13
  Max Mhz: 3301, Current Mhz: 2652, Mhz Limit: 3301
Processor Information for processor 14
  Max Mhz: 3301, Current Mhz: 3301, Mhz Limit: 3301
Processor Information for processor 15
  Max Mhz: 3301, Current Mhz: 3301, Mhz Limit: 3301

Memory: 4k page, system-wide physical 28524M (9089M free)
TotalPageFile size 38764M (AvailPageFile size 8410M)
current process WorkingSet (physical memory assigned to process): 608M, peak: 715M
current process commit charge ("private bytes"): 986M, peak: 1247M

vm_info: OpenJDK 64-Bit Server VM (17.0.18+8) for windows-amd64 JRE (17.0.18+8), built on Jan 20 2026 22:28:22 by "admin" with MS VC++ 17.12 (VS2022)

END.
