#
# A fatal error has been detected by the Java Runtime Environment:
#
#  EXCEPTION_ACCESS_VIOLATION (0xc0000005) at pc=0x00007ff996eedcaf, pid=23364, tid=26872
#
# JRE version: OpenJDK Runtime Environment Temurin-17.0.18+8 (17.0.18+8) (build 17.0.18+8)
# Java VM: OpenJDK 64-Bit Server VM Temurin-17.0.18+8 (17.0.18+8, mixed mode, sharing, tiered, compressed oops, compressed class ptrs, g1 gc, windows-amd64)
# Problematic frame:
# C  0x00007ff996eedcaf
#
# No core dump will be written. Minidumps are not enabled by default on client versions of Windows
#
# If you would like to submit a bug report, please visit:
#   https://github.com/adoptium/adoptium-support/issues
# The crash happened outside the Java Virtual Machine in native code.
# See problematic frame for where to report the bug.
#

---------------  S U M M A R Y ------------

Command Line: --module-path=C:\Users\zeren\.m2\repository\org\openjfx\javafx-base\21.0.2\javafx-base-21.0.2-win.jar;C:\Users\zeren\.m2\repository\org\openjfx\javafx-base\21.0.2\javafx-base-21.0.2.jar;C:\Users\zeren\.m2\repository\org\openjfx\javafx-controls\21.0.2\javafx-controls-21.0.2-win.jar;C:\Users\zeren\.m2\repository\org\openjfx\javafx-controls\21.0.2\javafx-controls-21.0.2.jar;C:\Users\zeren\.m2\repository\org\openjfx\javafx-fxml\21.0.2\javafx-fxml-21.0.2-win.jar;C:\Users\zeren\.m2\repository\org\openjfx\javafx-fxml\21.0.2\javafx-fxml-21.0.2.jar;C:\Users\zeren\.m2\repository\org\openjfx\javafx-graphics\21.0.2\javafx-graphics-21.0.2-win.jar;C:\Users\zeren\.m2\repository\org\openjfx\javafx-graphics\21.0.2\javafx-graphics-21.0.2.jar;C:\Users\zeren\.m2\repository\org\openjfx\javafx-swing\21.0.2\javafx-swing-21.0.2-win.jar;C:\Users\zeren\.m2\repository\org\openjfx\javafx-swing\21.0.2\javafx-swing-21.0.2.jar --add-modules=javafx.base,javafx.controls,javafx.fxml,javafx.graphics,javafx.swing com.gozcu.MainApp

Host: AMD Ryzen 9 5900HX with Radeon Graphics        , 16 cores, 27G,  Windows 11 , 64 bit Build 26100 (10.0.26100.8246)
Time: Mon May  4 00:56:12 2026 Türkiye Standart Saati elapsed time: 123.774238 seconds (0d 0h 2m 3s)

---------------  T H R E A D  ---------------

Current thread (0x0000022956b72b50):  JavaThread "camera-worker" daemon [_thread_in_native, id=26872, stack(0x000000fb9fe00000,0x000000fb9ff00000)]

Stack: [0x000000fb9fe00000,0x000000fb9ff00000],  sp=0x000000fb9fefcba0,  free space=1010k
Native frames: (J=compiled Java code, j=interpreted, Vv=VM code, C=native code)
C  0x00007ff996eedcaf

Java frames: (J=compiled Java code, j=interpreted, Vv=VM code)
J 4757  ai.onnxruntime.OrtSession.run(JJJ[Ljava/lang/String;[JJ[Ljava/lang/String;J[Lai/onnxruntime/OnnxValue;[JJ)[Z (0 bytes) @ 0x0000022973eb42ac [0x0000022973eb41c0+0x00000000000000ec]
J 6054 c1 ai.onnxruntime.OrtSession.run(Ljava/util/Map;Ljava/util/Set;Ljava/util/Map;Lai/onnxruntime/OrtSession$RunOptions;)Lai/onnxruntime/OrtSession$Result; (751 bytes) @ 0x000002296c3cc964 [0x000002296c3c7980+0x0000000000004fe4]
J 6053 c1 ai.onnxruntime.OrtSession.run(Ljava/util/Map;Ljava/util/Set;)Lai/onnxruntime/OrtSession$Result; (11 bytes) @ 0x000002296c6c1afc [0x000002296c6c1a40+0x00000000000000bc]
J 6052 c1 ai.onnxruntime.OrtSession.run(Ljava/util/Map;)Lai/onnxruntime/OrtSession$Result; (10 bytes) @ 0x000002296c4373bc [0x000002296c437340+0x000000000000007c]
J 5071 c2 com.gozcu.inference.SmokeDetector.detect(Ljava/awt/image/BufferedImage;F)Ljava/util/List; (561 bytes) @ 0x0000022973f01f78 [0x0000022973f01880+0x00000000000006f8]
j  com.gozcu.inference.CameraWorker.cameraLoop(Ljava/lang/String;)V+87
j  com.gozcu.inference.CameraWorker.lambda$start$1(Ljava/lang/String;)V+2
j  com.gozcu.inference.CameraWorker$$Lambda$445+0x000002291128d1c0.run()V+8
j  java.util.concurrent.Executors$RunnableAdapter.call()Ljava/lang/Object;+4 java.base@17.0.18
j  java.util.concurrent.FutureTask.run()V+39 java.base@17.0.18
j  java.util.concurrent.ThreadPoolExecutor.runWorker(Ljava/util/concurrent/ThreadPoolExecutor$Worker;)V+92 java.base@17.0.18
j  java.util.concurrent.ThreadPoolExecutor$Worker.run()V+5 java.base@17.0.18
j  java.lang.Thread.run()V+11 java.base@17.0.18
v  ~StubRoutines::call_stub

siginfo: EXCEPTION_ACCESS_VIOLATION (0xc0000005), reading address 0x00000000000025e0


Registers:
RAX=0x000002295ebdd300, RBX=0x0000000000000194, RCX=0x000002295ebdcf70, RDX=0x0000000000000000
RSP=0x000000fb9fefcba0, RBP=0x000000fb9fefd650, RSI=0x0000000000000000, RDI=0x000000fb9fefd330
R8 =0x00000000000004bc, R9 =0x000002295df2a998, R10=0x0000000000000001, R11=0x000000fb9fefcd20
R12=0x00000229a522df10, R13=0x0000000000000000, R14=0x000000fb9fefd6f8, R15=0x000002295ebdd300
RIP=0x00007ff996eedcaf, EFLAGS=0x0000000000010202

XMM[0]=0x402cec463fdfdee6 0x4005c97e4055fc9f
XMM[1]=0x3dca77803fe07057 0x3f52b0fe403e1faa
XMM[2]=0x4039cef73ea3304b 0x400bc89d401cac46
XMM[3]=0x3f43ed6a3ec060c0 0x3f1129c13efb5d49
XMM[4]=0x402cec463fdfdee6 0x4005c97e4055fc9f
XMM[5]=0x3dca77803fe07057 0x3f52b0fe403e1faa
XMM[6]=0x0000000000000000 0x000000003ee4e4e5
XMM[7]=0x0000000000000000 0x000000003ee4e4e5
XMM[8]=0x0000000000000000 0x000000003ee4e4e5
XMM[9]=0x0000000000000000 0x000000003ee4e4e5
XMM[10]=0x0000000000000000 0x000000003ee4e4e5
XMM[11]=0x0000000000000000 0x000000003ee4e4e5
XMM[12]=0x0000000000000000 0x000000003ee4e4e5
XMM[13]=0x0000000000000000 0x000000003ee4e4e5
XMM[14]=0x0000000000000000 0x0000000041acd590
XMM[15]=0x0000000000000000 0x000000003ee4e4e5
  MXCSR=0x00001fa2


Register to memory mapping:

RIP=0x00007ff996eedcaf points into unknown readable memory: 4a
RAX=0x000002295ebdd300 points into unknown readable memory: 0x00007ff9971e5ef0 | f0 5e 1e 97 f9 7f 00 00
RBX=0x0000000000000194 is an unknown value
RCX=0x000002295ebdcf70 is an unknown value
RDX=0x0 is NULL
RSP=0x000000fb9fefcba0 is pointing into the stack for thread: 0x0000022956b72b50
RBP=0x000000fb9fefd650 is pointing into the stack for thread: 0x0000022956b72b50
RSI=0x0 is NULL
RDI=0x000000fb9fefd330 is pointing into the stack for thread: 0x0000022956b72b50
R8 =0x00000000000004bc is an unknown value
R9 =0x000002295df2a998 is an unknown value
R10=0x0000000000000001 is an unknown value
R11=0x000000fb9fefcd20 is pointing into the stack for thread: 0x0000022956b72b50
R12=0x00000229a522df10 points into unknown readable memory: 0x000002295c6a27d0 | d0 27 6a 5c 29 02 00 00
R13=0x0 is NULL
R14=0x000000fb9fefd6f8 is pointing into the stack for thread: 0x0000022956b72b50
R15=0x000002295ebdd300 points into unknown readable memory: 0x00007ff9971e5ef0 | f0 5e 1e 97 f9 7f 00 00


Top of Stack: (sp=0x000000fb9fefcba0)
0x000000fb9fefcba0:   0000000000000000 0000000000000000
0x000000fb9fefcbb0:   0000000000000000 0000000000000000
0x000000fb9fefcbc0:   0000000000000000 00007ff996ff8254
0x000000fb9fefcbd0:   0000000000000002 000000fb9fefcbe0
0x000000fb9fefcbe0:   00000000000000a0 00000000000000a0
0x000000fb9fefcbf0:   0000000000000000 0000000000000000
0x000000fb9fefcc00:   0000000000000000 0000000000000000
0x000000fb9fefcc10:   000002298bf49080 000002298bc29080
0x000000fb9fefcc20:   0000000000000020 0000000000000004
0x000000fb9fefcc30:   0000000000006400 000002295d4cc400
0x000000fb9fefcc40:   0000000000000004 000000fb9fefcc80
0x000000fb9fefcc50:   000002295d4cbf80 000002295ca7c750
0x000000fb9fefcc60:   0000000000000004 0000000000000020
0x000000fb9fefcc70:   0000000000000008 0000000000000008
0x000000fb9fefcc80:   0000000000000001 0000000000000020
0x000000fb9fefcc90:   00000000000000a0 00000000000000a0
0x000000fb9fefcca0:   000000fb9fefcc68 0000000000000020
0x000000fb9fefccb0:   000000fb9fefcc28 000000fb9fefcc60
0x000000fb9fefccc0:   000002295ca7d1d0 000000fb9fefcc30
0x000000fb9fefccd0:   000000fb9fefcc18 000000fb9fefcc68
0x000000fb9fefcce0:   000000fb9fefcc10 000000fb9fefcc20
0x000000fb9fefccf0:   000000fb9fefcc70 000002298bc29080
0x000000fb9fefcd00:   0000259ecfdffa8f 0000000000000000
0x000000fb9fefcd10:   000000003ee4e4e5 0000000000000000
0x000000fb9fefcd20:   0000000000000194 000000fb9fefd6f8
0x000000fb9fefcd30:   000000fb9fefd330 0000000000000000
0x000000fb9fefcd40:   000000fb9fefd650 00007ff996ec58fd
0x000000fb9fefcd50:   000000fb9fefd040 000002295ca6f8c0
0x000000fb9fefcd60:   000002295ca6f8c0 000000fb9fefd330
0x000000fb9fefcd70:   00000229a522df10 000000fb9fefe7d8
0x000000fb9fefcd80:   0000000000000000 00007ff998690c00
0x000000fb9fefcd90:   000002295ca6f8c0 0000000000000194 

Instructions: (pc=0x00007ff996eedcaf)
0x00007ff996eedbaf:   cc 48 83 ec 28 48 81 c1 38 01 00 00 e8 70 91 9a
0x00007ff996eedbbf:   ff 8b 08 85 c9 74 08 f3 90 8b 08 85 c9 75 f8 48
0x00007ff996eedbcf:   83 c4 28 c3 cc cc cc cc cc cc cc cc cc cc cc cc
0x00007ff996eedbdf:   cc 48 81 c1 40 01 00 00 48 83 39 00 75 0a 48 83
0x00007ff996eedbef:   3a 00 0f 85 49 a6 9f ff c3 cc cc cc cc cc cc cc
0x00007ff996eedbff:   cc 48 89 5c 24 08 57 48 83 ec 20 48 8b d9 48 81
0x00007ff996eedc0f:   c1 90 01 00 00 e8 a7 e1 9b ff 48 8d 8b 50 01 00
0x00007ff996eedc1f:   00 48 83 39 00 74 05 e8 75 18 a2 ff 48 8b bb 40
0x00007ff996eedc2f:   01 00 00 48 85 ff 74 16 48 8d 4f 08 e8 10 8c 9a
0x00007ff996eedc3f:   ff ba 28 00 00 00 48 8b cf e8 e3 85 fa ff 48 8b
0x00007ff996eedc4f:   8b 30 01 00 00 48 85 c9 74 05 e8 d2 85 fa ff 48
0x00007ff996eedc5f:   8d 4b 08 48 8b 5c 24 30 48 83 c4 20 5f e9 cf dd
0x00007ff996eedc6f:   fc ff cc cc cc cc cc cc cc cc cc cc cc cc cc cc
0x00007ff996eedc7f:   cc 48 89 5c 24 18 55 56 57 41 56 41 57 48 81 ec
0x00007ff996eedc8f:   80 01 00 00 48 8b da 4c 8b f1 48 8b 09 e8 6f d5
0x00007ff996eedc9f:   fa ff 4c 8b f8 4c 8d 04 5b 48 8b 90 c0 00 00 00
0x00007ff996eedcaf:   4a 8b 1c c2 4a 8b 6c c2 08 48 3b dd 74 77 0f 1f
0x00007ff996eedcbf:   00 48 8b 13 49 8b 86 30 01 00 00 48 8d 0c 90 e8
0x00007ff996eedccf:   5d 90 9a ff b9 ff ff ff ff f0 0f c1 08 83 f9 01
0x00007ff996eedcdf:   75 4a 49 8d 4e 08 48 03 d2 4d 8b 87 a8 00 00 00
0x00007ff996eedcef:   45 8b 04 d0 48 8d 94 24 b8 01 00 00 e8 70 bd fc
0x00007ff996eedcff:   ff 48 8b 30 48 8b bc 24 b8 01 00 00 48 85 ff 74
0x00007ff996eedd0f:   16 48 8d 4f 08 e8 37 8b 9a ff ba 28 00 00 00 48
0x00007ff996eedd1f:   8b cf e8 0a 85 fa ff 48 85 f6 75 20 48 83 c3 08
0x00007ff996eedd2f:   48 3b dd 75 8c 48 8b 9c 24 c0 01 00 00 48 81 c4
0x00007ff996eedd3f:   80 01 00 00 41 5f 41 5e 5f 5e 5d c3 48 8d 4c 24
0x00007ff996eedd4f:   48 e8 9b fd 9b ff 48 8b d8 48 8d 4c 24 30 e8 ae
0x00007ff996eedd5f:   97 0f 00 90 48 89 44 24 20 4c 8d 0d f9 a8 34 00
0x00007ff996eedd6f:   41 b8 aa 00 00 00 48 8d 15 34 a8 34 00 48 8d 8c
0x00007ff996eedd7f:   24 20 01 00 00 e8 87 29 9b ff 90 4c 8b cb 4c 8d
0x00007ff996eedd8f:   05 6c a8 34 00 48 8b d0 48 8d 4c 24 70 e8 df 2c
0x00007ff996eedd9f:   9b ff 48 8d 15 28 92 43 00 48 8d 4c 24 70 e8 b8 


Stack slot to memory mapping:
stack at sp + 0 slots: 0x0 is NULL
stack at sp + 1 slots: 0x0 is NULL
stack at sp + 2 slots: 0x0 is NULL
stack at sp + 3 slots: 0x0 is NULL
stack at sp + 4 slots: 0x0 is NULL
stack at sp + 5 slots: 0x00007ff996ff8254 points into unknown readable memory: 48 83 c4 68
stack at sp + 6 slots: 0x0000000000000002 is an unknown value
stack at sp + 7 slots: 0x000000fb9fefcbe0 is pointing into the stack for thread: 0x0000022956b72b50


Compiled method (n/a) 123886 4757     n 0       ai.onnxruntime.OrtSession::run (native)
 total in heap  [0x0000022973eb4010,0x0000022973eb4540] = 1328
 relocation     [0x0000022973eb4170,0x0000022973eb41a8] = 56
 main code      [0x0000022973eb41c0,0x0000022973eb4538] = 888
 oops           [0x0000022973eb4538,0x0000022973eb4540] = 8

[Constant Pool (empty)]

[MachCode]
[Entry Point]
  # {method} {0x0000022952ed07c0} 'run' '(JJJ[Ljava/lang/String;[JJ[Ljava/lang/String;J[Lai/onnxruntime/OnnxValue;[JJ)[Z' in 'ai/onnxruntime/OrtSession'
  # this:     rdx:rdx   = 'ai/onnxruntime/OrtSession'
  # parm0:    r8:r8     = long
  # parm1:    r9:r9     = long
  # parm2:    rdi:rdi   = long
  # parm3:    rsi:rsi   = '[Ljava/lang/String;'
  # parm4:    rcx:rcx   = '[J'
  # parm5:    [sp+0xb0]   = long  (sp of caller)
  # parm6:    [sp+0xb8]   = '[Ljava/lang/String;'
  # parm7:    [sp+0xc0]   = long
  # parm8:    [sp+0xc8]   = '[Lai/onnxruntime/OnnxValue;'
  # parm9:    [sp+0xd0]   = '[J'
  # parm10:   [sp+0xd8]   = long
  0x0000022973eb41c0: 448b 5208 | 49bb 0000 | 0010 2902 | 0000 4d03 | d349 3bc2 | 0f84 0600 

  0x0000022973eb41d8: ;   {runtime_call ic_miss_stub}
  0x0000022973eb41d8: 0000 e9a1 | ce6a ff90 
[Verified Entry Point]
  0x0000022973eb41e0: 8984 2400 | 90ff ff55 | 488b ec48 | 81ec a000 | 0000 488b | 4538 4889 | 4424 6048 | 817d 3000 
  0x0000022973eb4200: 0000 0048 | 8d45 3048 | 0f44 4530 | 4889 4424 | 5848 817d | 2800 0000 | 0048 8d45 | 2848 0f44 
  0x0000022973eb4220: 4528 4889 | 4424 5048 | 8b45 2048 | 8944 2448 | 4881 7d18 | 0000 0000 | 488d 4518 | 480f 4445 
  0x0000022973eb4240: 1848 8944 | 2440 488b | 4510 4889 | 4424 3848 | 898c 2490 | 0000 0048 | 83f9 0048 | 8d84 2490 
  0x0000022973eb4260: 0000 0048 | 0f44 8424 | 9000 0000 | 4889 4424 | 3048 89b4 | 2488 0000 | 0048 83fe | 0048 8d84 
  0x0000022973eb4280: 2488 0000 | 0048 0f44 | 8424 8800 | 0000 4889 | 4424 2848 | 897c 2420 | 4889 5424 | 6848 83fa 
  0x0000022973eb42a0: 0048 8d54 | 2468 480f | 4454 2468 

  0x0000022973eb42ac: ;   {internal_word}
  0x0000022973eb42ac: c5f8 7749 | baac 42eb | 7329 0200 | 004d 8997 | a002 0000 | 4989 a798 

  0x0000022973eb42c4: ;   {external_word}
  0x0000022973eb42c4: 0200 0049 | bad5 c6ab | 98f9 7f00 | 0041 803a | 000f 8452 | 0000 0052 | 4150 4151 

  0x0000022973eb42e0: ;   {metadata({method} {0x0000022952ed07c0} 'run' '(JJJ[Ljava/lang/String;[JJ[Ljava/lang/String;J[Lai/onnxruntime/OnnxValue;[JJ)[Z' in 'ai/onnxruntime/OrtSession')}
  0x0000022973eb42e0: 48ba b807 | ed52 2902 | 0000 498b | cf48 83ec | 20f7 c40f | 0000 000f | 841a 0000 | 0048 83ec 
  0x0000022973eb4300: ;   {runtime_call}
  0x0000022973eb4300: 0849 ba50 | a061 98f9 | 7f00 0041 | ffd2 4883 | c408 e90d 

  0x0000022973eb4314: ;   {runtime_call}
  0x0000022973eb4314: 0000 0049 | ba50 a061 | 98f9 7f00 | 0041 ffd2 | 4883 c420 | 4159 4158 | 5a49 8d8f | b802 0000 
  0x0000022973eb4334: 41c7 8740 | 0300 0004 

  0x0000022973eb433c: ;   {runtime_call}
  0x0000022973eb433c: 0000 0049 | bac0 6bb2 | 43fa 7f00 | 0041 ffd2 | c5f8 7741 | c787 4003 | 0000 0500 | 0000 f083 
  0x0000022973eb435c: 4424 c000 | 493b af48 | 0300 000f | 8711 0000 | 0041 81bf | 3003 0000 | 0000 0000 | 0f84 2c00 
  0x0000022973eb437c: 0000 c5f8 | 7748 8945 | f849 8bcf | 4c8b e448 | 83ec 2048 

  0x0000022973eb4390: ;   {runtime_call}
  0x0000022973eb4390: 83e4 f049 | baa0 af71 | 98f9 7f00 | 0041 ffd2 | 498b e44d | 33e4 488b | 45f8 41c7 | 8740 0300 
  0x0000022973eb43b0: 0008 0000 | 0041 81bf | b003 0000 | 0200 0000 | 0f84 3f01 

  0x0000022973eb43c4: ;   {external_word}
  0x0000022973eb43c4: 0000 49ba | d5c6 ab98 | f97f 0000 | 4180 3a00 | 0f84 5000 | 0000 4889 

  0x0000022973eb43dc: ;   {metadata({method} {0x0000022952ed07c0} 'run' '(JJJ[Ljava/lang/String;[JJ[Ljava/lang/String;J[Lai/onnxruntime/OnnxValue;[JJ)[Z' in 'ai/onnxruntime/OrtSession')}
  0x0000022973eb43dc: 45f8 48ba | b807 ed52 | 2902 0000 | 498b cf48 | 83ec 20f7 | c40f 0000 | 000f 841a | 0000 0048 
  0x0000022973eb43fc: ;   {runtime_call}
  0x0000022973eb43fc: 83ec 0849 | ba50 a061 | 98f9 7f00 | 0041 ffd2 | 4883 c408 | e90d 0000 

  0x0000022973eb4414: ;   {runtime_call}
  0x0000022973eb4414: 0049 ba50 | a061 98f9 | 7f00 0041 | ffd2 4883 | c420 488b | 45f8 49c7 | 8798 0200 | 0000 0000 
  0x0000022973eb4434: 0049 c787 | a002 0000 | 0000 0000 | c5f8 7748 | 85c0 0f84 | 9300 0000 | 48f7 c001 | 0000 000f 
  0x0000022973eb4454: 8483 0000 | 0048 8b40 | ff41 807f | 3800 0f84 | 6f00 0000 | 4883 f800 | 0f84 6500 | 0000 498b 
  0x0000022973eb4474: 4f20 4883 | f900 0f84 | 1400 0000 | 4883 e908 | 4989 4f20 | 4903 4f30 | 4889 01e9 | 4300 0000 
  0x0000022973eb4494: 5049 8bd7 | 488b c848 | 83ec 20f7 | c40f 0000 | 000f 841a | 0000 0048 

  0x0000022973eb44ac: ;   {runtime_call}
  0x0000022973eb44ac: 83ec 0849 | ba10 6a20 | 98f9 7f00 | 0041 ffd2 | 4883 c408 | e90d 0000 

  0x0000022973eb44c4: ;   {runtime_call}
  0x0000022973eb44c4: 0049 ba10 | 6a20 98f9 | 7f00 0041 | ffd2 4883 | c420 58e9 | 0300 0000 | 488b 0049 | 8b8f d800 
  0x0000022973eb44e4: 0000 c781 | 0001 0000 | 0000 0000 | c949 817f | 0800 0000 | 000f 8501 | 0000 00c3 

  0x0000022973eb4500: ;   {runtime_call StubRoutines (1)}
  0x0000022973eb4500: e9fb c965 | ffc5 f877 | 4889 45f8 | 4c8b e448 | 83ec 2048 

  0x0000022973eb4514: ;   {runtime_call}
  0x0000022973eb4514: 83e4 f049 | ba40 d161 | 98f9 7f00 | 0041 ffd2 | 498b e44d | 33e4 488b | 45f8 e993 | feff fff4 
  0x0000022973eb4534: f4f4 f4f4 
[/MachCode]


Compiled method (c1) 123895 6054       3       ai.onnxruntime.OrtSession::run (751 bytes)
 total in heap  [0x000002296c3c6f90,0x000002296c3cf918] = 35208
 relocation     [0x000002296c3c70f0,0x000002296c3c7980] = 2192
 main code      [0x000002296c3c7980,0x000002296c3cd680] = 23808
 stub code      [0x000002296c3cd680,0x000002296c3cdc38] = 1464
 oops           [0x000002296c3cdc38,0x000002296c3cdc80] = 72
 metadata       [0x000002296c3cdc80,0x000002296c3cdcd0] = 80
 scopes data    [0x000002296c3cdcd0,0x000002296c3cea88] = 3512
 scopes pcs     [0x000002296c3cea88,0x000002296c3cf828] = 3488
 dependencies   [0x000002296c3cf828,0x000002296c3cf830] = 8
 nul chk table  [0x000002296c3cf830,0x000002296c3cf918] = 232

[Constant Pool (empty)]

[MachCode]
[Entry Point]
  # {method} {0x0000022952ecfae0} 'run' '(Ljava/util/Map;Ljava/util/Set;Ljava/util/Map;Lai/onnxruntime/OrtSession$RunOptions;)Lai/onnxruntime/OrtSession$Result;' in 'ai/onnxruntime/OrtSession'
  # this:     rdx:rdx   = 'ai/onnxruntime/OrtSession'
  # parm0:    r8:r8     = 'java/util/Map'
  # parm1:    r9:r9     = 'java/util/Set'
  # parm2:    rdi:rdi   = 'java/util/Map'
  # parm3:    rsi:rsi   = 'ai/onnxruntime/OrtSession$RunOptions'
  #           [sp+0x210]  (sp of caller)
  0x000002296c3c7980: 448b 5208 | 49bb 0000 | 0010 2902 | 0000 4d03 | d34c 3bd0 

  0x000002296c3c7994: ;   {runtime_call ic_miss_stub}
  0x000002296c3c7994: 0f85 e696 | 1907 660f | 1f44 0000 
[Verified Entry Point]
  0x000002296c3c79a0: 8984 2400 | 90ff ff55 | 4881 ec00 | 0200 0048 | 8994 24c8 | 0000 004c | 8984 24d0 | 0000 004c 
  0x000002296c3c79c0: 898c 24d8 | 0000 0048 | 89bc 24e0 

  0x000002296c3c79cc: ;   {metadata(method data for {method} {0x0000022952ecfae0} 'run' '(Ljava/util/Map;Ljava/util/Set;Ljava/util/Map;Lai/onnxruntime/OrtSession$RunOptions;)Lai/onnxruntime/OrtSession$Result;' in 'ai/onnxruntime/OrtSession')}
  0x000002296c3c79cc: 0000 0048 | bba8 6637 | 5329 0200 | 008b 83cc | 0000 0083 | c002 8983 | cc00 0000 | 81e0 fe07 
  0x000002296c3c79ec: 0000 83f8 | 000f 840a | 5200 000f | be5a 0c83 

  0x000002296c3c79fc: ;   {metadata(method data for {method} {0x0000022952ecfae0} 'run' '(Ljava/util/Map;Ljava/util/Set;Ljava/util/Map;Lai/onnxruntime/OrtSession$RunOptions;)Lai/onnxruntime/OrtSession$Result;' in 'ai/onnxruntime/OrtSession')}
  0x000002296c3c79fc: fb00 48bb | a866 3753 | 2902 0000 | 48c7 c010 | 0100 000f | 8507 0000 | 0048 c7c0 | 2001 0000 
  0x000002296c3c7a1c: 488b 0c03 | 488d 4901 | 4889 0c03 | 0f85 3351 | 0000 4889 | b424 e800 | 0000 493b | 0049 8bd8 
  0x000002296c3c7a3c: ;   {metadata(method data for {method} {0x0000022952ecfae0} 'run' '(Ljava/util/Map;Ljava/util/Set;Ljava/util/Map;Lai/onnxruntime/OrtSession$RunOptions;)Lai/onnxruntime/OrtSession$Result;' in 'ai/onnxruntime/OrtSession')}
  0x000002296c3c7a3c: 48b8 a866 | 3753 2902 | 0000 8b5b | 0849 ba00 | 0000 1029 | 0200 0049 | 03da 483b | 9840 0100 
  0x000002296c3c7a5c: 0075 0d48 | 8380 4801 | 0000 01e9 | 6600 0000 | 483b 9850 | 0100 0075 | 0d48 8380 | 5801 0000 
  0x000002296c3c7a7c: 01e9 5000 | 0000 4881 | b840 0100 | 0000 0000 | 0075 1748 | 8998 4001 | 0000 48c7 | 8048 0100 
  0x000002296c3c7a9c: 0001 0000 | 00e9 2c00 | 0000 4881 | b850 0100 | 0000 0000 | 0075 1748 | 8998 5001 | 0000 48c7 
  0x000002296c3c7abc: 8058 0100 | 0001 0000 | 00e9 0800 | 0000 4883 | 8030 0100 | 0001 498b | d048 b810 | 4610 1029 
  0x000002296c3c7adc: ;   {virtual_call}
  0x000002296c3c7adc: 0200 00e8 

  0x000002296c3c7ae0: ; ImmutableOopMap {[208]=Oop [200]=Oop [232]=Oop [224]=Oop [216]=Oop }
                      ;*invokeinterface isEmpty {reexecute=0 rethrow=0 return_oop=0}
                      ; - ai.onnxruntime.OrtSession::run@8 (line 362)
  0x000002296c3c7ae0: 3ccc ae07 

  0x000002296c3c7ae4: ;   {metadata(method data for {method} {0x0000022952ecfae0} 'run' '(Ljava/util/Map;Ljava/util/Set;Ljava/util/Map;Lai/onnxruntime/OrtSession$RunOptions;)Lai/onnxruntime/OrtSession$Result;' in 'ai/onnxruntime/OrtSession')}
  0x000002296c3c7ae4: 83f8 0048 | baa8 6637 | 5329 0200 | 0048 c7c6 | 6801 0000 | 0f84 0700 | 0000 48c7 | c678 0100 
  0x000002296c3c7b04: 0048 8b3c | 3248 8d7f | 0148 893c | 320f 8440 | 0000 0048 | 8b94 24c8 | 0000 0048 | 8b72 1848 
  0x000002296c3c7b24: ;   {metadata(method data for {method} {0x0000022952ecfae0} 'run' '(Ljava/util/Map;Ljava/util/Set;Ljava/util/Map;Lai/onnxruntime/OrtSession$RunOptions;)Lai/onnxruntime/OrtSession$Result;' in 'ai/onnxruntime/OrtSession')}
  0x000002296c3c7b24: 83fe 0048 | bea8 6637 | 5329 0200 | 0048 c7c7 | 8801 0000 | 0f85 0700 | 0000 48c7 | c798 0100 
  0x000002296c3c7b44: 0048 8b1c | 3e48 8d5b | 0148 891c | 3e0f 85ff | 0000 004c | 8b84 24d0 

  0x000002296c3c7b5c: ;   {metadata(method data for {method} {0x0000022952ecfae0} 'run' '(Ljava/util/Map;Ljava/util/Set;Ljava/util/Map;Lai/onnxruntime/OrtSession$RunOptions;)Lai/onnxruntime/OrtSession$Result;' in 'ai/onnxruntime/OrtSession')}
  0x000002296c3c7b5c: 0000 0048 | bea8 6637 | 5329 0200 | 0045 8b40 | 0849 ba00 | 0000 1029 | 0200 004d | 03c2 4c3b 
  0x000002296c3c7b7c: 86b8 0100 | 0075 0d48 | 8386 c001 | 0000 01e9 | 6600 0000 | 4c3b 86c8 | 0100 0075 | 0d48 8386 
  0x000002296c3c7b9c: d001 0000 | 01e9 5000 | 0000 4881 | beb8 0100 | 0000 0000 | 0075 174c | 8986 b801 | 0000 48c7 
  0x000002296c3c7bbc: 86c0 0100 | 0001 0000 | 00e9 2c00 | 0000 4881 | bec8 0100 | 0000 0000 | 0075 174c | 8986 c801 
  0x000002296c3c7bdc: 0000 48c7 | 86d0 0100 | 0001 0000 | 00e9 0800 | 0000 4883 | 86a8 0100 | 0001 488b | 9424 d000 
  0x000002296c3c7bfc: 0000 0f1f | 8000 0000 | 0048 b810 | 4610 1029 

  0x000002296c3c7c0c: ;   {virtual_call}
  0x000002296c3c7c0c: 0200 00e8 

  0x000002296c3c7c10: ; ImmutableOopMap {[208]=Oop [216]=Oop [224]=Oop [232]=Oop [200]=Oop }
                      ;*invokeinterface size {reexecute=0 rethrow=0 return_oop=0}
                      ; - ai.onnxruntime.OrtSession::run@26 (line 362)
  0x000002296c3c7c10: 0cf6 a707 | 488b 9424 | c800 0000 | 488b 7218 | 4863 c048 

  0x000002296c3c7c24: ;   {metadata(method data for {method} {0x0000022952ecfae0} 'run' '(Ljava/util/Map;Ljava/util/Set;Ljava/util/Map;Lai/onnxruntime/OrtSession$RunOptions;)Lai/onnxruntime/OrtSession$Result;' in 'ai/onnxruntime/OrtSession')}
  0x000002296c3c7c24: 3bf0 48be | a866 3753 | 2902 0000 | 48c7 c7e0 | 0100 000f | 8d07 0000 | 0048 c7c7 | f001 0000 
  0x000002296c3c7c44: 488b 043e | 488d 4001 | 4889 043e | 0f8d 6305 | 0000 6690 

  0x000002296c3c7c58: ;   {no_reloc}
  0x000002296c3c7c58: e9d9 4f00 | 0000 0000 | 0000 80ba | 3301 0000 | 040f 85d6 | 4f00 0049 | 8b87 0801 | 0000 488d 
  0x000002296c3c7c78: 7828 493b | bf18 0100 | 000f 87be | 4f00 0049 | 89bf 0801 | 0000 48c7 | 0001 0000 | 0048 8bca 
  0x000002296c3c7c98: 49ba 0000 | 0010 2902 | 0000 492b | ca89 4808 | 4833 c989 | 480c 4833 | c948 8948 | 1048 8948 
  0x000002296c3c7cb8: 1848 8948 | 2048 8984 | 24f8 0000 | 0066 6690 

  0x000002296c3c7cc8: ;   {no_reloc}
  0x000002296c3c7cc8: e994 4f00 | 0000 0000 | 0000 498b | 8708 0100 | 0048 8d78 | 1849 3bbf | 1801 0000 | 0f87 814f 
  0x000002296c3c7ce8: 0000 4989 | bf08 0100 | 0048 c700 | 0100 0000 | 488b ca49 | ba00 0000 | 1029 0200 | 0049 2bca 
  0x000002296c3c7d08: 8948 0848 | 33c9 8948 | 0c48 33c9 | 4889 4810 

  0x000002296c3c7d18: ;   {metadata(method data for {method} {0x0000022952ecfae0} 'run' '(Ljava/util/Map;Ljava/util/Set;Ljava/util/Map;Lai/onnxruntime/OrtSession$RunOptions;)Lai/onnxruntime/OrtSession$Result;' in 'ai/onnxruntime/OrtSession')}
  0x000002296c3c7d18: 4c8b c048 | baa8 6637 | 5329 0200 | 0048 8382 | 0002 0000 

  0x000002296c3c7d2c: ;   {metadata(method data for {method} {0x000002291041f118} '<init>' '()V' in 'java/lang/StringBuilder')}
  0x000002296c3c7d2c: 0149 b8f8 | 7a03 5229 | 0200 0041 | 8b90 cc00 | 0000 83c2 | 0241 8990 | cc00 0000 | 81e2 feff 
  0x000002296c3c7d4c: 1f00 83fa | 000f 8421 | 4f00 004c 

  0x000002296c3c7d58: ;   {metadata(method data for {method} {0x000002291041f118} '<init>' '()V' in 'java/lang/StringBuilder')}
  0x000002296c3c7d58: 8bc0 48ba | f87a 0352 | 2902 0000 | 4883 8210 | 0100 0001 | 41b8 1000 | 0000 488b | d048 8984 
  0x000002296c3c7d78: 24f0 0000 

  0x000002296c3c7d7c: ;   {optimized virtual_call}
  0x000002296c3c7d7c: 0066 90e8 

  0x000002296c3c7d80: ; ImmutableOopMap {[208]=Oop [200]=Oop [240]=Oop [248]=Oop }
                      ;*invokespecial <init> {reexecute=0 rethrow=0 return_oop=0}
                      ; - java.lang.StringBuilder::<init>@3 (line 106)
                      ; - ai.onnxruntime.OrtSession::run@48 (line 363)
  0x000002296c3c7d80: fc95 1907 | 488b 8424 | f000 0000 

  0x000002296c3c7d8c: ;   {metadata(method data for {method} {0x0000022952ecfae0} 'run' '(Ljava/util/Map;Ljava/util/Set;Ljava/util/Map;Lai/onnxruntime/OrtSession$RunOptions;)Lai/onnxruntime/OrtSession$Result;' in 'ai/onnxruntime/OrtSession')}
  0x000002296c3c7d8c: 49b8 a866 | 3753 2902 | 0000 4983 | 8010 0200 

  0x000002296c3c7d9c: ;   {metadata(method data for {method} {0x000002291041f850} 'append' '(Ljava/lang/String;)Ljava/lang/StringBuilder;' in 'java/lang/StringBuilder')}
  0x000002296c3c7d9c: 0001 49b8 | e87d 0352 | 2902 0000 | 418b 90cc | 0000 0083 | c202 4189 | 90cc 0000 | 0081 e2fe 
  0x000002296c3c7dbc: ff1f 0083 | fa00 0f84 | d14e 0000 | 488b 8424 | f000 0000 

  0x000002296c3c7dd0: ;   {metadata(method data for {method} {0x000002291041f850} 'append' '(Ljava/lang/String;)Ljava/lang/StringBuilder;' in 'java/lang/StringBuilder')}
  0x000002296c3c7dd0: 49b8 e87d | 0352 2902 | 0000 4983 | 8010 0100 

  0x000002296c3c7de0: ;   {oop("Unexpected number of inputs, expected [1,"{0x000000064435e830})}
  0x000002296c3c7de0: 0001 49b8 | 30e8 3544 | 0600 0000 | 488b 9424 | f000 0000 

  0x000002296c3c7df4: ;   {optimized virtual_call}
  0x000002296c3c7df4: 6666 90e8 

  0x000002296c3c7df8: ; ImmutableOopMap {[208]=Oop [200]=Oop [240]=Oop [248]=Oop }
                      ;*invokespecial append {reexecute=0 rethrow=0 return_oop=0}
                      ; - java.lang.StringBuilder::append@2 (line 179)
                      ; - ai.onnxruntime.OrtSession::run@53 (line 363)
  0x000002296c3c7df8: 8495 1907 | 488b 9424 | c800 0000 | 4c8b 4218 | 488b 8424 | f000 0000 

  0x000002296c3c7e10: ;   {metadata(method data for {method} {0x0000022952ecfae0} 'run' '(Ljava/util/Map;Ljava/util/Set;Ljava/util/Map;Lai/onnxruntime/OrtSession$RunOptions;)Lai/onnxruntime/OrtSession$Result;' in 'ai/onnxruntime/OrtSession')}
  0x000002296c3c7e10: 48ba a866 | 3753 2902 | 0000 4883 | 8248 0200 

  0x000002296c3c7e20: ;   {metadata(method data for {method} {0x000002291041fa60} 'append' '(J)Ljava/lang/StringBuilder;' in 'java/lang/StringBuilder')}
  0x000002296c3c7e20: 0001 48ba | d8e9 1653 | 2902 0000 | 8bb2 cc00 | 0000 83c6 | 0289 b2cc | 0000 0081 | e6fe ff1f 
  0x000002296c3c7e40: 0083 fe00 | 0f84 704e | 0000 488b | 8424 f000 

  0x000002296c3c7e50: ;   {metadata(method data for {method} {0x000002291041fa60} 'append' '(J)Ljava/lang/StringBuilder;' in 'java/lang/StringBuilder')}
  0x000002296c3c7e50: 0000 48ba | d8e9 1653 | 2902 0000 | 4883 8210 | 0100 0001 | 488b 9424 | f000 0000 

  0x000002296c3c7e6c: ;   {optimized virtual_call}
  0x000002296c3c7e6c: 6666 90e8 

  0x000002296c3c7e70: ; ImmutableOopMap {[208]=Oop [240]=Oop [248]=Oop }
                      ;*invokespecial append {reexecute=0 rethrow=0 return_oop=0}
                      ; - java.lang.StringBuilder::append@2 (line 259)
                      ; - ai.onnxruntime.OrtSession::run@60 (line 363)
  0x000002296c3c7e70: 0c95 1907 | 488b 8424 | f000 0000 

  0x000002296c3c7e7c: ;   {metadata(method data for {method} {0x0000022952ecfae0} 'run' '(Ljava/util/Map;Ljava/util/Set;Ljava/util/Map;Lai/onnxruntime/OrtSession$RunOptions;)Lai/onnxruntime/OrtSession$Result;' in 'ai/onnxruntime/OrtSession')}
  0x000002296c3c7e7c: 49b8 a866 | 3753 2902 | 0000 4983 | 8080 0200 

  0x000002296c3c7e8c: ;   {metadata(method data for {method} {0x000002291041f850} 'append' '(Ljava/lang/String;)Ljava/lang/StringBuilder;' in 'java/lang/StringBuilder')}
  0x000002296c3c7e8c: 0001 49b8 | e87d 0352 | 2902 0000 | 418b 90cc | 0000 0083 | c202 4189 | 90cc 0000 | 0081 e2fe 
  0x000002296c3c7eac: ff1f 0083 | fa00 0f84 | 234e 0000 | 488b 8424 | f000 0000 

  0x000002296c3c7ec0: ;   {metadata(method data for {method} {0x000002291041f850} 'append' '(Ljava/lang/String;)Ljava/lang/StringBuilder;' in 'java/lang/StringBuilder')}
  0x000002296c3c7ec0: 49b8 e87d | 0352 2902 | 0000 4983 | 8010 0100 

  0x000002296c3c7ed0: ;   {oop(") found "{0x000000064435e848})}
  0x000002296c3c7ed0: 0001 49b8 | 48e8 3544 | 0600 0000 | 488b 9424 | f000 0000 

  0x000002296c3c7ee4: ;   {optimized virtual_call}
  0x000002296c3c7ee4: 6666 90e8 

  0x000002296c3c7ee8: ; ImmutableOopMap {[208]=Oop [240]=Oop [248]=Oop }
                      ;*invokespecial append {reexecute=0 rethrow=0 return_oop=0}
                      ; - java.lang.StringBuilder::append@2 (line 179)
                      ; - ai.onnxruntime.OrtSession::run@65 (line 363)
  0x000002296c3c7ee8: 9494 1907 | 4c8b 8424 | d000 0000 

  0x000002296c3c7ef4: ;   {metadata(method data for {method} {0x0000022952ecfae0} 'run' '(Ljava/util/Map;Ljava/util/Set;Ljava/util/Map;Lai/onnxruntime/OrtSession$RunOptions;)Lai/onnxruntime/OrtSession$Result;' in 'ai/onnxruntime/OrtSession')}
  0x000002296c3c7ef4: 48ba a866 | 3753 2902 | 0000 458b | 4008 49ba | 0000 0010 | 2902 0000 | 4d03 c24c | 3b82 c802 
  0x000002296c3c7f14: 0000 750d | 4883 82d0 | 0200 0001 | e966 0000 | 004c 3b82 | d802 0000 | 750d 4883 | 82e0 0200 
  0x000002296c3c7f34: 0001 e950 | 0000 0048 | 81ba c802 | 0000 0000 | 0000 7517 | 4c89 82c8 | 0200 0048 | c782 d002 
  0x000002296c3c7f54: 0000 0100 | 0000 e92c | 0000 0048 | 81ba d802 | 0000 0000 | 0000 7517 | 4c89 82d8 | 0200 0048 
  0x000002296c3c7f74: c782 e002 | 0000 0100 | 0000 e908 | 0000 0048 | 8382 b802 | 0000 0148 | 8b94 24d0 | 0000 0066 
  0x000002296c3c7f94: 9048 b8ff | ffff ffff 

  0x000002296c3c7f9c: ;   {virtual_call}
  0x000002296c3c7f9c: ffff ffe8 

  0x000002296c3c7fa0: ; ImmutableOopMap {[240]=Oop [248]=Oop }
                      ;*invokeinterface size {reexecute=0 rethrow=0 return_oop=0}
                      ; - ai.onnxruntime.OrtSession::run@69 (line 364)
  0x000002296c3c7fa0: dc96 1907 | 4c8b 8424 | f000 0000 

  0x000002296c3c7fac: ;   {metadata(method data for {method} {0x0000022952ecfae0} 'run' '(Ljava/util/Map;Ljava/util/Set;Ljava/util/Map;Lai/onnxruntime/OrtSession$RunOptions;)Lai/onnxruntime/OrtSession$Result;' in 'ai/onnxruntime/OrtSession')}
  0x000002296c3c7fac: 48ba a866 | 3753 2902 | 0000 4883 | 82f0 0200 

  0x000002296c3c7fbc: ;   {metadata(method data for {method} {0x000002291041fa08} 'append' '(I)Ljava/lang/StringBuilder;' in 'java/lang/StringBuilder')}
  0x000002296c3c7fbc: 0001 49b8 | 9081 0352 | 2902 0000 | 418b 90cc | 0000 0083 | c202 4189 | 90cc 0000 | 0081 e2fe 
  0x000002296c3c7fdc: ff1f 0083 | fa00 0f84 | 144d 0000 | 4c8b 8424 | f000 0000 

  0x000002296c3c7ff0: ;   {metadata(method data for {method} {0x000002291041fa08} 'append' '(I)Ljava/lang/StringBuilder;' in 'java/lang/StringBuilder')}
  0x000002296c3c7ff0: 48ba 9081 | 0352 2902 | 0000 4883 | 8210 0100 | 0001 4c8b | c048 8b94 | 24f0 0000 

  0x000002296c3c800c: ;   {optimized virtual_call}
  0x000002296c3c800c: 0066 90e8 

  0x000002296c3c8010: ; ImmutableOopMap {[240]=Oop [248]=Oop }
                      ;*invokespecial append {reexecute=0 rethrow=0 return_oop=0}
                      ; - java.lang.StringBuilder::append@2 (line 253)
                      ; - ai.onnxruntime.OrtSession::run@74 (line 364)
  0x000002296c3c8010: 6c93 1907 | 488b 8424 | f000 0000 

  0x000002296c3c801c: ;   {metadata(method data for {method} {0x0000022952ecfae0} 'run' '(Ljava/util/Map;Ljava/util/Set;Ljava/util/Map;Lai/onnxruntime/OrtSession$RunOptions;)Lai/onnxruntime/OrtSession$Result;' in 'ai/onnxruntime/OrtSession')}
  0x000002296c3c801c: 48ba a866 | 3753 2902 | 0000 4883 | 8228 0300 

  0x000002296c3c802c: ;   {metadata(method data for {method} {0x000002291041f170} 'toString' '()Ljava/lang/String;' in 'java/lang/StringBuilder')}
  0x000002296c3c802c: 0001 48ba | 1085 0352 | 2902 0000 | 448b 82cc | 0000 0041 | 83c0 0244 | 8982 cc00 | 0000 4181 
  0x000002296c3c804c: e0fe ff1f | 0041 83f8 | 000f 84c2 | 4c00 0048 | 8b84 24f0 

  0x000002296c3c8060: ;   {metadata(method data for {method} {0x000002291041f170} 'toString' '()Ljava/lang/String;' in 'java/lang/StringBuilder')}
  0x000002296c3c8060: 0000 0048 | ba10 8503 | 5229 0200 | 0048 8382 | 1001 0000 

  0x000002296c3c8074: ;   {metadata(method data for {method} {0x000002291005d7b8} 'isLatin1' '()Z' in 'java/lang/AbstractStringBuilder')}
  0x000002296c3c8074: 0148 ba18 | 3a02 5229 | 0200 0044 | 8b82 cc00 | 0000 4183 | c002 4489 | 82cc 0000 | 0041 81e0 
  0x000002296c3c8094: feff 1f00 | 4183 f800 | 0f84 9c4c 

  0x000002296c3c80a0: ;   {metadata(method data for {method} {0x000002291005d7b8} 'isLatin1' '()Z' in 'java/lang/AbstractStringBuilder')}
  0x000002296c3c80a0: 0000 48ba | 183a 0252 | 2902 0000 | ff82 2001 | 0000 488b | 8424 f000 | 0000 0fbe | 5010 83fa 
  0x000002296c3c80c0: ;   {metadata(method data for {method} {0x000002291005d7b8} 'isLatin1' '()Z' in 'java/lang/AbstractStringBuilder')}
  0x000002296c3c80c0: 0048 ba18 | 3a02 5229 | 0200 0049 | c7c0 3001 | 0000 0f85 | 0700 0000 | 49c7 c040 | 0100 004e 
  0x000002296c3c80e0: 8b0c 024d | 8d49 014e | 890c 020f | 851a 0000 

  0x000002296c3c80f0: ;   {metadata(method data for {method} {0x000002291005d7b8} 'isLatin1' '()Z' in 'java/lang/AbstractStringBuilder')}
  0x000002296c3c80f0: 0048 ba18 | 3a02 5229 | 0200 00ff | 8250 0100 | 00ba 0100 | 0000 e905 | 0000 00ba | 0000 0000 
  0x000002296c3c8110: 83e2 0183 

  0x000002296c3c8114: ;   {metadata(method data for {method} {0x000002291041f170} 'toString' '()Ljava/lang/String;' in 'java/lang/StringBuilder')}
  0x000002296c3c8114: fa00 48ba | 1085 0352 | 2902 0000 | 49c7 c048 | 0100 000f | 8407 0000 | 0049 c7c0 | 5801 0000 
  0x000002296c3c8134: 4e8b 0c02 | 4d8d 4901 | 4e89 0c02 | 0f84 4300 | 0000 8b50 | 1448 c1e2 | 0344 8b48 

  0x000002296c3c8150: ;   {metadata(method data for {method} {0x000002291041f170} 'toString' '()Ljava/lang/String;' in 'java/lang/StringBuilder')}
  0x000002296c3c8150: 0c49 b810 | 8503 5229 | 0200 0049 | 8380 6801 | 0000 0141 | b800 0000 | 0066 0f1f 

  0x000002296c3c816c: ;   {static_call}
  0x000002296c3c816c: 4400 00e8 

  0x000002296c3c8170: ; ImmutableOopMap {[248]=Oop }
                      ;*invokestatic newString {reexecute=0 rethrow=0 return_oop=0}
                      ; - java.lang.StringBuilder::toString@16 (line 453)
                      ; - ai.onnxruntime.OrtSession::run@77 (line 364)
  0x000002296c3c8170: 0c98 1907 

  0x000002296c3c8174: ;   {metadata(method data for {method} {0x000002291041f170} 'toString' '()Ljava/lang/String;' in 'java/lang/StringBuilder')}
  0x000002296c3c8174: 48ba 1085 | 0352 2902 | 0000 ff82 | 7801 0000 | e9a0 4900 | 008b 5014 | 48c1 e203 | 448b 480c 
  0x000002296c3c8194: ;   {metadata(method data for {method} {0x000002291041f170} 'toString' '()Ljava/lang/String;' in 'java/lang/StringBuilder')}
  0x000002296c3c8194: 49b8 1085 | 0352 2902 | 0000 4983 | 8090 0100 | 0001 41b8 | 0000 0000 

  0x000002296c3c81ac: ;   {static_call}
  0x000002296c3c81ac: 6666 90e8 

  0x000002296c3c81b0: ; ImmutableOopMap {[248]=Oop }
                      ;*invokestatic newString {reexecute=0 rethrow=0 return_oop=0}
                      ; - java.lang.StringBuilder::toString@31 (line 454)
                      ; - ai.onnxruntime.OrtSession::run@77 (line 364)
  0x000002296c3c81b0: cc97 1907 | e970 4900 | 004c 8b8c | 24d8 0000 | 0049 3b01 

  0x000002296c3c81c4: ;   {metadata(method data for {method} {0x0000022952ecfae0} 'run' '(Ljava/util/Map;Ljava/util/Set;Ljava/util/Map;Lai/onnxruntime/OrtSession$RunOptions;)Lai/onnxruntime/OrtSession$Result;' in 'ai/onnxruntime/OrtSession')}
  0x000002296c3c81c4: 498b f148 | bba8 6637 | 5329 0200 | 008b 7608 | 49ba 0000 | 0010 2902 | 0000 4903 | f248 3bb3 
  0x000002296c3c81e4: 8003 0000 | 750d 4883 | 8388 0300 | 0001 e966 | 0000 0048 | 3bb3 9003 | 0000 750d | 4883 8398 
  0x000002296c3c8204: 0300 0001 | e950 0000 | 0048 81bb | 8003 0000 | 0000 0000 | 7517 4889 | b380 0300 | 0048 c783 
  0x000002296c3c8224: 8803 0000 | 0100 0000 | e92c 0000 | 0048 81bb | 9003 0000 | 0000 0000 | 7517 4889 | b390 0300 
  0x000002296c3c8244: 0048 c783 | 9803 0000 | 0100 0000 | e908 0000 | 0048 8383 | 7003 0000 | 0149 8bd1 | 0f1f 4400 
  0x000002296c3c8264: 0048 b820 | ad0e 1029 

  0x000002296c3c826c: ;   {virtual_call}
  0x000002296c3c826c: 0200 00e8 

  0x000002296c3c8270: ; ImmutableOopMap {[232]=Oop [208]=Oop [216]=Oop [200]=Oop [224]=Oop }
                      ;*invokeinterface size {reexecute=0 rethrow=0 return_oop=0}
                      ; - ai.onnxruntime.OrtSession::run@85 (line 366)
  0x000002296c3c8270: ac2a 0300 | 488b bc24 | e000 0000 

  0x000002296c3c827c: ; implicit exception: dispatches to 0x000002296c3ccd64
  0x000002296c3c827c: 483b 0748 

  0x000002296c3c8280: ;   {metadata(method data for {method} {0x0000022952ecfae0} 'run' '(Ljava/util/Map;Ljava/util/Set;Ljava/util/Map;Lai/onnxruntime/OrtSession$RunOptions;)Lai/onnxruntime/OrtSession$Result;' in 'ai/onnxruntime/OrtSession')}
  0x000002296c3c8280: 8bd7 48be | a866 3753 | 2902 0000 | 8b52 0849 | ba00 0000 | 1029 0200 | 0049 03d2 | 483b 96b8 
  0x000002296c3c82a0: 0300 0075 | 0d48 8386 | c003 0000 | 01e9 6600 | 0000 483b | 96c8 0300 | 0075 0d48 | 8386 d003 
  0x000002296c3c82c0: 0000 01e9 | 5000 0000 | 4881 beb8 | 0300 0000 | 0000 0075 | 1748 8996 | b803 0000 | 48c7 86c0 
  0x000002296c3c82e0: 0300 0001 | 0000 00e9 | 2c00 0000 | 4881 bec8 | 0300 0000 | 0000 0075 | 1748 8996 | c803 0000 
  0x000002296c3c8300: 48c7 86d0 | 0300 0001 | 0000 00e9 | 0800 0000 | 4883 86a8 | 0300 0001 | 488b d789 | 8424 0001 
  0x000002296c3c8320: 0000 6666 | 9048 b8b0 | 1c06 1029 

  0x000002296c3c832c: ;   {virtual_call}
  0x000002296c3c832c: 0200 00e8 

  0x000002296c3c8330: ; ImmutableOopMap {[232]=Oop [208]=Oop [216]=Oop [200]=Oop [224]=Oop }
                      ;*invokeinterface size {reexecute=0 rethrow=0 return_oop=0}
                      ; - ai.onnxruntime.OrtSession::run@91 (line 366)
  0x000002296c3c8330: ec38 aa07 | 8b9c 2400 | 0100 0003 | d883 fb00 

  0x000002296c3c8340: ;   {metadata(method data for {method} {0x0000022952ecfae0} 'run' '(Ljava/util/Map;Ljava/util/Set;Ljava/util/Map;Lai/onnxruntime/OrtSession$RunOptions;)Lai/onnxruntime/OrtSession$Result;' in 'ai/onnxruntime/OrtSession')}
  0x000002296c3c8340: 48ba a866 | 3753 2902 | 0000 48c7 | c6e0 0300 | 000f 8407 | 0000 0048 | c7c6 f003 | 0000 488b 
  0x000002296c3c8360: 3c32 488d | 7f01 4889 | 3c32 0f84 | 4200 0000 | 488b 9424 | c800 0000 | 488b 7220 | 4863 fb48 
  0x000002296c3c8380: ;   {metadata(method data for {method} {0x0000022952ecfae0} 'run' '(Ljava/util/Map;Ljava/util/Set;Ljava/util/Map;Lai/onnxruntime/OrtSession$RunOptions;)Lai/onnxruntime/OrtSession$Result;' in 'ai/onnxruntime/OrtSession')}
  0x000002296c3c8380: 3bf7 48be | a866 3753 | 2902 0000 | 48c7 c700 | 0400 000f | 8d07 0000 | 0048 c7c7 | 1004 0000 
  0x000002296c3c83a0: 488b 043e | 488d 4001 | 4889 043e | 0f8d bf04 | 0000 899c | 2404 0100 | 000f 1f80 | 0000 0000 
  0x000002296c3c83c0: ;   {no_reloc}
  0x000002296c3c83c0: e9b3 4900 | 0000 0000 | 0000 80ba | 3301 0000 | 040f 85b0 | 4900 0049 | 8b87 0801 | 0000 488d 
  0x000002296c3c83e0: 7828 493b | bf18 0100 | 000f 8798 | 4900 0049 | 89bf 0801 | 0000 48c7 | 0001 0000 | 0048 8bca 
  0x000002296c3c8400: 49ba 0000 | 0010 2902 | 0000 492b | ca89 4808 | 4833 c989 | 480c 4833 | c948 8948 | 1048 8948 
  0x000002296c3c8420: 1848 8948 | 2048 8984 | 2410 0100 | 0066 6690 

  0x000002296c3c8430: ;   {no_reloc}
  0x000002296c3c8430: e96e 4900 | 0000 0000 | 0000 498b | 8708 0100 | 0048 8d78 | 1849 3bbf | 1801 0000 | 0f87 5b49 
  0x000002296c3c8450: 0000 4989 | bf08 0100 | 0048 c700 | 0100 0000 | 488b ca49 | ba00 0000 | 1029 0200 | 0049 2bca 
  0x000002296c3c8470: 8948 0848 | 33c9 8948 | 0c48 33c9 | 4889 4810 

  0x000002296c3c8480: ;   {metadata(method data for {method} {0x0000022952ecfae0} 'run' '(Ljava/util/Map;Ljava/util/Set;Ljava/util/Map;Lai/onnxruntime/OrtSession$RunOptions;)Lai/onnxruntime/OrtSession$Result;' in 'ai/onnxruntime/OrtSession')}
  0x000002296c3c8480: 4c8b c048 | baa8 6637 | 5329 0200 | 0048 8382 | 2004 0000 

  0x000002296c3c8494: ;   {metadata(method data for {method} {0x000002291041f118} '<init>' '()V' in 'java/lang/StringBuilder')}
  0x000002296c3c8494: 0149 b8f8 | 7a03 5229 | 0200 0041 | 8b90 cc00 | 0000 83c2 | 0241 8990 | cc00 0000 | 81e2 feff 
  0x000002296c3c84b4: 1f00 83fa | 000f 84fb | 4800 004c 

  0x000002296c3c84c0: ;   {metadata(method data for {method} {0x000002291041f118} '<init>' '()V' in 'java/lang/StringBuilder')}
  0x000002296c3c84c0: 8bc0 48ba | f87a 0352 | 2902 0000 | 4883 8210 | 0100 0001 | 41b8 1000 | 0000 488b | d048 8984 
  0x000002296c3c84e0: 2408 0100 

  0x000002296c3c84e4: ;   {optimized virtual_call}
  0x000002296c3c84e4: 0066 90e8 

  0x000002296c3c84e8: ; ImmutableOopMap {[200]=Oop [272]=Oop [264]=Oop }
                      ;*invokespecial <init> {reexecute=0 rethrow=0 return_oop=0}
                      ; - java.lang.StringBuilder::<init>@3 (line 106)
                      ; - ai.onnxruntime.OrtSession::run@123 (line 368)
  0x000002296c3c84e8: 948e 1907 | 488b 8424 | 0801 0000 

  0x000002296c3c84f4: ;   {metadata(method data for {method} {0x0000022952ecfae0} 'run' '(Ljava/util/Map;Ljava/util/Set;Ljava/util/Map;Lai/onnxruntime/OrtSession$RunOptions;)Lai/onnxruntime/OrtSession$Result;' in 'ai/onnxruntime/OrtSession')}
  0x000002296c3c84f4: 49b8 a866 | 3753 2902 | 0000 4983 | 8030 0400 

  0x000002296c3c8504: ;   {metadata(method data for {method} {0x000002291041f850} 'append' '(Ljava/lang/String;)Ljava/lang/StringBuilder;' in 'java/lang/StringBuilder')}
  0x000002296c3c8504: 0001 49b8 | e87d 0352 | 2902 0000 | 418b 90cc | 0000 0083 | c202 4189 | 90cc 0000 | 0081 e2fe 
  0x000002296c3c8524: ff1f 0083 | fa00 0f84 | ab48 0000 | 488b 8424 | 0801 0000 

  0x000002296c3c8538: ;   {metadata(method data for {method} {0x000002291041f850} 'append' '(Ljava/lang/String;)Ljava/lang/StringBuilder;' in 'java/lang/StringBuilder')}
  0x000002296c3c8538: 49b8 e87d | 0352 2902 | 0000 4983 | 8010 0100 

  0x000002296c3c8548: ;   {oop("Unexpected number of requestedOutputs & pinnedOutputs, expected [1,"{0x000000064435e860})}
  0x000002296c3c8548: 0001 49b8 | 60e8 3544 | 0600 0000 | 488b 9424 | 0801 0000 

  0x000002296c3c855c: ;   {optimized virtual_call}
  0x000002296c3c855c: 6666 90e8 

  0x000002296c3c8560: ; ImmutableOopMap {[200]=Oop [272]=Oop [264]=Oop }
                      ;*invokespecial append {reexecute=0 rethrow=0 return_oop=0}
                      ; - java.lang.StringBuilder::append@2 (line 179)
                      ; - ai.onnxruntime.OrtSession::run@128 (line 368)
  0x000002296c3c8560: 1c8e 1907 | 488b 9424 | c800 0000 | 4c8b 4220 | 488b 8424 | 0801 0000 

  0x000002296c3c8578: ;   {metadata(method data for {method} {0x0000022952ecfae0} 'run' '(Ljava/util/Map;Ljava/util/Set;Ljava/util/Map;Lai/onnxruntime/OrtSession$RunOptions;)Lai/onnxruntime/OrtSession$Result;' in 'ai/onnxruntime/OrtSession')}
  0x000002296c3c8578: 48ba a866 | 3753 2902 | 0000 4883 | 8268 0400 

  0x000002296c3c8588: ;   {metadata(method data for {method} {0x000002291041fa60} 'append' '(J)Ljava/lang/StringBuilder;' in 'java/lang/StringBuilder')}
  0x000002296c3c8588: 0001 48ba | d8e9 1653 | 2902 0000 | 8bb2 cc00 | 0000 83c6 | 0289 b2cc | 0000 0081 | e6fe ff1f 
  0x000002296c3c85a8: 0083 fe00 | 0f84 4a48 | 0000 488b | 8424 0801 

  0x000002296c3c85b8: ;   {metadata(method data for {method} {0x000002291041fa60} 'append' '(J)Ljava/lang/StringBuilder;' in 'java/lang/StringBuilder')}
  0x000002296c3c85b8: 0000 48ba | d8e9 1653 | 2902 0000 | 4883 8210 | 0100 0001 | 488b 9424 | 0801 0000 

  0x000002296c3c85d4: ;   {optimized virtual_call}
  0x000002296c3c85d4: 6666 90e8 

  0x000002296c3c85d8: ; ImmutableOopMap {[272]=Oop [264]=Oop }
                      ;*invokespecial append {reexecute=0 rethrow=0 return_oop=0}
                      ; - java.lang.StringBuilder::append@2 (line 259)
                      ; - ai.onnxruntime.OrtSession::run@135 (line 368)
  0x000002296c3c85d8: a48d 1907 | 488b 8424 | 0801 0000 

  0x000002296c3c85e4: ;   {metadata(method data for {method} {0x0000022952ecfae0} 'run' '(Ljava/util/Map;Ljava/util/Set;Ljava/util/Map;Lai/onnxruntime/OrtSession$RunOptions;)Lai/onnxruntime/OrtSession$Result;' in 'ai/onnxruntime/OrtSession')}
  0x000002296c3c85e4: 49b8 a866 | 3753 2902 | 0000 4983 | 80a0 0400 

  0x000002296c3c85f4: ;   {metadata(method data for {method} {0x000002291041f850} 'append' '(Ljava/lang/String;)Ljava/lang/StringBuilder;' in 'java/lang/StringBuilder')}
  0x000002296c3c85f4: 0001 49b8 | e87d 0352 | 2902 0000 | 418b 90cc | 0000 0083 | c202 4189 | 90cc 0000 | 0081 e2fe 
  0x000002296c3c8614: ff1f 0083 | fa00 0f84 | fd47 0000 | 488b 8424 | 0801 0000 

  0x000002296c3c8628: ;   {metadata(method data for {method} {0x000002291041f850} 'append' '(Ljava/lang/String;)Ljava/lang/StringBuilder;' in 'java/lang/StringBuilder')}
  0x000002296c3c8628: 49b8 e87d | 0352 2902 | 0000 4983 | 8010 0100 

  0x000002296c3c8638: ;   {oop(") found "{0x000000064435e848})}
  0x000002296c3c8638: 0001 49b8 | 48e8 3544 | 0600 0000 | 488b 9424 | 0801 0000 

  0x000002296c3c864c: ;   {optimized virtual_call}
  0x000002296c3c864c: 6666 90e8 

  0x000002296c3c8650: ; ImmutableOopMap {[272]=Oop [264]=Oop }
                      ;*invokespecial append {reexecute=0 rethrow=0 return_oop=0}
                      ; - java.lang.StringBuilder::append@2 (line 179)
                      ; - ai.onnxruntime.OrtSession::run@140 (line 368)
  0x000002296c3c8650: 2c8d 1907 | 488b 8424 | 0801 0000 

  0x000002296c3c865c: ;   {metadata(method data for {method} {0x0000022952ecfae0} 'run' '(Ljava/util/Map;Ljava/util/Set;Ljava/util/Map;Lai/onnxruntime/OrtSession$RunOptions;)Lai/onnxruntime/OrtSession$Result;' in 'ai/onnxruntime/OrtSession')}
  0x000002296c3c865c: 49b8 a866 | 3753 2902 | 0000 4983 | 80d8 0400 

  0x000002296c3c866c: ;   {metadata(method data for {method} {0x000002291041fa08} 'append' '(I)Ljava/lang/StringBuilder;' in 'java/lang/StringBuilder')}
  0x000002296c3c866c: 0001 49b8 | 9081 0352 | 2902 0000 | 418b 90cc | 0000 0083 | c202 4189 | 90cc 0000 | 0081 e2fe 
  0x000002296c3c868c: ff1f 0083 | fa00 0f84 | a647 0000 | 488b 8424 | 0801 0000 

  0x000002296c3c86a0: ;   {metadata(method data for {method} {0x000002291041fa08} 'append' '(I)Ljava/lang/StringBuilder;' in 'java/lang/StringBuilder')}
  0x000002296c3c86a0: 49b8 9081 | 0352 2902 | 0000 4983 | 8010 0100 | 0001 448b | 8424 0401 | 0000 488b | 9424 0801 
  0x000002296c3c86c0: 0000 0f1f 

  0x000002296c3c86c4: ;   {optimized virtual_call}
  0x000002296c3c86c4: 4400 00e8 

  0x000002296c3c86c8: ; ImmutableOopMap {[272]=Oop [264]=Oop }
                      ;*invokespecial append {reexecute=0 rethrow=0 return_oop=0}
                      ; - java.lang.StringBuilder::append@2 (line 253)
                      ; - ai.onnxruntime.OrtSession::run@145 (line 368)
  0x000002296c3c86c8: b48c 1907 | 488b 8424 | 0801 0000 

  0x000002296c3c86d4: ;   {metadata(method data for {method} {0x0000022952ecfae0} 'run' '(Ljava/util/Map;Ljava/util/Set;Ljava/util/Map;Lai/onnxruntime/OrtSession$RunOptions;)Lai/onnxruntime/OrtSession$Result;' in 'ai/onnxruntime/OrtSession')}
  0x000002296c3c86d4: 48ba a866 | 3753 2902 | 0000 4883 | 8210 0500 

  0x000002296c3c86e4: ;   {metadata(method data for {method} {0x000002291041f170} 'toString' '()Ljava/lang/String;' in 'java/lang/StringBuilder')}
  0x000002296c3c86e4: 0001 48ba | 1085 0352 | 2902 0000 | 448b 82cc | 0000 0041 | 83c0 0244 | 8982 cc00 | 0000 4181 
  0x000002296c3c8704: e0fe ff1f | 0041 83f8 | 000f 844c | 4700 0048 | 8b84 2408 

  0x000002296c3c8718: ;   {metadata(method data for {method} {0x000002291041f170} 'toString' '()Ljava/lang/String;' in 'java/lang/StringBuilder')}
  0x000002296c3c8718: 0100 0048 | ba10 8503 | 5229 0200 | 0048 8382 | 1001 0000 

  0x000002296c3c872c: ;   {metadata(method data for {method} {0x000002291005d7b8} 'isLatin1' '()Z' in 'java/lang/AbstractStringBuilder')}
  0x000002296c3c872c: 0148 ba18 | 3a02 5229 | 0200 0044 | 8b82 cc00 | 0000 4183 | c002 4489 | 82cc 0000 | 0041 81e0 
  0x000002296c3c874c: feff 1f00 | 4183 f800 | 0f84 2647 

  0x000002296c3c8758: ;   {metadata(method data for {method} {0x000002291005d7b8} 'isLatin1' '()Z' in 'java/lang/AbstractStringBuilder')}
  0x000002296c3c8758: 0000 48ba | 183a 0252 | 2902 0000 | ff82 2001 | 0000 488b | 8424 0801 | 0000 0fbe | 5010 83fa 
  0x000002296c3c8778: ;   {metadata(method data for {method} {0x000002291005d7b8} 'isLatin1' '()Z' in 'java/lang/AbstractStringBuilder')}
  0x000002296c3c8778: 0048 ba18 | 3a02 5229 | 0200 0049 | c7c0 3001 | 0000 0f85 | 0700 0000 | 49c7 c040 | 0100 004e 
  0x000002296c3c8798: 8b0c 024d | 8d49 014e | 890c 020f | 851a 0000 

  0x000002296c3c87a8: ;   {metadata(method data for {method} {0x000002291005d7b8} 'isLatin1' '()Z' in 'java/lang/AbstractStringBuilder')}
  0x000002296c3c87a8: 0048 ba18 | 3a02 5229 | 0200 00ff | 8250 0100 | 00ba 0100 | 0000 e905 | 0000 00ba | 0000 0000 
  0x000002296c3c87c8: 83e2 0183 

  0x000002296c3c87cc: ;   {metadata(method data for {method} {0x000002291041f170} 'toString' '()Ljava/lang/String;' in 'java/lang/StringBuilder')}
  0x000002296c3c87cc: fa00 48ba | 1085 0352 | 2902 0000 | 49c7 c048 | 0100 000f | 8407 0000 | 0049 c7c0 | 5801 0000 
  0x000002296c3c87ec: 4e8b 0c02 | 4d8d 4901 | 4e89 0c02 | 0f84 4300 | 0000 8b50 | 1448 c1e2 | 0344 8b48 

  0x000002296c3c8808: ;   {metadata(method data for {method} {0x000002291041f170} 'toString' '()Ljava/lang/String;' in 'java/lang/StringBuilder')}
  0x000002296c3c8808: 0c49 b810 | 8503 5229 | 0200 0049 | 8380 6801 | 0000 0141 | b800 0000 | 0066 0f1f 

  0x000002296c3c8824: ;   {static_call}
  0x000002296c3c8824: 4400 00e8 

  0x000002296c3c8828: ; ImmutableOopMap {[272]=Oop }
                      ;*invokestatic newString {reexecute=0 rethrow=0 return_oop=0}
                      ; - java.lang.StringBuilder::toString@16 (line 453)
                      ; - ai.onnxruntime.OrtSession::run@148 (line 368)
  0x000002296c3c8828: 5491 1907 

  0x000002296c3c882c: ;   {metadata(method data for {method} {0x000002291041f170} 'toString' '()Ljava/lang/String;' in 'java/lang/StringBuilder')}
  0x000002296c3c882c: 48ba 1085 | 0352 2902 | 0000 ff82 | 7801 0000 | e9b0 4200 | 008b 5014 | 48c1 e203 | 448b 480c 
  0x000002296c3c884c: ;   {metadata(method data for {method} {0x000002291041f170} 'toString' '()Ljava/lang/String;' in 'java/lang/StringBuilder')}
  0x000002296c3c884c: 49b8 1085 | 0352 2902 | 0000 4983 | 8090 0100 | 0001 41b8 | 0000 0000 

  0x000002296c3c8864: ;   {static_call}
  0x000002296c3c8864: 6666 90e8 

  0x000002296c3c8868: ; ImmutableOopMap {[272]=Oop }
                      ;*invokestatic newString {reexecute=0 rethrow=0 return_oop=0}
                      ; - java.lang.StringBuilder::toString@31 (line 454)
                      ; - ai.onnxruntime.OrtSession::run@148 (line 368)
  0x000002296c3c8868: 1491 1907 | e980 4200 | 004c 8b84 | 24d0 0000 | 0049 8bf0 

  0x000002296c3c887c: ;   {metadata(method data for {method} {0x0000022952ecfae0} 'run' '(Ljava/util/Map;Ljava/util/Set;Ljava/util/Map;Lai/onnxruntime/OrtSession$RunOptions;)Lai/onnxruntime/OrtSession$Result;' in 'ai/onnxruntime/OrtSession')}
  0x000002296c3c887c: 48bf a866 | 3753 2902 | 0000 8b76 | 0849 ba00 | 0000 1029 | 0200 0049 | 03f2 483b | b768 0500 
  0x000002296c3c889c: 0075 0d48 | 8387 7005 | 0000 01e9 | 6600 0000 | 483b b778 | 0500 0075 | 0d48 8387 | 8005 0000 
  0x000002296c3c88bc: 01e9 5000 | 0000 4881 | bf68 0500 | 0000 0000 | 0075 1748 | 89b7 6805 | 0000 48c7 | 8770 0500 
  0x000002296c3c88dc: 0001 0000 | 00e9 2c00 | 0000 4881 | bf78 0500 | 0000 0000 | 0075 1748 | 89b7 7805 | 0000 48c7 
  0x000002296c3c88fc: 8780 0500 | 0001 0000 | 00e9 0800 | 0000 4883 | 8758 0500 | 0001 498b | d048 b810 | 4610 1029 
  0x000002296c3c891c: ;   {virtual_call}
  0x000002296c3c891c: 0200 00e8 

  0x000002296c3c8920: ; ImmutableOopMap {[224]=Oop [216]=Oop [232]=Oop [200]=Oop [208]=Oop }
                      ;*invokeinterface size {reexecute=0 rethrow=0 return_oop=0}
                      ; - ai.onnxruntime.OrtSession::run@156 (line 374)
  0x000002296c3c8920: fce8 a707 

  0x000002296c3c8924: ;   {metadata('java/lang/String'[])}
  0x000002296c3c8924: 488b d848 | bac0 8c01 | 1029 0200 | 0048 63db | 488b fb48 | 81fb ffff | ff00 0f87 | 5d45 0000 
  0x000002296c3c8944: 48be 1700 | 0000 0000 | 0000 488d | 349e 4883 | e6f8 498b | 8708 0100 | 0048 8d34 | 3049 3bb7 
  0x000002296c3c8964: 1801 0000 | 0f87 3345 | 0000 4989 | b708 0100 | 0048 2bf0 | 48c7 0001 | 0000 0048 | 8bca 49ba 
  0x000002296c3c8984: 0000 0010 | 2902 0000 | 492b ca89 | 4808 8958 | 0c48 83ee | 100f 841a | 0000 0048 | 85f6 0f84 
  0x000002296c3c89a4: 1100 0000 | 4833 db48 | c1ee 0348 | 895c f008 | 48ff ce75 | f648 8984 | 2418 0100 | 004c 8b84 
  0x000002296c3c89c4: 24d0 0000 

  0x000002296c3c89c8: ;   {metadata(method data for {method} {0x0000022952ecfae0} 'run' '(Ljava/util/Map;Ljava/util/Set;Ljava/util/Map;Lai/onnxruntime/OrtSession$RunOptions;)Lai/onnxruntime/OrtSession$Result;' in 'ai/onnxruntime/OrtSession')}
  0x000002296c3c89c8: 0048 baa8 | 6637 5329 | 0200 0045 | 8b40 0849 | ba00 0000 | 1029 0200 | 004d 03c2 | 4c3b 82a0 
  0x000002296c3c89e8: 0500 0075 | 0d48 8382 | a805 0000 | 01e9 6600 | 0000 4c3b | 82b0 0500 | 0075 0d48 | 8382 b805 
  0x000002296c3c8a08: 0000 01e9 | 5000 0000 | 4881 baa0 | 0500 0000 | 0000 0075 | 174c 8982 | a005 0000 | 48c7 82a8 
  0x000002296c3c8a28: 0500 0001 | 0000 00e9 | 2c00 0000 | 4881 bab0 | 0500 0000 | 0000 0075 | 174c 8982 | b005 0000 
  0x000002296c3c8a48: 48c7 82b8 | 0500 0001 | 0000 00e9 | 0800 0000 | 4883 8290 | 0500 0001 | 488b 9424 | d000 0000 
  0x000002296c3c8a68: 0f1f 4400 | 0048 b810 | 4610 1029 

  0x000002296c3c8a74: ;   {virtual_call}
  0x000002296c3c8a74: 0200 00e8 

  0x000002296c3c8a78: ; ImmutableOopMap {[224]=Oop [216]=Oop [232]=Oop [200]=Oop [208]=Oop [280]=Oop }
                      ;*invokeinterface size {reexecute=0 rethrow=0 return_oop=0}
                      ; - ai.onnxruntime.OrtSession::run@167 (line 375)
  0x000002296c3c8a78: a4e7 a707 

  0x000002296c3c8a7c: ;   {metadata({type array long})}
  0x000002296c3c8a7c: 488b d848 | ba60 1100 | 1029 0200 | 0048 63db | 488b fb48 | 81fb ffff | ff00 0f87 | 0f44 0000 
  0x000002296c3c8a9c: 48be 1700 | 0000 0000 | 0000 488d | 34de 4883 | e6f8 498b | 8708 0100 | 0048 8d34 | 3049 3bb7 
  0x000002296c3c8abc: 1801 0000 | 0f87 e543 | 0000 4989 | b708 0100 | 0048 2bf0 | 48c7 0001 | 0000 0048 | 8bca 49ba 
  0x000002296c3c8adc: 0000 0010 | 2902 0000 | 492b ca89 | 4808 8958 | 0c48 83ee | 100f 841a | 0000 0048 | 85f6 0f84 
  0x000002296c3c8afc: 1100 0000 | 4833 db48 | c1ee 0348 | 895c f008 | 48ff ce75 | f648 8984 | 2420 0100 | 004c 8b84 
  0x000002296c3c8b1c: 24d0 0000 

  0x000002296c3c8b20: ;   {metadata(method data for {method} {0x0000022952ecfae0} 'run' '(Ljava/util/Map;Ljava/util/Set;Ljava/util/Map;Lai/onnxruntime/OrtSession$RunOptions;)Lai/onnxruntime/OrtSession$Result;' in 'ai/onnxruntime/OrtSession')}
  0x000002296c3c8b20: 0048 baa8 | 6637 5329 | 0200 0045 | 8b40 0849 | ba00 0000 | 1029 0200 | 004d 03c2 | 4c3b 82d8 
  0x000002296c3c8b40: 0500 0075 | 0d48 8382 | e005 0000 | 01e9 6600 | 0000 4c3b | 82e8 0500 | 0075 0d48 | 8382 f005 
  0x000002296c3c8b60: 0000 01e9 | 5000 0000 | 4881 bad8 | 0500 0000 | 0000 0075 | 174c 8982 | d805 0000 | 48c7 82e0 
  0x000002296c3c8b80: 0500 0001 | 0000 00e9 | 2c00 0000 | 4881 bae8 | 0500 0000 | 0000 0075 | 174c 8982 | e805 0000 
  0x000002296c3c8ba0: 48c7 82f0 | 0500 0001 | 0000 00e9 | 0800 0000 | 4883 82c8 | 0500 0001 | 488b 9424 | d000 0000 
  0x000002296c3c8bc0: 0f1f 4400 | 0048 b810 | 4610 1029 

  0x000002296c3c8bcc: ;   {virtual_call}
  0x000002296c3c8bcc: 0200 00e8 

  0x000002296c3c8bd0: ; ImmutableOopMap {[224]=Oop [216]=Oop [232]=Oop [200]=Oop [280]=Oop [288]=Oop }
                      ;*invokeinterface entrySet {reexecute=0 rethrow=0 return_oop=0}
                      ; - ai.onnxruntime.OrtSession::run@180 (line 377)
  0x000002296c3c8bd0: 2c36 7000 

  0x000002296c3c8bd4: ; implicit exception: dispatches to 0x000002296c3cceb5
  0x000002296c3c8bd4: 483b 0048 

  0x000002296c3c8bd8: ;   {metadata(method data for {method} {0x0000022952ecfae0} 'run' '(Ljava/util/Map;Ljava/util/Set;Ljava/util/Map;Lai/onnxruntime/OrtSession$RunOptions;)Lai/onnxruntime/OrtSession$Result;' in 'ai/onnxruntime/OrtSession')}
  0x000002296c3c8bd8: 8bd0 48be | a866 3753 | 2902 0000 | 8b52 0849 | ba00 0000 | 1029 0200 | 0049 03d2 | 483b 9610 
  0x000002296c3c8bf8: 0600 0075 | 0d48 8386 | 1806 0000 | 01e9 6600 | 0000 483b | 9620 0600 | 0075 0d48 | 8386 2806 
  0x000002296c3c8c18: 0000 01e9 | 5000 0000 | 4881 be10 | 0600 0000 | 0000 0075 | 1748 8996 | 1006 0000 | 48c7 8618 
  0x000002296c3c8c38: 0600 0001 | 0000 00e9 | 2c00 0000 | 4881 be20 | 0600 0000 | 0000 0075 | 1748 8996 | 2006 0000 
  0x000002296c3c8c58: 48c7 8628 | 0600 0001 | 0000 00e9 | 0800 0000 | 4883 8600 | 0600 0001 | 488b d066 | 9048 b870 
  0x000002296c3c8c78: 6410 1029 

  0x000002296c3c8c7c: ;   {virtual_call}
  0x000002296c3c8c7c: 0200 00e8 

  0x000002296c3c8c80: ; ImmutableOopMap {[224]=Oop [216]=Oop [232]=Oop [200]=Oop [280]=Oop [288]=Oop }
                      ;*invokeinterface iterator {reexecute=0 rethrow=0 return_oop=0}
                      ; - ai.onnxruntime.OrtSession::run@185 (line 377)
  0x000002296c3c8c80: bc44 7000 | 4889 8424 | 2801 0000 | be00 0000 | 0089 b424 | 3001 0000 | e97a 0900 | 0066 6690 
  0x000002296c3c8ca0: 488b 8424 | 2801 0000 

  0x000002296c3c8ca8: ;   {metadata(method data for {method} {0x0000022952ecfae0} 'run' '(Ljava/util/Map;Ljava/util/Set;Ljava/util/Map;Lai/onnxruntime/OrtSession$RunOptions;)Lai/onnxruntime/OrtSession$Result;' in 'ai/onnxruntime/OrtSession')}
  0x000002296c3c8ca8: 48be a866 | 3753 2902 | 0000 8b40 | 0849 ba00 | 0000 1029 | 0200 0049 | 03c2 483b | 86a0 0600 
  0x000002296c3c8cc8: 0075 0d48 | 8386 a806 | 0000 01e9 | 6600 0000 | 483b 86b0 | 0600 0075 | 0d48 8386 | b806 0000 
  0x000002296c3c8ce8: 01e9 5000 | 0000 4881 | bea0 0600 | 0000 0000 | 0075 1748 | 8986 a006 | 0000 48c7 | 86a8 0600 
  0x000002296c3c8d08: 0001 0000 | 00e9 2c00 | 0000 4881 | beb0 0600 | 0000 0000 | 0075 1748 | 8986 b006 | 0000 48c7 
  0x000002296c3c8d28: 86b8 0600 | 0001 0000 | 00e9 0800 | 0000 4883 | 8690 0600 | 0001 488b | 9424 2801 | 0000 0f1f 
  0x000002296c3c8d48: 8000 0000 | 0048 b8a8 | 431d 1029 

  0x000002296c3c8d54: ;   {virtual_call}
  0x000002296c3c8d54: 0200 00e8 

  0x000002296c3c8d58: ; ImmutableOopMap {[224]=Oop [216]=Oop [232]=Oop [288]=Oop [296]=Oop [280]=Oop [200]=Oop }
                      ;*invokeinterface next {reexecute=0 rethrow=0 return_oop=0}
                      ; - ai.onnxruntime.OrtSession::run@204 (line 377)
  0x000002296c3c8d58: e49e 6100 | 4883 f800 

  0x000002296c3c8d60: ;   {metadata(method data for {method} {0x0000022952ecfae0} 'run' '(Ljava/util/Map;Ljava/util/Set;Ljava/util/Map;Lai/onnxruntime/OrtSession$RunOptions;)Lai/onnxruntime/OrtSession$Result;' in 'ai/onnxruntime/OrtSession')}
  0x000002296c3c8d60: 7516 48bf | a866 3753 | 2902 0000 | 808f c106 | 0000 01e9 | ee00 0000 

  0x000002296c3c8d78: ;   {metadata('java/util/Map$Entry')}
  0x000002296c3c8d78: 48bb 708f | 0110 2902 | 0000 8b78 | 0849 ba00 | 0000 1029 | 0200 0049 | 03fa 483b | 5f20 0f84 
  0x000002296c3c8d98: 1b00 0000 | 483b fb0f | 8412 0000 

  0x000002296c3c8da4: ;   {runtime_call slow_subtype_check Runtime1 stub}
  0x000002296c3c8da4: 0057 53e8 | d403 2407 | 5f5f 83ff | 000f 8493 

  0x000002296c3c8db4: ;   {metadata(method data for {method} {0x0000022952ecfae0} 'run' '(Ljava/util/Map;Ljava/util/Set;Ljava/util/Map;Lai/onnxruntime/OrtSession$RunOptions;)Lai/onnxruntime/OrtSession$Result;' in 'ai/onnxruntime/OrtSession')}
  0x000002296c3c8db4: 0000 0048 | bfa8 6637 | 5329 0200 | 008b 5808 | 49ba 0000 | 0010 2902 | 0000 4903 | da48 3b9f 
  0x000002296c3c8dd4: d806 0000 | 750d 4883 | 87e0 0600 | 0001 e97f | 0000 0048 | 3b9f e806 | 0000 750d | 4883 87f0 
  0x000002296c3c8df4: 0600 0001 | e969 0000 | 0048 81bf | d806 0000 | 0000 0000 | 7517 4889 | 9fd8 0600 | 0048 c787 
  0x000002296c3c8e14: e006 0000 | 0100 0000 | e945 0000 | 0048 81bf | e806 0000 | 0000 0000 | 7517 4889 | 9fe8 0600 
  0x000002296c3c8e34: 0048 c787 | f006 0000 | 0100 0000 | e921 0000 | 00e9 1c00 

  0x000002296c3c8e48: ;   {metadata(method data for {method} {0x0000022952ecfae0} 'run' '(Ljava/util/Map;Ljava/util/Set;Ljava/util/Map;Lai/onnxruntime/OrtSession$RunOptions;)Lai/onnxruntime/OrtSession$Result;' in 'ai/onnxruntime/OrtSession')}
  0x000002296c3c8e48: 0000 48bf | a866 3753 | 2902 0000 | 4883 afc8 | 0600 0001 | e959 4000 | 00e9 0000 | 0000 488b 
  0x000002296c3c8e68: f048 89b4 | 2440 0100 | 0048 8b94 | 24c8 0000 | 008b 7a2c | 48c1 e703 

  0x000002296c3c8e80: ; implicit exception: dispatches to 0x000002296c3ccec3
  0x000002296c3c8e80: 483b 0648 

  0x000002296c3c8e84: ;   {metadata(method data for {method} {0x0000022952ecfae0} 'run' '(Ljava/util/Map;Ljava/util/Set;Ljava/util/Map;Lai/onnxruntime/OrtSession$RunOptions;)Lai/onnxruntime/OrtSession$Result;' in 'ai/onnxruntime/OrtSession')}
  0x000002296c3c8e84: 8bde 48b8 | a866 3753 | 2902 0000 | 8b5b 0849 | ba00 0000 | 1029 0200 | 0049 03da | 483b 9810 
  0x000002296c3c8ea4: 0700 0075 | 0d48 8380 | 1807 0000 | 01e9 6600 | 0000 483b | 9820 0700 | 0075 0d48 | 8380 2807 
  0x000002296c3c8ec4: 0000 01e9 | 5000 0000 | 4881 b810 | 0700 0000 | 0000 0075 | 1748 8998 | 1007 0000 | 48c7 8018 
  0x000002296c3c8ee4: 0700 0001 | 0000 00e9 | 2c00 0000 | 4881 b820 | 0700 0000 | 0000 0075 | 1748 8998 | 2007 0000 
  0x000002296c3c8f04: 48c7 8028 | 0700 0001 | 0000 00e9 | 0800 0000 | 4883 8000 | 0700 0001 | 488b d648 | 89bc 2438 
  0x000002296c3c8f24: 0100 0066 | 0f1f 4400 | 0048 b880 | b719 1029 

  0x000002296c3c8f34: ;   {virtual_call}
  0x000002296c3c8f34: 0200 00e8 

  0x000002296c3c8f38: ; ImmutableOopMap {[224]=Oop [216]=Oop [232]=Oop [288]=Oop [296]=Oop [280]=Oop [312]=Oop [320]=Oop [200]=Oop }
                      ;*invokeinterface getKey {reexecute=0 rethrow=0 return_oop=0}
                      ; - ai.onnxruntime.OrtSession::run@220 (line 378)
  0x000002296c3c8f38: 64c5 a407 | 488b bc24 | 3801 0000 

  0x000002296c3c8f44: ; implicit exception: dispatches to 0x000002296c3ccec8
  0x000002296c3c8f44: 483b 074c 

  0x000002296c3c8f48: ;   {metadata(method data for {method} {0x0000022952ecfae0} 'run' '(Ljava/util/Map;Ljava/util/Set;Ljava/util/Map;Lai/onnxruntime/OrtSession$RunOptions;)Lai/onnxruntime/OrtSession$Result;' in 'ai/onnxruntime/OrtSession')}
  0x000002296c3c8f48: 8bc7 48ba | a866 3753 | 2902 0000 | 458b 4008 | 49ba 0000 | 0010 2902 | 0000 4d03 | c24c 3b82 
  0x000002296c3c8f68: 4807 0000 | 750d 4883 | 8250 0700 | 0001 e966 | 0000 004c | 3b82 5807 | 0000 750d | 4883 8260 
  0x000002296c3c8f88: 0700 0001 | e950 0000 | 0048 81ba | 4807 0000 | 0000 0000 | 7517 4c89 | 8248 0700 | 0048 c782 
  0x000002296c3c8fa8: 5007 0000 | 0100 0000 | e92c 0000 | 0048 81ba | 5807 0000 | 0000 0000 | 7517 4c89 | 8258 0700 
  0x000002296c3c8fc8: 0048 c782 | 6007 0000 | 0100 0000 | e908 0000 | 0048 8382 | 3807 0000 | 014c 8bc0 | 488b d766 
  0x000002296c3c8fe8: 0f1f 4400 | 0048 b820 | ad0e 1029 

  0x000002296c3c8ff4: ;   {virtual_call}
  0x000002296c3c8ff4: 0200 00e8 

  0x000002296c3c8ff8: ; ImmutableOopMap {[224]=Oop [216]=Oop [232]=Oop [288]=Oop [296]=Oop [280]=Oop [320]=Oop [200]=Oop }
                      ;*invokeinterface contains {reexecute=0 rethrow=0 return_oop=0}
                      ; - ai.onnxruntime.OrtSession::run@225 (line 378)
  0x000002296c3c8ff8: c421 e4ff 

  0x000002296c3c8ffc: ;   {metadata(method data for {method} {0x0000022952ecfae0} 'run' '(Ljava/util/Map;Ljava/util/Set;Ljava/util/Map;Lai/onnxruntime/OrtSession$RunOptions;)Lai/onnxruntime/OrtSession$Result;' in 'ai/onnxruntime/OrtSession')}
  0x000002296c3c8ffc: 83f8 0048 | baa8 6637 | 5329 0200 | 0048 c7c6 | 7007 0000 | 0f84 0700 | 0000 48c7 | c680 0700 
  0x000002296c3c901c: 0048 8b3c | 3248 8d7f | 0148 893c | 320f 84d5 | 0600 0048 | 8b94 2440 

  0x000002296c3c9034: ;   {metadata(method data for {method} {0x0000022952ecfae0} 'run' '(Ljava/util/Map;Ljava/util/Set;Ljava/util/Map;Lai/onnxruntime/OrtSession$RunOptions;)Lai/onnxruntime/OrtSession$Result;' in 'ai/onnxruntime/OrtSession')}
  0x000002296c3c9034: 0100 0048 | bba8 6637 | 5329 0200 | 008b 5208 | 49ba 0000 | 0010 2902 | 0000 4903 | d248 3b93 
  0x000002296c3c9054: a007 0000 | 750d 4883 | 83a8 0700 | 0001 e966 | 0000 0048 | 3b93 b007 | 0000 750d | 4883 83b8 
  0x000002296c3c9074: 0700 0001 | e950 0000 | 0048 81bb | a007 0000 | 0000 0000 | 7517 4889 | 93a0 0700 | 0048 c783 
  0x000002296c3c9094: a807 0000 | 0100 0000 | e92c 0000 | 0048 81bb | b007 0000 | 0000 0000 | 7517 4889 | 93b0 0700 
  0x000002296c3c90b4: 0048 c783 | b807 0000 | 0100 0000 | e908 0000 | 0048 8383 | 9007 0000 | 0148 8b94 | 2440 0100 
  0x000002296c3c90d4: 0048 b880 | b719 1029 

  0x000002296c3c90dc: ;   {virtual_call}
  0x000002296c3c90dc: 0200 00e8 

  0x000002296c3c90e0: ; ImmutableOopMap {[224]=Oop [216]=Oop [232]=Oop [296]=Oop [320]=Oop [200]=Oop [280]=Oop [288]=Oop }
                      ;*invokeinterface getKey {reexecute=0 rethrow=0 return_oop=0}
                      ; - ai.onnxruntime.OrtSession::run@239 (line 379)
  0x000002296c3c90e0: bcc3 a407 | 4883 f800 

  0x000002296c3c90e8: ;   {metadata(method data for {method} {0x0000022952ecfae0} 'run' '(Ljava/util/Map;Ljava/util/Set;Ljava/util/Map;Lai/onnxruntime/OrtSession$RunOptions;)Lai/onnxruntime/OrtSession$Result;' in 'ai/onnxruntime/OrtSession')}
  0x000002296c3c90e8: 7516 48bf | a866 3753 | 2902 0000 | 808f c107 | 0000 01e9 | d200 0000 

  0x000002296c3c9100: ;   {metadata('java/lang/String')}
  0x000002296c3c9100: 48bb e0e9 | 0010 2902 | 0000 8b70 | 0849 ba00 | 0000 1029 | 0200 0049 | 03f2 483b | de0f 8593 
  0x000002296c3c9120: ;   {metadata(method data for {method} {0x0000022952ecfae0} 'run' '(Ljava/util/Map;Ljava/util/Set;Ljava/util/Map;Lai/onnxruntime/OrtSession$RunOptions;)Lai/onnxruntime/OrtSession$Result;' in 'ai/onnxruntime/OrtSession')}
  0x000002296c3c9120: 0000 0048 | bfa8 6637 | 5329 0200 | 008b 5808 | 49ba 0000 | 0010 2902 | 0000 4903 | da48 3b9f 
  0x000002296c3c9140: d807 0000 | 750d 4883 | 87e0 0700 | 0001 e97f | 0000 0048 | 3b9f e807 | 0000 750d | 4883 87f0 
  0x000002296c3c9160: 0700 0001 | e969 0000 | 0048 81bf | d807 0000 | 0000 0000 | 7517 4889 | 9fd8 0700 | 0048 c787 
  0x000002296c3c9180: e007 0000 | 0100 0000 | e945 0000 | 0048 81bf | e807 0000 | 0000 0000 | 7517 4889 | 9fe8 0700 
  0x000002296c3c91a0: 0048 c787 | f007 0000 | 0100 0000 | e921 0000 | 00e9 1c00 

  0x000002296c3c91b4: ;   {metadata(method data for {method} {0x0000022952ecfae0} 'run' '(Ljava/util/Map;Ljava/util/Set;Ljava/util/Map;Lai/onnxruntime/OrtSession$RunOptions;)Lai/onnxruntime/OrtSession$Result;' in 'ai/onnxruntime/OrtSession')}
  0x000002296c3c91b4: 0000 48bf | a866 3753 | 2902 0000 | 4883 afc8 | 0700 0001 | e900 3d00 | 00e9 0000 | 0000 488b 
  0x000002296c3c91d4: d048 8b84 | 2418 0100 | 008b b424 | 3001 0000 | 3b70 0c0f | 83e9 3c00 | 0048 83fa 

  0x000002296c3c91f0: ;   {metadata(method data for {method} {0x0000022952ecfae0} 'run' '(Ljava/util/Map;Ljava/util/Set;Ljava/util/Map;Lai/onnxruntime/OrtSession$RunOptions;)Lai/onnxruntime/OrtSession$Result;' in 'ai/onnxruntime/OrtSession')}
  0x000002296c3c91f0: 0075 1648 | bba8 6637 | 5329 0200 | 0080 8bf9 | 0700 0001 | e9ff 0000 | 008b 7808 | 49ba 0000 
  0x000002296c3c9210: 0010 2902 | 0000 4903 | fa8b 5a08 | 49ba 0000 | 0010 2902 | 0000 4903 | da48 8bbf | e000 0000 
  0x000002296c3c9230: 483b df0f | 8428 0000 | 008b 4f14 | 483b 3c0b | 0f84 1b00 | 0000 83f9 | 200f 85a2 | 0000 0053 
  0x000002296c3c9250: ;   {runtime_call slow_subtype_check Runtime1 stub}
  0x000002296c3c9250: 57e8 2aff | 2307 5b5f | 83ff 000f | 8490 0000 

  0x000002296c3c9260: ;   {metadata(method data for {method} {0x0000022952ecfae0} 'run' '(Ljava/util/Map;Ljava/util/Set;Ljava/util/Map;Lai/onnxruntime/OrtSession$RunOptions;)Lai/onnxruntime/OrtSession$Result;' in 'ai/onnxruntime/OrtSession')}
  0x000002296c3c9260: 0048 bba8 | 6637 5329 | 0200 008b | 7a08 49ba | 0000 0010 | 2902 0000 | 4903 fa48 | 3bbb 1008 
  0x000002296c3c9280: 0000 750d | 4883 8318 | 0800 0001 | e977 0000 | 0048 3bbb | 2008 0000 | 750d 4883 | 8328 0800 
  0x000002296c3c92a0: 0001 e961 | 0000 0048 | 81bb 1008 | 0000 0000 | 0000 7517 | 4889 bb10 | 0800 0048 | c783 1808 
  0x000002296c3c92c0: 0000 0100 | 0000 e93d | 0000 0048 | 81bb 2008 | 0000 0000 | 0000 7517 | 4889 bb20 | 0800 0048 
  0x000002296c3c92e0: c783 2808 | 0000 0100 | 0000 e919 | 0000 00eb 

  0x000002296c3c92f0: ;   {metadata(method data for {method} {0x0000022952ecfae0} 'run' '(Ljava/util/Map;Ljava/util/Set;Ljava/util/Map;Lai/onnxruntime/OrtSession$RunOptions;)Lai/onnxruntime/OrtSession$Result;' in 'ai/onnxruntime/OrtSession')}
  0x000002296c3c92f0: 1748 bba8 | 6637 5329 | 0200 0048 | 83ab 0008 | 0000 01e9 | e13b 0000 | 4863 fe48 | 8d7c b810 
  0x000002296c3c9310: 410f be5f | 3883 fb00 | 0f85 d43b | 0000 4c8b | d249 c1ea | 0344 8917 | 488b df48 | 33da 48c1 
  0x000002296c3c9330: eb16 4883 | fb00 0f85 | d43b 0000 | 488b 9424 | 4001 0000 

  0x000002296c3c9344: ;   {metadata(method data for {method} {0x0000022952ecfae0} 'run' '(Ljava/util/Map;Ljava/util/Set;Ljava/util/Map;Lai/onnxruntime/OrtSession$RunOptions;)Lai/onnxruntime/OrtSession$Result;' in 'ai/onnxruntime/OrtSession')}
  0x000002296c3c9344: 48bf a866 | 3753 2902 | 0000 8b52 | 0849 ba00 | 0000 1029 | 0200 0049 | 03d2 483b | 9748 0800 
  0x000002296c3c9364: 0075 0d48 | 8387 5008 | 0000 01e9 | 6600 0000 | 483b 9758 | 0800 0075 | 0d48 8387 | 6008 0000 
  0x000002296c3c9384: 01e9 5000 | 0000 4881 | bf48 0800 | 0000 0000 | 0075 1748 | 8997 4808 | 0000 48c7 | 8750 0800 
  0x000002296c3c93a4: 0001 0000 | 00e9 2c00 | 0000 4881 | bf58 0800 | 0000 0000 | 0075 1748 | 8997 5808 | 0000 48c7 
  0x000002296c3c93c4: 8760 0800 | 0001 0000 | 00e9 0800 | 0000 4883 | 8738 0800 | 0001 488b | 9424 4001 | 0000 89b4 
  0x000002296c3c93e4: 2430 0100 | 000f 1f40 | 0048 b880 | b719 1029 

  0x000002296c3c93f4: ;   {virtual_call}
  0x000002296c3c93f4: 0200 00e8 

  0x000002296c3c93f8: ; ImmutableOopMap {[224]=Oop [216]=Oop [232]=Oop [296]=Oop [200]=Oop [288]=Oop [280]=Oop }
                      ;*invokeinterface getValue {reexecute=0 rethrow=0 return_oop=0}
                      ; - ai.onnxruntime.OrtSession::run@254 (line 380)
  0x000002296c3c93f8: 240b ad07 | 4883 f800 

  0x000002296c3c9400: ;   {metadata(method data for {method} {0x0000022952ecfae0} 'run' '(Ljava/util/Map;Ljava/util/Set;Ljava/util/Map;Lai/onnxruntime/OrtSession$RunOptions;)Lai/onnxruntime/OrtSession$Result;' in 'ai/onnxruntime/OrtSession')}
  0x000002296c3c9400: 7516 48bf | a866 3753 | 2902 0000 | 808f 6908 | 0000 01e9 | d300 0000 

  0x000002296c3c9418: ;   {metadata('ai/onnxruntime/OnnxTensorLike')}
  0x000002296c3c9418: 48ba a835 | 2911 2902 | 0000 8b78 | 0849 ba00 | 0000 1029 | 0200 0049 | 03fa 483b | 5738 0f85 
  0x000002296c3c9438: 9300 0000 

  0x000002296c3c943c: ;   {metadata(method data for {method} {0x0000022952ecfae0} 'run' '(Ljava/util/Map;Ljava/util/Set;Ljava/util/Map;Lai/onnxruntime/OrtSession$RunOptions;)Lai/onnxruntime/OrtSession$Result;' in 'ai/onnxruntime/OrtSession')}
  0x000002296c3c943c: 48bf a866 | 3753 2902 | 0000 8b50 | 0849 ba00 | 0000 1029 | 0200 0049 | 03d2 483b | 9780 0800 
  0x000002296c3c945c: 0075 0d48 | 8387 8808 | 0000 01e9 | 7f00 0000 | 483b 9790 | 0800 0075 | 0d48 8387 | 9808 0000 
  0x000002296c3c947c: 01e9 6900 | 0000 4881 | bf80 0800 | 0000 0000 | 0075 1748 | 8997 8008 | 0000 48c7 | 8788 0800 
  0x000002296c3c949c: 0001 0000 | 00e9 4500 | 0000 4881 | bf90 0800 | 0000 0000 | 0075 1748 | 8997 9008 | 0000 48c7 
  0x000002296c3c94bc: 8798 0800 | 0001 0000 | 00e9 2100 | 0000 e91c 

  0x000002296c3c94cc: ;   {metadata(method data for {method} {0x0000022952ecfae0} 'run' '(Ljava/util/Map;Ljava/util/Set;Ljava/util/Map;Lai/onnxruntime/OrtSession$RunOptions;)Lai/onnxruntime/OrtSession$Result;' in 'ai/onnxruntime/OrtSession')}
  0x000002296c3c94cc: 0000 0048 | bfa8 6637 | 5329 0200 | 0048 83af | 7008 0000 | 01e9 423a | 0000 e900 | 0000 0048 
  0x000002296c3c94ec: 8bd0 483b | 0248 8bf2 

  0x000002296c3c94f4: ;   {metadata(method data for {method} {0x0000022952ecfae0} 'run' '(Ljava/util/Map;Ljava/util/Set;Ljava/util/Map;Lai/onnxruntime/OrtSession$RunOptions;)Lai/onnxruntime/OrtSession$Result;' in 'ai/onnxruntime/OrtSession')}
  0x000002296c3c94f4: 48bf a866 | 3753 2902 | 0000 8b76 | 0849 ba00 | 0000 1029 | 0200 0049 | 03f2 483b | b7b8 0800 
  0x000002296c3c9514: 0075 0d48 | 8387 c008 | 0000 01e9 | 6600 0000 | 483b b7c8 | 0800 0075 | 0d48 8387 | d008 0000 
  0x000002296c3c9534: 01e9 5000 | 0000 4881 | bfb8 0800 | 0000 0000 | 0075 1748 | 89b7 b808 | 0000 48c7 | 87c0 0800 
  0x000002296c3c9554: 0001 0000 | 00e9 2c00 | 0000 4881 | bfc8 0800 | 0000 0000 | 0075 1748 | 89b7 c808 | 0000 48c7 
  0x000002296c3c9574: 87d0 0800 | 0001 0000 | 00e9 0800 | 0000 4883 | 87a8 0800 | 0001 488b | 7210 488b | 8424 2001 
  0x000002296c3c9594: 0000 8b94 | 2430 0100 | 003b 500c | 0f83 9039 | 0000 4863 | fa48 8974 | f810 488b 

  0x000002296c3c95b0: ;   {metadata(method data for {method} {0x0000022952ecfae0} 'run' '(Ljava/util/Map;Ljava/util/Set;Ljava/util/Map;Lai/onnxruntime/OrtSession$RunOptions;)Lai/onnxruntime/OrtSession$Result;' in 'ai/onnxruntime/OrtSession')}
  0x000002296c3c95b0: f2ff c648 | baa8 6637 | 5329 0200 | 00ff 82e0 

  0x000002296c3c95c0: ;   {metadata(method data for {method} {0x0000022952ecfae0} 'run' '(Ljava/util/Map;Ljava/util/Set;Ljava/util/Map;Lai/onnxruntime/OrtSession$RunOptions;)Lai/onnxruntime/OrtSession$Result;' in 'ai/onnxruntime/OrtSession')}
  0x000002296c3c95c0: 0800 0048 | baa8 6637 | 5329 0200 | 008b bad0 | 0000 0083 | c702 89ba | d000 0000 | 81e7 fe3f 
  0x000002296c3c95e0: 0000 83ff | 000f 8459 | 3900 004d | 8b97 5003 

  0x000002296c3c95f0: ; ImmutableOopMap {[224]=Oop [216]=Oop [232]=Oop [296]=Oop [200]=Oop [280]=Oop rax=Oop [288]=Oop }
                      ;*goto {reexecute=1 rethrow=0 return_oop=0}
                      ; - (reexecute) ai.onnxruntime.OrtSession::run@323 (line 386)
                      ;   {poll}
  0x000002296c3c95f0: 0000 4185 

  0x000002296c3c95f4: ;   {metadata(method data for {method} {0x0000022952ecfae0} 'run' '(Ljava/util/Map;Ljava/util/Set;Ljava/util/Map;Lai/onnxruntime/OrtSession$RunOptions;)Lai/onnxruntime/OrtSession$Result;' in 'ai/onnxruntime/OrtSession')}
  0x000002296c3c95f4: 0248 baa8 | 6637 5329 | 0200 00ff | 82d8 0a00 | 0048 8bd6 | 8994 2430 | 0100 0048 | 8b84 2428 
  0x000002296c3c9614: 0100 0048 | 3b00 488b 

  0x000002296c3c961c: ;   {metadata(method data for {method} {0x0000022952ecfae0} 'run' '(Ljava/util/Map;Ljava/util/Set;Ljava/util/Map;Lai/onnxruntime/OrtSession$RunOptions;)Lai/onnxruntime/OrtSession$Result;' in 'ai/onnxruntime/OrtSession')}
  0x000002296c3c961c: c849 b8a8 | 6637 5329 | 0200 008b | 4908 49ba | 0000 0010 | 2902 0000 | 4903 ca49 | 3b88 4806 
  0x000002296c3c963c: 0000 750d | 4983 8050 | 0600 0001 | e966 0000 | 0049 3b88 | 5806 0000 | 750d 4983 | 8060 0600 
  0x000002296c3c965c: 0001 e950 | 0000 0049 | 81b8 4806 | 0000 0000 | 0000 7517 | 4989 8848 | 0600 0049 | c780 5006 
  0x000002296c3c967c: 0000 0100 | 0000 e92c | 0000 0049 | 81b8 5806 | 0000 0000 | 0000 7517 | 4989 8858 | 0600 0049 
  0x000002296c3c969c: c780 6006 | 0000 0100 | 0000 e908 | 0000 0049 | 8380 3806 | 0000 0148 | 8bd0 0f1f | 8000 0000 
  0x000002296c3c96bc: 0048 b8a8 | 431d 1029 

  0x000002296c3c96c4: ;   {virtual_call}
  0x000002296c3c96c4: 0200 00e8 

  0x000002296c3c96c8: ; ImmutableOopMap {[224]=Oop [216]=Oop [232]=Oop [200]=Oop [288]=Oop [296]=Oop [280]=Oop }
                      ;*invokeinterface hasNext {reexecute=0 rethrow=0 return_oop=0}
                      ; - ai.onnxruntime.OrtSession::run@194 (line 377)
  0x000002296c3c96c8: 54f0 9107 

  0x000002296c3c96cc: ;   {metadata(method data for {method} {0x0000022952ecfae0} 'run' '(Ljava/util/Map;Ljava/util/Set;Ljava/util/Map;Lai/onnxruntime/OrtSession$RunOptions;)Lai/onnxruntime/OrtSession$Result;' in 'ai/onnxruntime/OrtSession')}
  0x000002296c3c96cc: 83f8 0048 | baa8 6637 | 5329 0200 | 0048 c7c6 | 7006 0000 | 0f84 0700 | 0000 48c7 | c680 0600 
  0x000002296c3c96ec: 0048 8b3c | 3248 8d7f | 0148 893c | 320f 8412 | 0700 00e9 | 9cf5 ffff | 0f1f 4000 

  0x000002296c3c9708: ;   {no_reloc}
  0x000002296c3c9708: e96c 3800 | 0000 0000 | 0000 80ba | 3301 0000 | 040f 8569 | 3800 0049 | 8b87 0801 | 0000 488d 
  0x000002296c3c9728: 7828 493b | bf18 0100 | 000f 8751 | 3800 0049 | 89bf 0801 | 0000 48c7 | 0001 0000 | 0048 8bca 
  0x000002296c3c9748: 49ba 0000 | 0010 2902 | 0000 492b | ca89 4808 | 4833 c989 | 480c 4833 | c948 8948 | 1048 8948 
  0x000002296c3c9768: 1848 8948 | 2048 8984 | 2450 0100 | 0066 6690 

  0x000002296c3c9778: ;   {no_reloc}
  0x000002296c3c9778: e927 3800 | 0000 0000 | 0000 498b | 8708 0100 | 0048 8d78 | 1849 3bbf | 1801 0000 | 0f87 1438 
  0x000002296c3c9798: 0000 4989 | bf08 0100 | 0048 c700 | 0100 0000 | 488b ca49 | ba00 0000 | 1029 0200 | 0049 2bca 
  0x000002296c3c97b8: 8948 0848 | 33c9 8948 | 0c48 33c9 | 4889 4810 

  0x000002296c3c97c8: ;   {metadata(method data for {method} {0x0000022952ecfae0} 'run' '(Ljava/util/Map;Ljava/util/Set;Ljava/util/Map;Lai/onnxruntime/OrtSession$RunOptions;)Lai/onnxruntime/OrtSession$Result;' in 'ai/onnxruntime/OrtSession')}
  0x000002296c3c97c8: 4c8b c048 | baa8 6637 | 5329 0200 | 0048 8382 | f808 0000 

  0x000002296c3c97dc: ;   {metadata(method data for {method} {0x000002291041f118} '<init>' '()V' in 'java/lang/StringBuilder')}
  0x000002296c3c97dc: 0149 b8f8 | 7a03 5229 | 0200 0041 | 8b90 cc00 | 0000 83c2 | 0241 8990 | cc00 0000 | 81e2 feff 
  0x000002296c3c97fc: 1f00 83fa | 000f 84b4 | 3700 004c 

  0x000002296c3c9808: ;   {metadata(method data for {method} {0x000002291041f118} '<init>' '()V' in 'java/lang/StringBuilder')}
  0x000002296c3c9808: 8bc0 48ba | f87a 0352 | 2902 0000 | 4883 8210 | 0100 0001 | 41b8 1000 | 0000 488b | d048 8984 
  0x000002296c3c9828: 2448 0100 

  0x000002296c3c982c: ;   {optimized virtual_call}
  0x000002296c3c982c: 0066 90e8 

  0x000002296c3c9830: ; ImmutableOopMap {[320]=Oop [200]=Oop [328]=Oop [336]=Oop }
                      ;*invokespecial <init> {reexecute=0 rethrow=0 return_oop=0}
                      ; - java.lang.StringBuilder::<init>@3 (line 106)
                      ; - ai.onnxruntime.OrtSession::run@280 (line 383)
  0x000002296c3c9830: 4c7b 1907 | 488b 8424 | 4801 0000 

  0x000002296c3c983c: ;   {metadata(method data for {method} {0x0000022952ecfae0} 'run' '(Ljava/util/Map;Ljava/util/Set;Ljava/util/Map;Lai/onnxruntime/OrtSession$RunOptions;)Lai/onnxruntime/OrtSession$Result;' in 'ai/onnxruntime/OrtSession')}
  0x000002296c3c983c: 49b8 a866 | 3753 2902 | 0000 4983 | 8008 0900 

  0x000002296c3c984c: ;   {metadata(method data for {method} {0x000002291041f850} 'append' '(Ljava/lang/String;)Ljava/lang/StringBuilder;' in 'java/lang/StringBuilder')}
  0x000002296c3c984c: 0001 49b8 | e87d 0352 | 2902 0000 | 418b 90cc | 0000 0083 | c202 4189 | 90cc 0000 | 0081 e2fe 
  0x000002296c3c986c: ff1f 0083 | fa00 0f84 | 6437 0000 | 488b 8424 | 4801 0000 

  0x000002296c3c9880: ;   {metadata(method data for {method} {0x000002291041f850} 'append' '(Ljava/lang/String;)Ljava/lang/StringBuilder;' in 'java/lang/StringBuilder')}
  0x000002296c3c9880: 49b8 e87d | 0352 2902 | 0000 4983 | 8010 0100 

  0x000002296c3c9890: ;   {oop("Unknown input name "{0x000000064435e878})}
  0x000002296c3c9890: 0001 49b8 | 78e8 3544 | 0600 0000 | 488b 9424 | 4801 0000 

  0x000002296c3c98a4: ;   {optimized virtual_call}
  0x000002296c3c98a4: 6666 90e8 

  0x000002296c3c98a8: ; ImmutableOopMap {[320]=Oop [200]=Oop [328]=Oop [336]=Oop }
                      ;*invokespecial append {reexecute=0 rethrow=0 return_oop=0}
                      ; - java.lang.StringBuilder::append@2 (line 179)
                      ; - ai.onnxruntime.OrtSession::run@285 (line 383)
  0x000002296c3c98a8: d47a 1907 | 488b b424 | 4001 0000 

  0x000002296c3c98b4: ;   {metadata(method data for {method} {0x0000022952ecfae0} 'run' '(Ljava/util/Map;Ljava/util/Set;Ljava/util/Map;Lai/onnxruntime/OrtSession$RunOptions;)Lai/onnxruntime/OrtSession$Result;' in 'ai/onnxruntime/OrtSession')}
  0x000002296c3c98b4: 48ba a866 | 3753 2902 | 0000 8b76 | 0849 ba00 | 0000 1029 | 0200 0049 | 03f2 483b | b250 0900 
  0x000002296c3c98d4: 0075 0d48 | 8382 5809 | 0000 01e9 | 6600 0000 | 483b b260 | 0900 0075 | 0d48 8382 | 6809 0000 
  0x000002296c3c98f4: 01e9 5000 | 0000 4881 | ba50 0900 | 0000 0000 | 0075 1748 | 89b2 5009 | 0000 48c7 | 8258 0900 
  0x000002296c3c9914: 0001 0000 | 00e9 2c00 | 0000 4881 | ba60 0900 | 0000 0000 | 0075 1748 | 89b2 6009 | 0000 48c7 
  0x000002296c3c9934: 8268 0900 | 0001 0000 | 00e9 0800 | 0000 4883 | 8240 0900 | 0001 488b | 9424 4001 | 0000 6666 
  0x000002296c3c9954: 9048 b8ff | ffff ffff 

  0x000002296c3c995c: ;   {virtual_call}
  0x000002296c3c995c: ffff ffe8 

  0x000002296c3c9960: ; ImmutableOopMap {[200]=Oop [328]=Oop [336]=Oop }
                      ;*invokeinterface getKey {reexecute=0 rethrow=0 return_oop=0}
                      ; - ai.onnxruntime.OrtSession::run@290 (line 384)
  0x000002296c3c9960: 1c7d 1907 | 4883 f800 

  0x000002296c3c9968: ;   {metadata(method data for {method} {0x0000022952ecfae0} 'run' '(Ljava/util/Map;Ljava/util/Set;Ljava/util/Map;Lai/onnxruntime/OrtSession$RunOptions;)Lai/onnxruntime/OrtSession$Result;' in 'ai/onnxruntime/OrtSession')}
  0x000002296c3c9968: 7516 48be | a866 3753 | 2902 0000 | 808e 7109 | 0000 01e9 | d200 0000 

  0x000002296c3c9980: ;   {metadata('java/lang/String')}
  0x000002296c3c9980: 48bf e0e9 | 0010 2902 | 0000 8b50 | 0849 ba00 | 0000 1029 | 0200 0049 | 03d2 483b | fa0f 8593 
  0x000002296c3c99a0: ;   {metadata(method data for {method} {0x0000022952ecfae0} 'run' '(Ljava/util/Map;Ljava/util/Set;Ljava/util/Map;Lai/onnxruntime/OrtSession$RunOptions;)Lai/onnxruntime/OrtSession$Result;' in 'ai/onnxruntime/OrtSession')}
  0x000002296c3c99a0: 0000 0048 | bea8 6637 | 5329 0200 | 008b 7808 | 49ba 0000 | 0010 2902 | 0000 4903 | fa48 3bbe 
  0x000002296c3c99c0: 8809 0000 | 750d 4883 | 8690 0900 | 0001 e97f | 0000 0048 | 3bbe 9809 | 0000 750d | 4883 86a0 
  0x000002296c3c99e0: 0900 0001 | e969 0000 | 0048 81be | 8809 0000 | 0000 0000 | 7517 4889 | be88 0900 | 0048 c786 
  0x000002296c3c9a00: 9009 0000 | 0100 0000 | e945 0000 | 0048 81be | 9809 0000 | 0000 0000 | 7517 4889 | be98 0900 
  0x000002296c3c9a20: 0048 c786 | a009 0000 | 0100 0000 | e921 0000 | 00e9 1c00 

  0x000002296c3c9a34: ;   {metadata(method data for {method} {0x0000022952ecfae0} 'run' '(Ljava/util/Map;Ljava/util/Set;Ljava/util/Map;Lai/onnxruntime/OrtSession$RunOptions;)Lai/onnxruntime/OrtSession$Result;' in 'ai/onnxruntime/OrtSession')}
  0x000002296c3c9a34: 0000 48be | a866 3753 | 2902 0000 | 4883 ae78 | 0900 0001 | e9b0 3500 | 00e9 0000 | 0000 4c8b 
  0x000002296c3c9a54: c048 8b84 | 2448 0100 

  0x000002296c3c9a5c: ;   {metadata(method data for {method} {0x0000022952ecfae0} 'run' '(Ljava/util/Map;Ljava/util/Set;Ljava/util/Map;Lai/onnxruntime/OrtSession$RunOptions;)Lai/onnxruntime/OrtSession$Result;' in 'ai/onnxruntime/OrtSession')}
  0x000002296c3c9a5c: 0048 baa8 | 6637 5329 | 0200 0048 | 8382 b009 

  0x000002296c3c9a6c: ;   {metadata(method data for {method} {0x000002291041f850} 'append' '(Ljava/lang/String;)Ljava/lang/StringBuilder;' in 'java/lang/StringBuilder')}
  0x000002296c3c9a6c: 0000 0148 | bae8 7d03 | 5229 0200 | 008b b2cc | 0000 0083 | c602 89b2 | cc00 0000 | 81e6 feff 
  0x000002296c3c9a8c: 1f00 83fe | 000f 846f | 3500 0048 | 8b84 2448 

  0x000002296c3c9a9c: ;   {metadata(method data for {method} {0x000002291041f850} 'append' '(Ljava/lang/String;)Ljava/lang/StringBuilder;' in 'java/lang/StringBuilder')}
  0x000002296c3c9a9c: 0100 0048 | bae8 7d03 | 5229 0200 | 0048 8382 | 1001 0000 | 0148 8b94 | 2448 0100 | 0066 0f1f 
  0x000002296c3c9abc: ;   {optimized virtual_call}
  0x000002296c3c9abc: 4400 00e8 

  0x000002296c3c9ac0: ; ImmutableOopMap {[200]=Oop [328]=Oop [336]=Oop }
                      ;*invokespecial append {reexecute=0 rethrow=0 return_oop=0}
                      ; - java.lang.StringBuilder::append@2 (line 179)
                      ; - ai.onnxruntime.OrtSession::run@298 (line 384)
  0x000002296c3c9ac0: bc78 1907 | 488b 8424 | 4801 0000 

  0x000002296c3c9acc: ;   {metadata(method data for {method} {0x0000022952ecfae0} 'run' '(Ljava/util/Map;Ljava/util/Set;Ljava/util/Map;Lai/onnxruntime/OrtSession$RunOptions;)Lai/onnxruntime/OrtSession$Result;' in 'ai/onnxruntime/OrtSession')}
  0x000002296c3c9acc: 49b8 a866 | 3753 2902 | 0000 4983 | 80e8 0900 

  0x000002296c3c9adc: ;   {metadata(method data for {method} {0x000002291041f850} 'append' '(Ljava/lang/String;)Ljava/lang/StringBuilder;' in 'java/lang/StringBuilder')}
  0x000002296c3c9adc: 0001 49b8 | e87d 0352 | 2902 0000 | 418b 90cc | 0000 0083 | c202 4189 | 90cc 0000 | 0081 e2fe 
  0x000002296c3c9afc: ff1f 0083 | fa00 0f84 | 1f35 0000 | 488b 8424 | 4801 0000 

  0x000002296c3c9b10: ;   {metadata(method data for {method} {0x000002291041f850} 'append' '(Ljava/lang/String;)Ljava/lang/StringBuilder;' in 'java/lang/StringBuilder')}
  0x000002296c3c9b10: 49b8 e87d | 0352 2902 | 0000 4983 | 8010 0100 

  0x000002296c3c9b20: ;   {oop(", expected one of "{0x000000064435e890})}
  0x000002296c3c9b20: 0001 49b8 | 90e8 3544 | 0600 0000 | 488b 9424 | 4801 0000 

  0x000002296c3c9b34: ;   {optimized virtual_call}
  0x000002296c3c9b34: 6666 90e8 

  0x000002296c3c9b38: ; ImmutableOopMap {[200]=Oop [328]=Oop [336]=Oop }
                      ;*invokespecial append {reexecute=0 rethrow=0 return_oop=0}
                      ; - java.lang.StringBuilder::append@2 (line 179)
                      ; - ai.onnxruntime.OrtSession::run@303 (line 384)
  0x000002296c3c9b38: 4478 1907 | 488b 9424 | c800 0000 | 8b52 2c48 | c1e2 0348 | 3b02 488b 

  0x000002296c3c9b50: ;   {metadata(method data for {method} {0x0000022952ecfae0} 'run' '(Ljava/util/Map;Ljava/util/Set;Ljava/util/Map;Lai/onnxruntime/OrtSession$RunOptions;)Lai/onnxruntime/OrtSession$Result;' in 'ai/onnxruntime/OrtSession')}
  0x000002296c3c9b50: f248 bfa8 | 6637 5329 | 0200 008b | 7608 49ba | 0000 0010 | 2902 0000 | 4903 f248 | 3bb7 300a 
  0x000002296c3c9b70: 0000 750d | 4883 8738 | 0a00 0001 | e966 0000 | 0048 3bb7 | 400a 0000 | 750d 4883 | 8748 0a00 
  0x000002296c3c9b90: 0001 e950 | 0000 0048 | 81bf 300a | 0000 0000 | 0000 7517 | 4889 b730 | 0a00 0048 | c787 380a 
  0x000002296c3c9bb0: 0000 0100 | 0000 e92c | 0000 0048 | 81bf 400a | 0000 0000 | 0000 7517 | 4889 b740 | 0a00 0048 
  0x000002296c3c9bd0: c787 480a | 0000 0100 | 0000 e908 | 0000 0048 | 8387 200a | 0000 0166 | 0f1f 4400 | 0048 b8ff 
  0x000002296c3c9bf0: ffff ffff 

  0x000002296c3c9bf4: ;   {virtual_call}
  0x000002296c3c9bf4: ffff ffe8 

  0x000002296c3c9bf8: ; ImmutableOopMap {[328]=Oop [336]=Oop }
                      ;*invokevirtual toString {reexecute=0 rethrow=0 return_oop=0}
                      ; - ai.onnxruntime.OrtSession::run@310 (line 384)
  0x000002296c3c9bf8: 847a 1907 | 4c8b 8424 | 4801 0000 

  0x000002296c3c9c04: ;   {metadata(method data for {method} {0x0000022952ecfae0} 'run' '(Ljava/util/Map;Ljava/util/Set;Ljava/util/Map;Lai/onnxruntime/OrtSession$RunOptions;)Lai/onnxruntime/OrtSession$Result;' in 'ai/onnxruntime/OrtSession')}
  0x000002296c3c9c04: 48ba a866 | 3753 2902 | 0000 4883 | 8258 0a00 

  0x000002296c3c9c14: ;   {metadata(method data for {method} {0x000002291041f850} 'append' '(Ljava/lang/String;)Ljava/lang/StringBuilder;' in 'java/lang/StringBuilder')}
  0x000002296c3c9c14: 0001 49b8 | e87d 0352 | 2902 0000 | 418b 90cc | 0000 0083 | c202 4189 | 90cc 0000 | 0081 e2fe 
  0x000002296c3c9c34: ff1f 0083 | fa00 0f84 | 0d34 0000 | 4c8b 8424 | 4801 0000 

  0x000002296c3c9c48: ;   {metadata(method data for {method} {0x000002291041f850} 'append' '(Ljava/lang/String;)Ljava/lang/StringBuilder;' in 'java/lang/StringBuilder')}
  0x000002296c3c9c48: 48ba e87d | 0352 2902 | 0000 4883 | 8210 0100 | 0001 4c8b | c048 8b94 | 2448 0100 

  0x000002296c3c9c64: ;   {optimized virtual_call}
  0x000002296c3c9c64: 0066 90e8 

  0x000002296c3c9c68: ; ImmutableOopMap {[328]=Oop [336]=Oop }
                      ;*invokespecial append {reexecute=0 rethrow=0 return_oop=0}
                      ; - java.lang.StringBuilder::append@2 (line 179)
                      ; - ai.onnxruntime.OrtSession::run@313 (line 384)
  0x000002296c3c9c68: 1477 1907 | 488b 8424 | 4801 0000 

  0x000002296c3c9c74: ;   {metadata(method data for {method} {0x0000022952ecfae0} 'run' '(Ljava/util/Map;Ljava/util/Set;Ljava/util/Map;Lai/onnxruntime/OrtSession$RunOptions;)Lai/onnxruntime/OrtSession$Result;' in 'ai/onnxruntime/OrtSession')}
  0x000002296c3c9c74: 48ba a866 | 3753 2902 | 0000 4883 | 8290 0a00 

  0x000002296c3c9c84: ;   {metadata(method data for {method} {0x000002291041f170} 'toString' '()Ljava/lang/String;' in 'java/lang/StringBuilder')}
  0x000002296c3c9c84: 0001 48ba | 1085 0352 | 2902 0000 | 448b 82cc | 0000 0041 | 83c0 0244 | 8982 cc00 | 0000 4181 
  0x000002296c3c9ca4: e0fe ff1f | 0041 83f8 | 000f 84bb | 3300 0048 | 8b84 2448 

  0x000002296c3c9cb8: ;   {metadata(method data for {method} {0x000002291041f170} 'toString' '()Ljava/lang/String;' in 'java/lang/StringBuilder')}
  0x000002296c3c9cb8: 0100 0048 | ba10 8503 | 5229 0200 | 0048 8382 | 1001 0000 

  0x000002296c3c9ccc: ;   {metadata(method data for {method} {0x000002291005d7b8} 'isLatin1' '()Z' in 'java/lang/AbstractStringBuilder')}
  0x000002296c3c9ccc: 0148 ba18 | 3a02 5229 | 0200 0044 | 8b82 cc00 | 0000 4183 | c002 4489 | 82cc 0000 | 0041 81e0 
  0x000002296c3c9cec: feff 1f00 | 4183 f800 | 0f84 9533 

  0x000002296c3c9cf8: ;   {metadata(method data for {method} {0x000002291005d7b8} 'isLatin1' '()Z' in 'java/lang/AbstractStringBuilder')}
  0x000002296c3c9cf8: 0000 48ba | 183a 0252 | 2902 0000 | ff82 2001 | 0000 488b | 8424 4801 | 0000 0fbe | 5010 83fa 
  0x000002296c3c9d18: ;   {metadata(method data for {method} {0x000002291005d7b8} 'isLatin1' '()Z' in 'java/lang/AbstractStringBuilder')}
  0x000002296c3c9d18: 0048 ba18 | 3a02 5229 | 0200 0049 | c7c0 3001 | 0000 0f85 | 0700 0000 | 49c7 c040 | 0100 004e 
  0x000002296c3c9d38: 8b0c 024d | 8d49 014e | 890c 020f | 851a 0000 

  0x000002296c3c9d48: ;   {metadata(method data for {method} {0x000002291005d7b8} 'isLatin1' '()Z' in 'java/lang/AbstractStringBuilder')}
  0x000002296c3c9d48: 0048 ba18 | 3a02 5229 | 0200 00ff | 8250 0100 | 00ba 0100 | 0000 e905 | 0000 00ba | 0000 0000 
  0x000002296c3c9d68: 83e2 0183 

  0x000002296c3c9d6c: ;   {metadata(method data for {method} {0x000002291041f170} 'toString' '()Ljava/lang/String;' in 'java/lang/StringBuilder')}
  0x000002296c3c9d6c: fa00 48ba | 1085 0352 | 2902 0000 | 49c7 c048 | 0100 000f | 8407 0000 | 0049 c7c0 | 5801 0000 
  0x000002296c3c9d8c: 4e8b 0c02 | 4d8d 4901 | 4e89 0c02 | 0f84 4300 | 0000 8b50 | 1448 c1e2 | 0344 8b48 

  0x000002296c3c9da8: ;   {metadata(method data for {method} {0x000002291041f170} 'toString' '()Ljava/lang/String;' in 'java/lang/StringBuilder')}
  0x000002296c3c9da8: 0c49 b810 | 8503 5229 | 0200 0049 | 8380 6801 | 0000 0141 | b800 0000 | 0066 0f1f 

  0x000002296c3c9dc4: ;   {static_call}
  0x000002296c3c9dc4: 4400 00e8 

  0x000002296c3c9dc8: ; ImmutableOopMap {[336]=Oop }
                      ;*invokestatic newString {reexecute=0 rethrow=0 return_oop=0}
                      ; - java.lang.StringBuilder::toString@16 (line 453)
                      ; - ai.onnxruntime.OrtSession::run@316 (line 384)
  0x000002296c3c9dc8: b47b 1907 

  0x000002296c3c9dcc: ;   {metadata(method data for {method} {0x000002291041f170} 'toString' '()Ljava/lang/String;' in 'java/lang/StringBuilder')}
  0x000002296c3c9dcc: 48ba 1085 | 0352 2902 | 0000 ff82 | 7801 0000 | e9d8 2c00 | 008b 5014 | 48c1 e203 | 448b 480c 
  0x000002296c3c9dec: ;   {metadata(method data for {method} {0x000002291041f170} 'toString' '()Ljava/lang/String;' in 'java/lang/StringBuilder')}
  0x000002296c3c9dec: 49b8 1085 | 0352 2902 | 0000 4983 | 8090 0100 | 0001 41b8 | 0000 0000 

  0x000002296c3c9e04: ;   {static_call}
  0x000002296c3c9e04: 6666 90e8 

  0x000002296c3c9e08: ; ImmutableOopMap {[336]=Oop }
                      ;*invokestatic newString {reexecute=0 rethrow=0 return_oop=0}
                      ; - java.lang.StringBuilder::toString@31 (line 454)
                      ; - ai.onnxruntime.OrtSession::run@316 (line 384)
  0x000002296c3c9e08: 747b 1907 | e9a8 2c00 | 004c 8b8c | 24d8 0000 

  0x000002296c3c9e18: ;   {metadata(method data for {method} {0x0000022952ecfae0} 'run' '(Ljava/util/Map;Ljava/util/Set;Ljava/util/Map;Lai/onnxruntime/OrtSession$RunOptions;)Lai/onnxruntime/OrtSession$Result;' in 'ai/onnxruntime/OrtSession')}
  0x000002296c3c9e18: 0048 bea8 | 6637 5329 | 0200 0045 | 8b49 0849 | ba00 0000 | 1029 0200 | 004d 03ca | 4c3b 8e00 
  0x000002296c3c9e38: 0b00 0075 | 0d48 8386 | 080b 0000 | 01e9 6600 | 0000 4c3b | 8e10 0b00 | 0075 0d48 | 8386 180b 
  0x000002296c3c9e58: 0000 01e9 | 5000 0000 | 4881 be00 | 0b00 0000 | 0000 0075 | 174c 898e | 000b 0000 | 48c7 8608 
  0x000002296c3c9e78: 0b00 0001 | 0000 00e9 | 2c00 0000 | 4881 be10 | 0b00 0000 | 0000 0075 | 174c 898e | 100b 0000 
  0x000002296c3c9e98: 48c7 8618 | 0b00 0001 | 0000 00e9 | 0800 0000 | 4883 86f0 | 0a00 0001 | 488b 9424 | d800 0000 
  0x000002296c3c9eb8: 0f1f 4400 | 0048 b820 | ad0e 1029 

  0x000002296c3c9ec4: ;   {virtual_call}
  0x000002296c3c9ec4: 0200 00e8 

  0x000002296c3c9ec8: ; ImmutableOopMap {[224]=Oop [216]=Oop [232]=Oop [280]=Oop [288]=Oop [200]=Oop }
                      ;*invokeinterface size {reexecute=0 rethrow=0 return_oop=0}
                      ; - ai.onnxruntime.OrtSession::run@327 (line 387)
  0x000002296c3c9ec8: 540e 0300 | 488b bc24 | e000 0000 

  0x000002296c3c9ed4: ;   {metadata(method data for {method} {0x0000022952ecfae0} 'run' '(Ljava/util/Map;Ljava/util/Set;Ljava/util/Map;Lai/onnxruntime/OrtSession$RunOptions;)Lai/onnxruntime/OrtSession$Result;' in 'ai/onnxruntime/OrtSession')}
  0x000002296c3c9ed4: 48ba a866 | 3753 2902 | 0000 8b7f | 0849 ba00 | 0000 1029 | 0200 0049 | 03fa 483b | ba38 0b00 
  0x000002296c3c9ef4: 0075 0d48 | 8382 400b | 0000 01e9 | 6600 0000 | 483b ba48 | 0b00 0075 | 0d48 8382 | 500b 0000 
  0x000002296c3c9f14: 01e9 5000 | 0000 4881 | ba38 0b00 | 0000 0000 | 0075 1748 | 89ba 380b | 0000 48c7 | 8240 0b00 
  0x000002296c3c9f34: 0001 0000 | 00e9 2c00 | 0000 4881 | ba48 0b00 | 0000 0000 | 0075 1748 | 89ba 480b | 0000 48c7 
  0x000002296c3c9f54: 8250 0b00 | 0001 0000 | 00e9 0800 | 0000 4883 | 8228 0b00 | 0001 488b | 9424 e000 | 0000 8984 
  0x000002296c3c9f74: 2434 0100 | 000f 1f40 | 0048 b8b0 | 1c06 1029 

  0x000002296c3c9f84: ;   {virtual_call}
  0x000002296c3c9f84: 0200 00e8 

  0x000002296c3c9f88: ; ImmutableOopMap {[224]=Oop [216]=Oop [232]=Oop [280]=Oop [288]=Oop [200]=Oop }
                      ;*invokeinterface size {reexecute=0 rethrow=0 return_oop=0}
                      ; - ai.onnxruntime.OrtSession::run@333 (line 387)
  0x000002296c3c9f88: 941c aa07 | 8b9c 2434 | 0100 0003 

  0x000002296c3c9f94: ;   {metadata('java/lang/String'[])}
  0x000002296c3c9f94: d848 bac0 | 8c01 1029 | 0200 0048 | 63db 488b | fb48 81fb | ffff ff00 | 0f87 fe30 | 0000 48be 
  0x000002296c3c9fb4: 1700 0000 | 0000 0000 | 488d 349e | 4883 e6f8 | 498b 8708 | 0100 0048 | 8d34 3049 | 3bb7 1801 
  0x000002296c3c9fd4: 0000 0f87 | d430 0000 | 4989 b708 | 0100 0048 | 2bf0 48c7 | 0001 0000 | 0048 8bca | 49ba 0000 
  0x000002296c3c9ff4: 0010 2902 | 0000 492b | ca89 4808 | 8958 0c48 | 83ee 100f | 841a 0000 | 0048 85f6 | 0f84 1100 
  0x000002296c3ca014: 0000 4833 | db48 c1ee | 0348 895c | f008 48ff | ce75 f648 | 8984 2458 | 0100 0044 | 8b40 0c49 
  0x000002296c3ca034: ;   {metadata('ai/onnxruntime/OnnxValue'[])}
  0x000002296c3ca034: 8bd8 48ba | 5870 2911 | 2902 0000 | 4863 db48 | 8bfb 4881 | fbff ffff | 000f 8767 | 3000 0048 
  0x000002296c3ca054: be17 0000 | 0000 0000 | 0048 8d34 | 9e48 83e6 | f849 8b87 | 0801 0000 | 488d 3430 | 493b b718 
  0x000002296c3ca074: 0100 000f | 873d 3000 | 0049 89b7 | 0801 0000 | 482b f048 | c700 0100 | 0000 488b | ca49 ba00 
  0x000002296c3ca094: 0000 1029 | 0200 0049 | 2bca 8948 | 0889 580c | 4883 ee10 | 0f84 1a00 | 0000 4885 | f60f 8411 
  0x000002296c3ca0b4: 0000 0048 | 33db 48c1 | ee03 4889 | 5cf0 0848 | ffce 75f6 | 4889 8424 | 6001 0000 

  0x000002296c3ca0d0: ;   {metadata({type array long})}
  0x000002296c3ca0d0: 498b d848 | ba60 1100 | 1029 0200 | 0048 63db | 488b fb48 | 81fb ffff | ff00 0f87 | d42f 0000 
  0x000002296c3ca0f0: 48be 1700 | 0000 0000 | 0000 488d | 34de 4883 | e6f8 498b | 8708 0100 | 0048 8d34 | 3049 3bb7 
  0x000002296c3ca110: 1801 0000 | 0f87 aa2f | 0000 4989 | b708 0100 | 0048 2bf0 | 48c7 0001 | 0000 0048 | 8bca 49ba 
  0x000002296c3ca130: 0000 0010 | 2902 0000 | 492b ca89 | 4808 8958 | 0c48 83ee | 100f 841a | 0000 0048 | 85f6 0f84 
  0x000002296c3ca150: 1100 0000 | 4833 db48 | c1ee 0348 | 895c f008 | 48ff ce75 | f648 8984 | 2468 0100 | 0048 8bbc 
  0x000002296c3ca170: 24e0 0000 

  0x000002296c3ca174: ;   {metadata(method data for {method} {0x0000022952ecfae0} 'run' '(Ljava/util/Map;Ljava/util/Set;Ljava/util/Map;Lai/onnxruntime/OrtSession$RunOptions;)Lai/onnxruntime/OrtSession$Result;' in 'ai/onnxruntime/OrtSession')}
  0x000002296c3ca174: 0048 baa8 | 6637 5329 | 0200 008b | 7f08 49ba | 0000 0010 | 2902 0000 | 4903 fa48 | 3bba 700b 
  0x000002296c3ca194: 0000 750d | 4883 8278 | 0b00 0001 | e966 0000 | 0048 3bba | 800b 0000 | 750d 4883 | 8288 0b00 
  0x000002296c3ca1b4: 0001 e950 | 0000 0048 | 81ba 700b | 0000 0000 | 0000 7517 | 4889 ba70 | 0b00 0048 | c782 780b 
  0x000002296c3ca1d4: 0000 0100 | 0000 e92c | 0000 0048 | 81ba 800b | 0000 0000 | 0000 7517 | 4889 ba80 | 0b00 0048 
  0x000002296c3ca1f4: c782 880b | 0000 0100 | 0000 e908 | 0000 0048 | 8382 600b | 0000 0148 | 8b94 24e0 | 0000 0044 
  0x000002296c3ca214: 8984 2470 | 0100 0066 | 9048 b8b0 | 1c06 1029 

  0x000002296c3ca224: ;   {virtual_call}
  0x000002296c3ca224: 0200 00e8 

  0x000002296c3ca228: ; ImmutableOopMap {[224]=Oop [216]=Oop [232]=Oop [280]=Oop [288]=Oop [200]=Oop [352]=Oop [360]=Oop [344]=Oop }
                      ;*invokeinterface entrySet {reexecute=0 rethrow=0 return_oop=0}
                      ; - ai.onnxruntime.OrtSession::run@363 (line 391)
  0x000002296c3ca228: 9422 7700 

  0x000002296c3ca22c: ; implicit exception: dispatches to 0x000002296c3cd0ce
  0x000002296c3ca22c: 483b 0048 

  0x000002296c3ca230: ;   {metadata(method data for {method} {0x0000022952ecfae0} 'run' '(Ljava/util/Map;Ljava/util/Set;Ljava/util/Map;Lai/onnxruntime/OrtSession$RunOptions;)Lai/onnxruntime/OrtSession$Result;' in 'ai/onnxruntime/OrtSession')}
  0x000002296c3ca230: 8bd0 48be | a866 3753 | 2902 0000 | 8b52 0849 | ba00 0000 | 1029 0200 | 0049 03d2 | 483b 96a8 
  0x000002296c3ca250: 0b00 0075 | 0d48 8386 | b00b 0000 | 01e9 6600 | 0000 483b | 96b8 0b00 | 0075 0d48 | 8386 c00b 
  0x000002296c3ca270: 0000 01e9 | 5000 0000 | 4881 bea8 | 0b00 0000 | 0000 0075 | 1748 8996 | a80b 0000 | 48c7 86b0 
  0x000002296c3ca290: 0b00 0001 | 0000 00e9 | 2c00 0000 | 4881 beb8 | 0b00 0000 | 0000 0075 | 1748 8996 | b80b 0000 
  0x000002296c3ca2b0: 48c7 86c0 | 0b00 0001 | 0000 00e9 | 0800 0000 | 4883 8698 | 0b00 0001 | 488b d066 | 9048 b808 
  0x000002296c3ca2d0: 7011 1029 

  0x000002296c3ca2d4: ;   {virtual_call}
  0x000002296c3ca2d4: 0200 00e8 

  0x000002296c3ca2d8: ; ImmutableOopMap {[224]=Oop [216]=Oop [232]=Oop [280]=Oop [288]=Oop [200]=Oop [352]=Oop [360]=Oop [344]=Oop }
                      ;*invokeinterface iterator {reexecute=0 rethrow=0 return_oop=0}
                      ; - ai.onnxruntime.OrtSession::run@368 (line 391)
  0x000002296c3ca2d8: e43a 7500 | 4889 8424 | 7801 0000 | be00 0000 | 0089 b424 | 7401 0000 | e93a 0c00 | 0066 6690 
  0x000002296c3ca2f8: 488b 8424 | 7801 0000 

  0x000002296c3ca300: ;   {metadata(method data for {method} {0x0000022952ecfae0} 'run' '(Ljava/util/Map;Ljava/util/Set;Ljava/util/Map;Lai/onnxruntime/OrtSession$RunOptions;)Lai/onnxruntime/OrtSession$Result;' in 'ai/onnxruntime/OrtSession')}
  0x000002296c3ca300: 48be a866 | 3753 2902 | 0000 8b40 | 0849 ba00 | 0000 1029 | 0200 0049 | 03c2 483b | 8638 0c00 
  0x000002296c3ca320: 0075 0d48 | 8386 400c | 0000 01e9 | 6600 0000 | 483b 8648 | 0c00 0075 | 0d48 8386 | 500c 0000 
  0x000002296c3ca340: 01e9 5000 | 0000 4881 | be38 0c00 | 0000 0000 | 0075 1748 | 8986 380c | 0000 48c7 | 8640 0c00 
  0x000002296c3ca360: 0001 0000 | 00e9 2c00 | 0000 4881 | be48 0c00 | 0000 0000 | 0075 1748 | 8986 480c | 0000 48c7 
  0x000002296c3ca380: 8650 0c00 | 0001 0000 | 00e9 0800 | 0000 4883 | 8628 0c00 | 0001 488b | 9424 7801 | 0000 0f1f 
  0x000002296c3ca3a0: 8000 0000 | 0048 b8ff | ffff ffff 

  0x000002296c3ca3ac: ;   {virtual_call}
  0x000002296c3ca3ac: ffff ffe8 

  0x000002296c3ca3b0: ; ImmutableOopMap {[224]=Oop [216]=Oop [232]=Oop [280]=Oop [288]=Oop [376]=Oop [344]=Oop [352]=Oop [360]=Oop [200]=Oop }
                      ;*invokeinterface next {reexecute=0 rethrow=0 return_oop=0}
                      ; - ai.onnxruntime.OrtSession::run@387 (line 391)
  0x000002296c3ca3b0: cc72 1907 | 4883 f800 

  0x000002296c3ca3b8: ;   {metadata(method data for {method} {0x0000022952ecfae0} 'run' '(Ljava/util/Map;Ljava/util/Set;Ljava/util/Map;Lai/onnxruntime/OrtSession$RunOptions;)Lai/onnxruntime/OrtSession$Result;' in 'ai/onnxruntime/OrtSession')}
  0x000002296c3ca3b8: 7516 48bf | a866 3753 | 2902 0000 | 808f 590c | 0000 01e9 | ee00 0000 

  0x000002296c3ca3d0: ;   {metadata('java/util/Map$Entry')}
  0x000002296c3ca3d0: 48bb 708f | 0110 2902 | 0000 8b78 | 0849 ba00 | 0000 1029 | 0200 0049 | 03fa 483b | 5f20 0f84 
  0x000002296c3ca3f0: 1b00 0000 | 483b fb0f | 8412 0000 

  0x000002296c3ca3fc: ;   {runtime_call slow_subtype_check Runtime1 stub}
  0x000002296c3ca3fc: 0057 53e8 | 7ced 2307 | 5f5f 83ff | 000f 8493 

  0x000002296c3ca40c: ;   {metadata(method data for {method} {0x0000022952ecfae0} 'run' '(Ljava/util/Map;Ljava/util/Set;Ljava/util/Map;Lai/onnxruntime/OrtSession$RunOptions;)Lai/onnxruntime/OrtSession$Result;' in 'ai/onnxruntime/OrtSession')}
  0x000002296c3ca40c: 0000 0048 | bfa8 6637 | 5329 0200 | 008b 5808 | 49ba 0000 | 0010 2902 | 0000 4903 | da48 3b9f 
  0x000002296c3ca42c: 700c 0000 | 750d 4883 | 8778 0c00 | 0001 e97f | 0000 0048 | 3b9f 800c | 0000 750d | 4883 8788 
  0x000002296c3ca44c: 0c00 0001 | e969 0000 | 0048 81bf | 700c 0000 | 0000 0000 | 7517 4889 | 9f70 0c00 | 0048 c787 
  0x000002296c3ca46c: 780c 0000 | 0100 0000 | e945 0000 | 0048 81bf | 800c 0000 | 0000 0000 | 7517 4889 | 9f80 0c00 
  0x000002296c3ca48c: 0048 c787 | 880c 0000 | 0100 0000 | e921 0000 | 00e9 1c00 

  0x000002296c3ca4a0: ;   {metadata(method data for {method} {0x0000022952ecfae0} 'run' '(Ljava/util/Map;Ljava/util/Set;Ljava/util/Map;Lai/onnxruntime/OrtSession$RunOptions;)Lai/onnxruntime/OrtSession$Result;' in 'ai/onnxruntime/OrtSession')}
  0x000002296c3ca4a0: 0000 48bf | a866 3753 | 2902 0000 | 4883 af60 | 0c00 0001 | e91a 2c00 | 00e9 0000 | 0000 488b 
  0x000002296c3ca4c0: f048 89b4 | 2488 0100 | 0048 8b94 | 24c8 0000 | 008b 7a30 | 48c1 e703 

  0x000002296c3ca4d8: ; implicit exception: dispatches to 0x000002296c3cd0dc
  0x000002296c3ca4d8: 483b 0648 

  0x000002296c3ca4dc: ;   {metadata(method data for {method} {0x0000022952ecfae0} 'run' '(Ljava/util/Map;Ljava/util/Set;Ljava/util/Map;Lai/onnxruntime/OrtSession$RunOptions;)Lai/onnxruntime/OrtSession$Result;' in 'ai/onnxruntime/OrtSession')}
  0x000002296c3ca4dc: 8bde 48b8 | a866 3753 | 2902 0000 | 8b5b 0849 | ba00 0000 | 1029 0200 | 0049 03da | 483b 98a8 
  0x000002296c3ca4fc: 0c00 0075 | 0d48 8380 | b00c 0000 | 01e9 6600 | 0000 483b | 98b8 0c00 | 0075 0d48 | 8380 c00c 
  0x000002296c3ca51c: 0000 01e9 | 5000 0000 | 4881 b8a8 | 0c00 0000 | 0000 0075 | 1748 8998 | a80c 0000 | 48c7 80b0 
  0x000002296c3ca53c: 0c00 0001 | 0000 00e9 | 2c00 0000 | 4881 b8b8 | 0c00 0000 | 0000 0075 | 1748 8998 | b80c 0000 
  0x000002296c3ca55c: 48c7 80c0 | 0c00 0001 | 0000 00e9 | 0800 0000 | 4883 8098 | 0c00 0001 | 488b d648 | 89bc 2480 
  0x000002296c3ca57c: 0100 0066 | 0f1f 4400 | 0048 b8ff | ffff ffff 

  0x000002296c3ca58c: ;   {virtual_call}
  0x000002296c3ca58c: ffff ffe8 

  0x000002296c3ca590: ; ImmutableOopMap {[224]=Oop [216]=Oop [232]=Oop [280]=Oop [288]=Oop [376]=Oop [344]=Oop [352]=Oop [360]=Oop [200]=Oop [392]=Oop [384]=Oop }
                      ;*invokeinterface getKey {reexecute=0 rethrow=0 return_oop=0}
                      ; - ai.onnxruntime.OrtSession::run@403 (line 392)
  0x000002296c3ca590: ec70 1907 | 488b bc24 | 8001 0000 

  0x000002296c3ca59c: ; implicit exception: dispatches to 0x000002296c3cd0e1
  0x000002296c3ca59c: 483b 074c 

  0x000002296c3ca5a0: ;   {metadata(method data for {method} {0x0000022952ecfae0} 'run' '(Ljava/util/Map;Ljava/util/Set;Ljava/util/Map;Lai/onnxruntime/OrtSession$RunOptions;)Lai/onnxruntime/OrtSession$Result;' in 'ai/onnxruntime/OrtSession')}
  0x000002296c3ca5a0: 8bc7 48ba | a866 3753 | 2902 0000 | 458b 4008 | 49ba 0000 | 0010 2902 | 0000 4d03 | c24c 3b82 
  0x000002296c3ca5c0: e00c 0000 | 750d 4883 | 82e8 0c00 | 0001 e966 | 0000 004c | 3b82 f00c | 0000 750d | 4883 82f8 
  0x000002296c3ca5e0: 0c00 0001 | e950 0000 | 0048 81ba | e00c 0000 | 0000 0000 | 7517 4c89 | 82e0 0c00 | 0048 c782 
  0x000002296c3ca600: e80c 0000 | 0100 0000 | e92c 0000 | 0048 81ba | f00c 0000 | 0000 0000 | 7517 4c89 | 82f0 0c00 
  0x000002296c3ca620: 0048 c782 | f80c 0000 | 0100 0000 | e908 0000 | 0048 8382 | d00c 0000 | 014c 8bc0 | 488b d766 
  0x000002296c3ca640: 0f1f 4400 | 0048 b8ff | ffff ffff 

  0x000002296c3ca64c: ;   {virtual_call}
  0x000002296c3ca64c: ffff ffe8 

  0x000002296c3ca650: ; ImmutableOopMap {[224]=Oop [216]=Oop [232]=Oop [280]=Oop [288]=Oop [376]=Oop [344]=Oop [352]=Oop [360]=Oop [200]=Oop [392]=Oop }
                      ;*invokeinterface contains {reexecute=0 rethrow=0 return_oop=0}
                      ; - ai.onnxruntime.OrtSession::run@408 (line 392)
  0x000002296c3ca650: 2c70 1907 

  0x000002296c3ca654: ;   {metadata(method data for {method} {0x0000022952ecfae0} 'run' '(Ljava/util/Map;Ljava/util/Set;Ljava/util/Map;Lai/onnxruntime/OrtSession$RunOptions;)Lai/onnxruntime/OrtSession$Result;' in 'ai/onnxruntime/OrtSession')}
  0x000002296c3ca654: 83f8 0048 | baa8 6637 | 5329 0200 | 0048 c7c6 | 080d 0000 | 0f84 0700 | 0000 48c7 | c618 0d00 
  0x000002296c3ca674: 0048 8b3c | 3248 8d7f | 0148 893c | 320f 8495 | 0900 0048 | 8b94 2488 

  0x000002296c3ca68c: ;   {metadata(method data for {method} {0x0000022952ecfae0} 'run' '(Ljava/util/Map;Ljava/util/Set;Ljava/util/Map;Lai/onnxruntime/OrtSession$RunOptions;)Lai/onnxruntime/OrtSession$Result;' in 'ai/onnxruntime/OrtSession')}
  0x000002296c3ca68c: 0100 0048 | b9a8 6637 | 5329 0200 | 008b 5208 | 49ba 0000 | 0010 2902 | 0000 4903 | d248 3b91 
  0x000002296c3ca6ac: 380d 0000 | 750d 4883 | 8140 0d00 | 0001 e966 | 0000 0048 | 3b91 480d | 0000 750d | 4883 8150 
  0x000002296c3ca6cc: 0d00 0001 | e950 0000 | 0048 81b9 | 380d 0000 | 0000 0000 | 7517 4889 | 9138 0d00 | 0048 c781 
  0x000002296c3ca6ec: 400d 0000 | 0100 0000 | e92c 0000 | 0048 81b9 | 480d 0000 | 0000 0000 | 7517 4889 | 9148 0d00 
  0x000002296c3ca70c: 0048 c781 | 500d 0000 | 0100 0000 | e908 0000 | 0048 8381 | 280d 0000 | 0148 8b94 | 2488 0100 
  0x000002296c3ca72c: 0048 b8ff | ffff ffff 

  0x000002296c3ca734: ;   {virtual_call}
  0x000002296c3ca734: ffff ffe8 

  0x000002296c3ca738: ; ImmutableOopMap {[224]=Oop [216]=Oop [232]=Oop [280]=Oop [288]=Oop [376]=Oop [200]=Oop [392]=Oop [360]=Oop [352]=Oop [344]=Oop }
                      ;*invokeinterface getKey {reexecute=0 rethrow=0 return_oop=0}
                      ; - ai.onnxruntime.OrtSession::run@422 (line 393)
  0x000002296c3ca738: 446f 1907 | 4883 f800 

  0x000002296c3ca740: ;   {metadata(method data for {method} {0x0000022952ecfae0} 'run' '(Ljava/util/Map;Ljava/util/Set;Ljava/util/Map;Lai/onnxruntime/OrtSession$RunOptions;)Lai/onnxruntime/OrtSession$Result;' in 'ai/onnxruntime/OrtSession')}
  0x000002296c3ca740: 7516 48bf | a866 3753 | 2902 0000 | 808f 590d | 0000 01e9 | d200 0000 

  0x000002296c3ca758: ;   {metadata('java/lang/String')}
  0x000002296c3ca758: 48bb e0e9 | 0010 2902 | 0000 8b70 | 0849 ba00 | 0000 1029 | 0200 0049 | 03f2 483b | de0f 8593 
  0x000002296c3ca778: ;   {metadata(method data for {method} {0x0000022952ecfae0} 'run' '(Ljava/util/Map;Ljava/util/Set;Ljava/util/Map;Lai/onnxruntime/OrtSession$RunOptions;)Lai/onnxruntime/OrtSession$Result;' in 'ai/onnxruntime/OrtSession')}
  0x000002296c3ca778: 0000 0048 | bfa8 6637 | 5329 0200 | 008b 5808 | 49ba 0000 | 0010 2902 | 0000 4903 | da48 3b9f 
  0x000002296c3ca798: 700d 0000 | 750d 4883 | 8778 0d00 | 0001 e97f | 0000 0048 | 3b9f 800d | 0000 750d | 4883 8788 
  0x000002296c3ca7b8: 0d00 0001 | e969 0000 | 0048 81bf | 700d 0000 | 0000 0000 | 7517 4889 | 9f70 0d00 | 0048 c787 
  0x000002296c3ca7d8: 780d 0000 | 0100 0000 | e945 0000 | 0048 81bf | 800d 0000 | 0000 0000 | 7517 4889 | 9f80 0d00 
  0x000002296c3ca7f8: 0048 c787 | 880d 0000 | 0100 0000 | e921 0000 | 00e9 1c00 

  0x000002296c3ca80c: ;   {metadata(method data for {method} {0x0000022952ecfae0} 'run' '(Ljava/util/Map;Ljava/util/Set;Ljava/util/Map;Lai/onnxruntime/OrtSession$RunOptions;)Lai/onnxruntime/OrtSession$Result;' in 'ai/onnxruntime/OrtSession')}
  0x000002296c3ca80c: 0000 48bf | a866 3753 | 2902 0000 | 4883 af60 | 0d00 0001 | e9c1 2800 | 00e9 0000 | 0000 488b 
  0x000002296c3ca82c: d048 8b84 | 2458 0100 | 008b b424 | 7401 0000 | 3b70 0c0f | 83aa 2800 | 0048 83fa 

  0x000002296c3ca848: ;   {metadata(method data for {method} {0x0000022952ecfae0} 'run' '(Ljava/util/Map;Ljava/util/Set;Ljava/util/Map;Lai/onnxruntime/OrtSession$RunOptions;)Lai/onnxruntime/OrtSession$Result;' in 'ai/onnxruntime/OrtSession')}
  0x000002296c3ca848: 0075 1648 | bba8 6637 | 5329 0200 | 0080 8b91 | 0d00 0001 | e9ff 0000 | 008b 7808 | 49ba 0000 
  0x000002296c3ca868: 0010 2902 | 0000 4903 | fa8b 5a08 | 49ba 0000 | 0010 2902 | 0000 4903 | da48 8bbf | e000 0000 
  0x000002296c3ca888: 483b df0f | 8428 0000 | 008b 4f14 | 483b 3c0b | 0f84 1b00 | 0000 83f9 | 200f 85a2 | 0000 0053 
  0x000002296c3ca8a8: ;   {runtime_call slow_subtype_check Runtime1 stub}
  0x000002296c3ca8a8: 57e8 d2e8 | 2307 5b5f | 83ff 000f | 8490 0000 

  0x000002296c3ca8b8: ;   {metadata(method data for {method} {0x0000022952ecfae0} 'run' '(Ljava/util/Map;Ljava/util/Set;Ljava/util/Map;Lai/onnxruntime/OrtSession$RunOptions;)Lai/onnxruntime/OrtSession$Result;' in 'ai/onnxruntime/OrtSession')}
  0x000002296c3ca8b8: 0048 bba8 | 6637 5329 | 0200 008b | 7a08 49ba | 0000 0010 | 2902 0000 | 4903 fa48 | 3bbb a80d 
  0x000002296c3ca8d8: 0000 750d | 4883 83b0 | 0d00 0001 | e977 0000 | 0048 3bbb | b80d 0000 | 750d 4883 | 83c0 0d00 
  0x000002296c3ca8f8: 0001 e961 | 0000 0048 | 81bb a80d | 0000 0000 | 0000 7517 | 4889 bba8 | 0d00 0048 | c783 b00d 
  0x000002296c3ca918: 0000 0100 | 0000 e93d | 0000 0048 | 81bb b80d | 0000 0000 | 0000 7517 | 4889 bbb8 | 0d00 0048 
  0x000002296c3ca938: c783 c00d | 0000 0100 | 0000 e919 | 0000 00eb 

  0x000002296c3ca948: ;   {metadata(method data for {method} {0x0000022952ecfae0} 'run' '(Ljava/util/Map;Ljava/util/Set;Ljava/util/Map;Lai/onnxruntime/OrtSession$RunOptions;)Lai/onnxruntime/OrtSession$Result;' in 'ai/onnxruntime/OrtSession')}
  0x000002296c3ca948: 1748 bba8 | 6637 5329 | 0200 0048 | 83ab 980d | 0000 01e9 | a227 0000 | 4863 fe48 | 8d7c b810 
  0x000002296c3ca968: 410f be5f | 3883 fb00 | 0f85 9527 | 0000 4c8b | d249 c1ea | 0344 8917 | 488b df48 | 33da 48c1 
  0x000002296c3ca988: eb16 4883 | fb00 0f85 | 9527 0000 | 488b 9424 | 8801 0000 

  0x000002296c3ca99c: ;   {metadata(method data for {method} {0x0000022952ecfae0} 'run' '(Ljava/util/Map;Ljava/util/Set;Ljava/util/Map;Lai/onnxruntime/OrtSession$RunOptions;)Lai/onnxruntime/OrtSession$Result;' in 'ai/onnxruntime/OrtSession')}
  0x000002296c3ca99c: 48bf a866 | 3753 2902 | 0000 8b52 | 0849 ba00 | 0000 1029 | 0200 0049 | 03d2 483b | 97e0 0d00 
  0x000002296c3ca9bc: 0075 0d48 | 8387 e80d | 0000 01e9 | 6600 0000 | 483b 97f0 | 0d00 0075 | 0d48 8387 | f80d 0000 
  0x000002296c3ca9dc: 01e9 5000 | 0000 4881 | bfe0 0d00 | 0000 0000 | 0075 1748 | 8997 e00d | 0000 48c7 | 87e8 0d00 
  0x000002296c3ca9fc: 0001 0000 | 00e9 2c00 | 0000 4881 | bff0 0d00 | 0000 0000 | 0075 1748 | 8997 f00d | 0000 48c7 
  0x000002296c3caa1c: 87f8 0d00 | 0001 0000 | 00e9 0800 | 0000 4883 | 87d0 0d00 | 0001 488b | 9424 8801 | 0000 89b4 
  0x000002296c3caa3c: 2474 0100 | 000f 1f40 | 0048 b8ff | ffff ffff 

  0x000002296c3caa4c: ;   {virtual_call}
  0x000002296c3caa4c: ffff ffe8 

  0x000002296c3caa50: ; ImmutableOopMap {[224]=Oop [216]=Oop [232]=Oop [280]=Oop [288]=Oop [376]=Oop [200]=Oop [392]=Oop [360]=Oop [352]=Oop [344]=Oop }
                      ;*invokeinterface getValue {reexecute=0 rethrow=0 return_oop=0}
                      ; - ai.onnxruntime.OrtSession::run@437 (line 394)
  0x000002296c3caa50: 2c6c 1907 | 4883 f800 

  0x000002296c3caa58: ;   {metadata(method data for {method} {0x0000022952ecfae0} 'run' '(Ljava/util/Map;Ljava/util/Set;Ljava/util/Map;Lai/onnxruntime/OrtSession$RunOptions;)Lai/onnxruntime/OrtSession$Result;' in 'ai/onnxruntime/OrtSession')}
  0x000002296c3caa58: 7516 48bf | a866 3753 | 2902 0000 | 808f 010e | 0000 01e9 | ee00 0000 

  0x000002296c3caa70: ;   {metadata('ai/onnxruntime/OnnxValue')}
  0x000002296c3caa70: 48bb b033 | 2911 2902 | 0000 8b78 | 0849 ba00 | 0000 1029 | 0200 0049 | 03fa 483b | 5f20 0f84 
  0x000002296c3caa90: 1b00 0000 | 483b fb0f | 8412 0000 

  0x000002296c3caa9c: ;   {runtime_call slow_subtype_check Runtime1 stub}
  0x000002296c3caa9c: 0057 53e8 | dce6 2307 | 5f5f 83ff | 000f 8493 

  0x000002296c3caaac: ;   {metadata(method data for {method} {0x0000022952ecfae0} 'run' '(Ljava/util/Map;Ljava/util/Set;Ljava/util/Map;Lai/onnxruntime/OrtSession$RunOptions;)Lai/onnxruntime/OrtSession$Result;' in 'ai/onnxruntime/OrtSession')}
  0x000002296c3caaac: 0000 0048 | bfa8 6637 | 5329 0200 | 008b 5808 | 49ba 0000 | 0010 2902 | 0000 4903 | da48 3b9f 
  0x000002296c3caacc: 180e 0000 | 750d 4883 | 8720 0e00 | 0001 e97f | 0000 0048 | 3b9f 280e | 0000 750d | 4883 8730 
  0x000002296c3caaec: 0e00 0001 | e969 0000 | 0048 81bf | 180e 0000 | 0000 0000 | 7517 4889 | 9f18 0e00 | 0048 c787 
  0x000002296c3cab0c: 200e 0000 | 0100 0000 | e945 0000 | 0048 81bf | 280e 0000 | 0000 0000 | 7517 4889 | 9f28 0e00 
  0x000002296c3cab2c: 0048 c787 | 300e 0000 | 0100 0000 | e921 0000 | 00e9 1c00 

  0x000002296c3cab40: ;   {metadata(method data for {method} {0x0000022952ecfae0} 'run' '(Ljava/util/Map;Ljava/util/Set;Ljava/util/Map;Lai/onnxruntime/OrtSession$RunOptions;)Lai/onnxruntime/OrtSession$Result;' in 'ai/onnxruntime/OrtSession')}
  0x000002296c3cab40: 0000 48bf | a866 3753 | 2902 0000 | 4883 af08 | 0e00 0001 | e9e8 2500 | 00e9 0000 | 0000 488b 
  0x000002296c3cab60: d048 8b84 | 2460 0100 | 008b b424 | 7401 0000 | 3b70 0c0f | 83d1 2500 | 0048 83fa 

  0x000002296c3cab7c: ;   {metadata(method data for {method} {0x0000022952ecfae0} 'run' '(Ljava/util/Map;Ljava/util/Set;Ljava/util/Map;Lai/onnxruntime/OrtSession$RunOptions;)Lai/onnxruntime/OrtSession$Result;' in 'ai/onnxruntime/OrtSession')}
  0x000002296c3cab7c: 0075 1648 | bba8 6637 | 5329 0200 | 0080 8b39 | 0e00 0001 | e9ff 0000 | 008b 7808 | 49ba 0000 
  0x000002296c3cab9c: 0010 2902 | 0000 4903 | fa8b 5a08 | 49ba 0000 | 0010 2902 | 0000 4903 | da48 8bbf | e000 0000 
  0x000002296c3cabbc: 483b df0f | 8428 0000 | 008b 4f14 | 483b 3c0b | 0f84 1b00 | 0000 83f9 | 200f 85a2 | 0000 0053 
  0x000002296c3cabdc: ;   {runtime_call slow_subtype_check Runtime1 stub}
  0x000002296c3cabdc: 57e8 9ee5 | 2307 5b5f | 83ff 000f | 8490 0000 

  0x000002296c3cabec: ;   {metadata(method data for {method} {0x0000022952ecfae0} 'run' '(Ljava/util/Map;Ljava/util/Set;Ljava/util/Map;Lai/onnxruntime/OrtSession$RunOptions;)Lai/onnxruntime/OrtSession$Result;' in 'ai/onnxruntime/OrtSession')}
  0x000002296c3cabec: 0048 bba8 | 6637 5329 | 0200 008b | 7a08 49ba | 0000 0010 | 2902 0000 | 4903 fa48 | 3bbb 500e 
  0x000002296c3cac0c: 0000 750d | 4883 8358 | 0e00 0001 | e977 0000 | 0048 3bbb | 600e 0000 | 750d 4883 | 8368 0e00 
  0x000002296c3cac2c: 0001 e961 | 0000 0048 | 81bb 500e | 0000 0000 | 0000 7517 | 4889 bb50 | 0e00 0048 | c783 580e 
  0x000002296c3cac4c: 0000 0100 | 0000 e93d | 0000 0048 | 81bb 600e | 0000 0000 | 0000 7517 | 4889 bb60 | 0e00 0048 
  0x000002296c3cac6c: c783 680e | 0000 0100 | 0000 e919 | 0000 00eb 

  0x000002296c3cac7c: ;   {metadata(method data for {method} {0x0000022952ecfae0} 'run' '(Ljava/util/Map;Ljava/util/Set;Ljava/util/Map;Lai/onnxruntime/OrtSession$RunOptions;)Lai/onnxruntime/OrtSession$Result;' in 'ai/onnxruntime/OrtSession')}
  0x000002296c3cac7c: 1748 bba8 | 6637 5329 | 0200 0048 | 83ab 400e | 0000 01e9 | c924 0000 | 4863 fe48 | 8d7c b810 
  0x000002296c3cac9c: 410f be5f | 3883 fb00 | 0f85 bc24 | 0000 4c8b | d249 c1ea | 0344 8917 | 488b df48 | 33da 48c1 
  0x000002296c3cacbc: eb16 4883 | fb00 0f85 | bc24 0000 | 488b 9424 | 8801 0000 

  0x000002296c3cacd0: ;   {metadata(method data for {method} {0x0000022952ecfae0} 'run' '(Ljava/util/Map;Ljava/util/Set;Ljava/util/Map;Lai/onnxruntime/OrtSession$RunOptions;)Lai/onnxruntime/OrtSession$Result;' in 'ai/onnxruntime/OrtSession')}
  0x000002296c3cacd0: 48bf a866 | 3753 2902 | 0000 8b52 | 0849 ba00 | 0000 1029 | 0200 0049 | 03d2 483b | 9788 0e00 
  0x000002296c3cacf0: 0075 0d48 | 8387 900e | 0000 01e9 | 6600 0000 | 483b 9798 | 0e00 0075 | 0d48 8387 | a00e 0000 
  0x000002296c3cad10: 01e9 5000 | 0000 4881 | bf88 0e00 | 0000 0000 | 0075 1748 | 8997 880e | 0000 48c7 | 8790 0e00 
  0x000002296c3cad30: 0001 0000 | 00e9 2c00 | 0000 4881 | bf98 0e00 | 0000 0000 | 0075 1748 | 8997 980e | 0000 48c7 
  0x000002296c3cad50: 87a0 0e00 | 0001 0000 | 00e9 0800 | 0000 4883 | 8778 0e00 | 0001 488b | 9424 8801 | 0000 89b4 
  0x000002296c3cad70: 2474 0100 | 0048 b8ff | ffff ffff 

  0x000002296c3cad7c: ;   {virtual_call}
  0x000002296c3cad7c: ffff ffe8 

  0x000002296c3cad80: ; ImmutableOopMap {[224]=Oop [216]=Oop [232]=Oop [280]=Oop [288]=Oop [376]=Oop [200]=Oop [360]=Oop [344]=Oop [352]=Oop }
                      ;*invokeinterface getValue {reexecute=0 rethrow=0 return_oop=0}
                      ; - ai.onnxruntime.OrtSession::run@452 (line 395)
  0x000002296c3cad80: fc68 1907 | 4883 f800 

  0x000002296c3cad88: ;   {metadata(method data for {method} {0x0000022952ecfae0} 'run' '(Ljava/util/Map;Ljava/util/Set;Ljava/util/Map;Lai/onnxruntime/OrtSession$RunOptions;)Lai/onnxruntime/OrtSession$Result;' in 'ai/onnxruntime/OrtSession')}
  0x000002296c3cad88: 7516 48bf | a866 3753 | 2902 0000 | 808f a90e | 0000 01e9 | ee00 0000 

  0x000002296c3cada0: ;   {metadata('ai/onnxruntime/OnnxValue')}
  0x000002296c3cada0: 48bb b033 | 2911 2902 | 0000 8b78 | 0849 ba00 | 0000 1029 | 0200 0049 | 03fa 483b | 5f20 0f84 
  0x000002296c3cadc0: 1b00 0000 | 483b fb0f | 8412 0000 

  0x000002296c3cadcc: ;   {runtime_call slow_subtype_check Runtime1 stub}
  0x000002296c3cadcc: 0057 53e8 | ace3 2307 | 5f5f 83ff | 000f 8493 

  0x000002296c3caddc: ;   {metadata(method data for {method} {0x0000022952ecfae0} 'run' '(Ljava/util/Map;Ljava/util/Set;Ljava/util/Map;Lai/onnxruntime/OrtSession$RunOptions;)Lai/onnxruntime/OrtSession$Result;' in 'ai/onnxruntime/OrtSession')}
  0x000002296c3caddc: 0000 0048 | bfa8 6637 | 5329 0200 | 008b 5808 | 49ba 0000 | 0010 2902 | 0000 4903 | da48 3b9f 
  0x000002296c3cadfc: c00e 0000 | 750d 4883 | 87c8 0e00 | 0001 e97f | 0000 0048 | 3b9f d00e | 0000 750d | 4883 87d8 
  0x000002296c3cae1c: 0e00 0001 | e969 0000 | 0048 81bf | c00e 0000 | 0000 0000 | 7517 4889 | 9fc0 0e00 | 0048 c787 
  0x000002296c3cae3c: c80e 0000 | 0100 0000 | e945 0000 | 0048 81bf | d00e 0000 | 0000 0000 | 7517 4889 | 9fd0 0e00 
  0x000002296c3cae5c: 0048 c787 | d80e 0000 | 0100 0000 | e921 0000 | 00e9 1c00 

  0x000002296c3cae70: ;   {metadata(method data for {method} {0x0000022952ecfae0} 'run' '(Ljava/util/Map;Ljava/util/Set;Ljava/util/Map;Lai/onnxruntime/OrtSession$RunOptions;)Lai/onnxruntime/OrtSession$Result;' in 'ai/onnxruntime/OrtSession')}
  0x000002296c3cae70: 0000 48bf | a866 3753 | 2902 0000 | 4883 afb0 | 0e00 0001 | e913 2300 | 00e9 0000 | 0000 488b 
  0x000002296c3cae90: ;   {metadata(method data for {method} {0x0000022952ecfae0} 'run' '(Ljava/util/Map;Ljava/util/Set;Ljava/util/Map;Lai/onnxruntime/OrtSession$RunOptions;)Lai/onnxruntime/OrtSession$Result;' in 'ai/onnxruntime/OrtSession')}
  0x000002296c3cae90: d048 bea8 | 6637 5329 | 0200 0048 | 8386 e80e | 0000 010f 

  0x000002296c3caea4: ;   {static_call}
  0x000002296c3caea4: 1f40 00e8 

  0x000002296c3caea8: ; ImmutableOopMap {[224]=Oop [216]=Oop [232]=Oop [280]=Oop [288]=Oop [376]=Oop [200]=Oop [360]=Oop [344]=Oop [352]=Oop }
                      ;*invokestatic getHandle {reexecute=0 rethrow=0 return_oop=0}
                      ; - ai.onnxruntime.OrtSession::run@460 (line 395)
  0x000002296c3caea8: d46a 1907 | 488b bc24 | 6801 0000 | 8bb4 2474 | 0100 003b | 770c 0f83 | e122 0000 | 4863 d648 
  0x000002296c3caec8: 8944 d710 

  0x000002296c3caecc: ;   {metadata(method data for {method} {0x0000022952ecfae0} 'run' '(Ljava/util/Map;Ljava/util/Set;Ljava/util/Map;Lai/onnxruntime/OrtSession$RunOptions;)Lai/onnxruntime/OrtSession$Result;' in 'ai/onnxruntime/OrtSession')}
  0x000002296c3caecc: ffc6 48ba | a866 3753 | 2902 0000 | ff82 f80e 

  0x000002296c3caedc: ;   {metadata(method data for {method} {0x0000022952ecfae0} 'run' '(Ljava/util/Map;Ljava/util/Set;Ljava/util/Map;Lai/onnxruntime/OrtSession$RunOptions;)Lai/onnxruntime/OrtSession$Result;' in 'ai/onnxruntime/OrtSession')}
  0x000002296c3caedc: 0000 48ba | a866 3753 | 2902 0000 | 8b82 d000 | 0000 83c0 | 0289 82d0 | 0000 0081 | e0fe 3f00 
  0x000002296c3caefc: 0083 f800 | 0f84 ad22 | 0000 4d8b | 9750 0300 

  0x000002296c3caf0c: ; ImmutableOopMap {[224]=Oop [216]=Oop [232]=Oop [280]=Oop [288]=Oop [376]=Oop [200]=Oop [344]=Oop [352]=Oop rdi=Oop [360]=Oop }
                      ;*goto {reexecute=1 rethrow=0 return_oop=0}
                      ; - (reexecute) ai.onnxruntime.OrtSession::run@521 (line 401)
                      ;   {poll}
  0x000002296c3caf0c: 0041 8502 

  0x000002296c3caf10: ;   {metadata(method data for {method} {0x0000022952ecfae0} 'run' '(Ljava/util/Map;Ljava/util/Set;Ljava/util/Map;Lai/onnxruntime/OrtSession$RunOptions;)Lai/onnxruntime/OrtSession$Result;' in 'ai/onnxruntime/OrtSession')}
  0x000002296c3caf10: 48ba a866 | 3753 2902 | 0000 ff82 | f010 0000 | 89b4 2474 | 0100 0048 | 8b84 2478 | 0100 0048 
  0x000002296c3caf30: 3b00 4c8b 

  0x000002296c3caf34: ;   {metadata(method data for {method} {0x0000022952ecfae0} 'run' '(Ljava/util/Map;Ljava/util/Set;Ljava/util/Map;Lai/onnxruntime/OrtSession$RunOptions;)Lai/onnxruntime/OrtSession$Result;' in 'ai/onnxruntime/OrtSession')}
  0x000002296c3caf34: c049 b9a8 | 6637 5329 | 0200 0045 | 8b40 0849 | ba00 0000 | 1029 0200 | 004d 03c2 | 4d3b 81e0 
  0x000002296c3caf54: 0b00 0075 | 0d49 8381 | e80b 0000 | 01e9 6600 | 0000 4d3b | 81f0 0b00 | 0075 0d49 | 8381 f80b 
  0x000002296c3caf74: 0000 01e9 | 5000 0000 | 4981 b9e0 | 0b00 0000 | 0000 0075 | 174d 8981 | e00b 0000 | 49c7 81e8 
  0x000002296c3caf94: 0b00 0001 | 0000 00e9 | 2c00 0000 | 4981 b9f0 | 0b00 0000 | 0000 0075 | 174d 8981 | f00b 0000 
  0x000002296c3cafb4: 49c7 81f8 | 0b00 0001 | 0000 00e9 | 0800 0000 | 4983 81d0 | 0b00 0001 | 488b d066 | 0f1f 4400 
  0x000002296c3cafd4: 0048 b8d0 | 121d 1029 

  0x000002296c3cafdc: ;   {virtual_call}
  0x000002296c3cafdc: 0200 00e8 

  0x000002296c3cafe0: ; ImmutableOopMap {[224]=Oop [216]=Oop [232]=Oop [280]=Oop [288]=Oop [376]=Oop [200]=Oop [344]=Oop [352]=Oop [360]=Oop }
                      ;*invokeinterface hasNext {reexecute=0 rethrow=0 return_oop=0}
                      ; - ai.onnxruntime.OrtSession::run@377 (line 391)
  0x000002296c3cafe0: bcd3 9507 

  0x000002296c3cafe4: ;   {metadata(method data for {method} {0x0000022952ecfae0} 'run' '(Ljava/util/Map;Ljava/util/Set;Ljava/util/Map;Lai/onnxruntime/OrtSession$RunOptions;)Lai/onnxruntime/OrtSession$Result;' in 'ai/onnxruntime/OrtSession')}
  0x000002296c3cafe4: 83f8 0048 | baa8 6637 | 5329 0200 | 0048 c7c6 | 080c 0000 | 0f84 0700 | 0000 48c7 | c618 0c00 
  0x000002296c3cb004: 0048 8b3c | 3248 8d7f | 0148 893c | 320f 8412 | 0700 00e9 | dcf2 ffff | 0f1f 4000 

  0x000002296c3cb020: ;   {no_reloc}
  0x000002296c3cb020: e9c3 2100 | 0000 0000 | 0000 80ba | 3301 0000 | 040f 85c0 | 2100 0049 | 8b87 0801 | 0000 488d 
  0x000002296c3cb040: 7828 493b | bf18 0100 | 000f 87a8 | 2100 0049 | 89bf 0801 | 0000 48c7 | 0001 0000 | 0048 8bca 
  0x000002296c3cb060: 49ba 0000 | 0010 2902 | 0000 492b | ca89 4808 | 4833 c989 | 480c 4833 | c948 8948 | 1048 8948 
  0x000002296c3cb080: 1848 8948 | 2048 8984 | 2498 0100 | 0066 6690 

  0x000002296c3cb090: ;   {no_reloc}
  0x000002296c3cb090: e97e 2100 | 0000 0000 | 0000 498b | 8708 0100 | 0048 8d78 | 1849 3bbf | 1801 0000 | 0f87 6b21 
  0x000002296c3cb0b0: 0000 4989 | bf08 0100 | 0048 c700 | 0100 0000 | 488b ca49 | ba00 0000 | 1029 0200 | 0049 2bca 
  0x000002296c3cb0d0: 8948 0848 | 33c9 8948 | 0c48 33c9 | 4889 4810 

  0x000002296c3cb0e0: ;   {metadata(method data for {method} {0x0000022952ecfae0} 'run' '(Ljava/util/Map;Ljava/util/Set;Ljava/util/Map;Lai/onnxruntime/OrtSession$RunOptions;)Lai/onnxruntime/OrtSession$Result;' in 'ai/onnxruntime/OrtSession')}
  0x000002296c3cb0e0: 4c8b c048 | baa8 6637 | 5329 0200 | 0048 8382 | 100f 0000 

  0x000002296c3cb0f4: ;   {metadata(method data for {method} {0x000002291041f118} '<init>' '()V' in 'java/lang/StringBuilder')}
  0x000002296c3cb0f4: 0149 b8f8 | 7a03 5229 | 0200 0041 | 8b90 cc00 | 0000 83c2 | 0241 8990 | cc00 0000 | 81e2 feff 
  0x000002296c3cb114: 1f00 83fa | 000f 840b | 2100 004c 

  0x000002296c3cb120: ;   {metadata(method data for {method} {0x000002291041f118} '<init>' '()V' in 'java/lang/StringBuilder')}
  0x000002296c3cb120: 8bc0 48ba | f87a 0352 | 2902 0000 | 4883 8210 | 0100 0001 | 41b8 1000 | 0000 488b | d048 8984 
  0x000002296c3cb140: 2490 0100 

  0x000002296c3cb144: ;   {optimized virtual_call}
  0x000002296c3cb144: 0066 90e8 

  0x000002296c3cb148: ; ImmutableOopMap {[400]=Oop [200]=Oop [408]=Oop [392]=Oop }
                      ;*invokespecial <init> {reexecute=0 rethrow=0 return_oop=0}
                      ; - java.lang.StringBuilder::<init>@3 (line 106)
                      ; - ai.onnxruntime.OrtSession::run@478 (line 398)
  0x000002296c3cb148: 3462 1907 | 488b 8424 | 9001 0000 

  0x000002296c3cb154: ;   {metadata(method data for {method} {0x0000022952ecfae0} 'run' '(Ljava/util/Map;Ljava/util/Set;Ljava/util/Map;Lai/onnxruntime/OrtSession$RunOptions;)Lai/onnxruntime/OrtSession$Result;' in 'ai/onnxruntime/OrtSession')}
  0x000002296c3cb154: 49b8 a866 | 3753 2902 | 0000 4983 | 8020 0f00 

  0x000002296c3cb164: ;   {metadata(method data for {method} {0x000002291041f850} 'append' '(Ljava/lang/String;)Ljava/lang/StringBuilder;' in 'java/lang/StringBuilder')}
  0x000002296c3cb164: 0001 49b8 | e87d 0352 | 2902 0000 | 418b 90cc | 0000 0083 | c202 4189 | 90cc 0000 | 0081 e2fe 
  0x000002296c3cb184: ff1f 0083 | fa00 0f84 | bb20 0000 | 488b 8424 | 9001 0000 

  0x000002296c3cb198: ;   {metadata(method data for {method} {0x000002291041f850} 'append' '(Ljava/lang/String;)Ljava/lang/StringBuilder;' in 'java/lang/StringBuilder')}
  0x000002296c3cb198: 49b8 e87d | 0352 2902 | 0000 4983 | 8010 0100 

  0x000002296c3cb1a8: ;   {oop("Unknown output name "{0x000000064435e8a8})}
  0x000002296c3cb1a8: 0001 49b8 | a8e8 3544 | 0600 0000 | 488b 9424 | 9001 0000 

  0x000002296c3cb1bc: ;   {optimized virtual_call}
  0x000002296c3cb1bc: 6666 90e8 

  0x000002296c3cb1c0: ; ImmutableOopMap {[400]=Oop [200]=Oop [408]=Oop [392]=Oop }
                      ;*invokespecial append {reexecute=0 rethrow=0 return_oop=0}
                      ; - java.lang.StringBuilder::append@2 (line 179)
                      ; - ai.onnxruntime.OrtSession::run@483 (line 398)
  0x000002296c3cb1c0: bc61 1907 | 488b b424 | 8801 0000 

  0x000002296c3cb1cc: ;   {metadata(method data for {method} {0x0000022952ecfae0} 'run' '(Ljava/util/Map;Ljava/util/Set;Ljava/util/Map;Lai/onnxruntime/OrtSession$RunOptions;)Lai/onnxruntime/OrtSession$Result;' in 'ai/onnxruntime/OrtSession')}
  0x000002296c3cb1cc: 48ba a866 | 3753 2902 | 0000 8b76 | 0849 ba00 | 0000 1029 | 0200 0049 | 03f2 483b | b268 0f00 
  0x000002296c3cb1ec: 0075 0d48 | 8382 700f | 0000 01e9 | 6600 0000 | 483b b278 | 0f00 0075 | 0d48 8382 | 800f 0000 
  0x000002296c3cb20c: 01e9 5000 | 0000 4881 | ba68 0f00 | 0000 0000 | 0075 1748 | 89b2 680f | 0000 48c7 | 8270 0f00 
  0x000002296c3cb22c: 0001 0000 | 00e9 2c00 | 0000 4881 | ba78 0f00 | 0000 0000 | 0075 1748 | 89b2 780f | 0000 48c7 
  0x000002296c3cb24c: 8280 0f00 | 0001 0000 | 00e9 0800 | 0000 4883 | 8258 0f00 | 0001 488b | 9424 8801 | 0000 6666 
  0x000002296c3cb26c: 9048 b8ff | ffff ffff 

  0x000002296c3cb274: ;   {virtual_call}
  0x000002296c3cb274: ffff ffe8 

  0x000002296c3cb278: ; ImmutableOopMap {[400]=Oop [200]=Oop [408]=Oop }
                      ;*invokeinterface getKey {reexecute=0 rethrow=0 return_oop=0}
                      ; - ai.onnxruntime.OrtSession::run@488 (line 399)
  0x000002296c3cb278: 0464 1907 | 4883 f800 

  0x000002296c3cb280: ;   {metadata(method data for {method} {0x0000022952ecfae0} 'run' '(Ljava/util/Map;Ljava/util/Set;Ljava/util/Map;Lai/onnxruntime/OrtSession$RunOptions;)Lai/onnxruntime/OrtSession$Result;' in 'ai/onnxruntime/OrtSession')}
  0x000002296c3cb280: 7516 48be | a866 3753 | 2902 0000 | 808e 890f | 0000 01e9 | d200 0000 

  0x000002296c3cb298: ;   {metadata('java/lang/String')}
  0x000002296c3cb298: 48bf e0e9 | 0010 2902 | 0000 8b50 | 0849 ba00 | 0000 1029 | 0200 0049 | 03d2 483b | fa0f 8593 
  0x000002296c3cb2b8: ;   {metadata(method data for {method} {0x0000022952ecfae0} 'run' '(Ljava/util/Map;Ljava/util/Set;Ljava/util/Map;Lai/onnxruntime/OrtSession$RunOptions;)Lai/onnxruntime/OrtSession$Result;' in 'ai/onnxruntime/OrtSession')}
  0x000002296c3cb2b8: 0000 0048 | bea8 6637 | 5329 0200 | 008b 7808 | 49ba 0000 | 0010 2902 | 0000 4903 | fa48 3bbe 
  0x000002296c3cb2d8: a00f 0000 | 750d 4883 | 86a8 0f00 | 0001 e97f | 0000 0048 | 3bbe b00f | 0000 750d | 4883 86b8 
  0x000002296c3cb2f8: 0f00 0001 | e969 0000 | 0048 81be | a00f 0000 | 0000 0000 | 7517 4889 | bea0 0f00 | 0048 c786 
  0x000002296c3cb318: a80f 0000 | 0100 0000 | e945 0000 | 0048 81be | b00f 0000 | 0000 0000 | 7517 4889 | beb0 0f00 
  0x000002296c3cb338: 0048 c786 | b80f 0000 | 0100 0000 | e921 0000 | 00e9 1c00 

  0x000002296c3cb34c: ;   {metadata(method data for {method} {0x0000022952ecfae0} 'run' '(Ljava/util/Map;Ljava/util/Set;Ljava/util/Map;Lai/onnxruntime/OrtSession$RunOptions;)Lai/onnxruntime/OrtSession$Result;' in 'ai/onnxruntime/OrtSession')}
  0x000002296c3cb34c: 0000 48be | a866 3753 | 2902 0000 | 4883 ae90 | 0f00 0001 | e907 1f00 | 00e9 0000 | 0000 4c8b 
  0x000002296c3cb36c: c048 8b84 | 2490 0100 

  0x000002296c3cb374: ;   {metadata(method data for {method} {0x0000022952ecfae0} 'run' '(Ljava/util/Map;Ljava/util/Set;Ljava/util/Map;Lai/onnxruntime/OrtSession$RunOptions;)Lai/onnxruntime/OrtSession$Result;' in 'ai/onnxruntime/OrtSession')}
  0x000002296c3cb374: 0048 baa8 | 6637 5329 | 0200 0048 | 8382 c80f 

  0x000002296c3cb384: ;   {metadata(method data for {method} {0x000002291041f850} 'append' '(Ljava/lang/String;)Ljava/lang/StringBuilder;' in 'java/lang/StringBuilder')}
  0x000002296c3cb384: 0000 0148 | bae8 7d03 | 5229 0200 | 008b b2cc | 0000 0083 | c602 89b2 | cc00 0000 | 81e6 feff 
  0x000002296c3cb3a4: 1f00 83fe | 000f 84c6 | 1e00 0048 | 8b84 2490 

  0x000002296c3cb3b4: ;   {metadata(method data for {method} {0x000002291041f850} 'append' '(Ljava/lang/String;)Ljava/lang/StringBuilder;' in 'java/lang/StringBuilder')}
  0x000002296c3cb3b4: 0100 0048 | bae8 7d03 | 5229 0200 | 0048 8382 | 1001 0000 | 0148 8b94 | 2490 0100 | 0066 0f1f 
  0x000002296c3cb3d4: ;   {optimized virtual_call}
  0x000002296c3cb3d4: 4400 00e8 

  0x000002296c3cb3d8: ; ImmutableOopMap {[400]=Oop [200]=Oop [408]=Oop }
                      ;*invokespecial append {reexecute=0 rethrow=0 return_oop=0}
                      ; - java.lang.StringBuilder::append@2 (line 179)
                      ; - ai.onnxruntime.OrtSession::run@496 (line 399)
  0x000002296c3cb3d8: a45f 1907 | 488b 8424 | 9001 0000 

  0x000002296c3cb3e4: ;   {metadata(method data for {method} {0x0000022952ecfae0} 'run' '(Ljava/util/Map;Ljava/util/Set;Ljava/util/Map;Lai/onnxruntime/OrtSession$RunOptions;)Lai/onnxruntime/OrtSession$Result;' in 'ai/onnxruntime/OrtSession')}
  0x000002296c3cb3e4: 49b8 a866 | 3753 2902 | 0000 4983 | 8000 1000 

  0x000002296c3cb3f4: ;   {metadata(method data for {method} {0x000002291041f850} 'append' '(Ljava/lang/String;)Ljava/lang/StringBuilder;' in 'java/lang/StringBuilder')}
  0x000002296c3cb3f4: 0001 49b8 | e87d 0352 | 2902 0000 | 418b 90cc | 0000 0083 | c202 4189 | 90cc 0000 | 0081 e2fe 
  0x000002296c3cb414: ff1f 0083 | fa00 0f84 | 761e 0000 | 488b 8424 | 9001 0000 

  0x000002296c3cb428: ;   {metadata(method data for {method} {0x000002291041f850} 'append' '(Ljava/lang/String;)Ljava/lang/StringBuilder;' in 'java/lang/StringBuilder')}
  0x000002296c3cb428: 49b8 e87d | 0352 2902 | 0000 4983 | 8010 0100 

  0x000002296c3cb438: ;   {oop(", expected one of "{0x000000064435e890})}
  0x000002296c3cb438: 0001 49b8 | 90e8 3544 | 0600 0000 | 488b 9424 | 9001 0000 

  0x000002296c3cb44c: ;   {optimized virtual_call}
  0x000002296c3cb44c: 6666 90e8 

  0x000002296c3cb450: ; ImmutableOopMap {[400]=Oop [200]=Oop [408]=Oop }
                      ;*invokespecial append {reexecute=0 rethrow=0 return_oop=0}
                      ; - java.lang.StringBuilder::append@2 (line 179)
                      ; - ai.onnxruntime.OrtSession::run@501 (line 399)
  0x000002296c3cb450: 2c5f 1907 | 488b 9424 | c800 0000 | 8b52 3048 | c1e2 0348 | 3b02 488b 

  0x000002296c3cb468: ;   {metadata(method data for {method} {0x0000022952ecfae0} 'run' '(Ljava/util/Map;Ljava/util/Set;Ljava/util/Map;Lai/onnxruntime/OrtSession$RunOptions;)Lai/onnxruntime/OrtSession$Result;' in 'ai/onnxruntime/OrtSession')}
  0x000002296c3cb468: f248 bfa8 | 6637 5329 | 0200 008b | 7608 49ba | 0000 0010 | 2902 0000 | 4903 f248 | 3bb7 4810 
  0x000002296c3cb488: 0000 750d | 4883 8750 | 1000 0001 | e966 0000 | 0048 3bb7 | 5810 0000 | 750d 4883 | 8760 1000 
  0x000002296c3cb4a8: 0001 e950 | 0000 0048 | 81bf 4810 | 0000 0000 | 0000 7517 | 4889 b748 | 1000 0048 | c787 5010 
  0x000002296c3cb4c8: 0000 0100 | 0000 e92c | 0000 0048 | 81bf 5810 | 0000 0000 | 0000 7517 | 4889 b758 | 1000 0048 
  0x000002296c3cb4e8: c787 6010 | 0000 0100 | 0000 e908 | 0000 0048 | 8387 3810 | 0000 0166 | 0f1f 4400 | 0048 b8ff 
  0x000002296c3cb508: ffff ffff 

  0x000002296c3cb50c: ;   {virtual_call}
  0x000002296c3cb50c: ffff ffe8 

  0x000002296c3cb510: ; ImmutableOopMap {[400]=Oop [408]=Oop }
                      ;*invokevirtual toString {reexecute=0 rethrow=0 return_oop=0}
                      ; - ai.onnxruntime.OrtSession::run@508 (line 399)
  0x000002296c3cb510: 6c61 1907 | 4c8b 8424 | 9001 0000 

  0x000002296c3cb51c: ;   {metadata(method data for {method} {0x0000022952ecfae0} 'run' '(Ljava/util/Map;Ljava/util/Set;Ljava/util/Map;Lai/onnxruntime/OrtSession$RunOptions;)Lai/onnxruntime/OrtSession$Result;' in 'ai/onnxruntime/OrtSession')}
  0x000002296c3cb51c: 48ba a866 | 3753 2902 | 0000 4883 | 8270 1000 

  0x000002296c3cb52c: ;   {metadata(method data for {method} {0x000002291041f850} 'append' '(Ljava/lang/String;)Ljava/lang/StringBuilder;' in 'java/lang/StringBuilder')}
  0x000002296c3cb52c: 0001 49b8 | e87d 0352 | 2902 0000 | 418b 90cc | 0000 0083 | c202 4189 | 90cc 0000 | 0081 e2fe 
  0x000002296c3cb54c: ff1f 0083 | fa00 0f84 | 641d 0000 | 4c8b 8424 | 9001 0000 

  0x000002296c3cb560: ;   {metadata(method data for {method} {0x000002291041f850} 'append' '(Ljava/lang/String;)Ljava/lang/StringBuilder;' in 'java/lang/StringBuilder')}
  0x000002296c3cb560: 48ba e87d | 0352 2902 | 0000 4883 | 8210 0100 | 0001 4c8b | c048 8b94 | 2490 0100 

  0x000002296c3cb57c: ;   {optimized virtual_call}
  0x000002296c3cb57c: 0066 90e8 

  0x000002296c3cb580: ; ImmutableOopMap {[400]=Oop [408]=Oop }
                      ;*invokespecial append {reexecute=0 rethrow=0 return_oop=0}
                      ; - java.lang.StringBuilder::append@2 (line 179)
                      ; - ai.onnxruntime.OrtSession::run@511 (line 399)
  0x000002296c3cb580: fc5d 1907 | 488b 8424 | 9001 0000 

  0x000002296c3cb58c: ;   {metadata(method data for {method} {0x0000022952ecfae0} 'run' '(Ljava/util/Map;Ljava/util/Set;Ljava/util/Map;Lai/onnxruntime/OrtSession$RunOptions;)Lai/onnxruntime/OrtSession$Result;' in 'ai/onnxruntime/OrtSession')}
  0x000002296c3cb58c: 48ba a866 | 3753 2902 | 0000 4883 | 82a8 1000 

  0x000002296c3cb59c: ;   {metadata(method data for {method} {0x000002291041f170} 'toString' '()Ljava/lang/String;' in 'java/lang/StringBuilder')}
  0x000002296c3cb59c: 0001 48ba | 1085 0352 | 2902 0000 | 448b 82cc | 0000 0041 | 83c0 0244 | 8982 cc00 | 0000 4181 
  0x000002296c3cb5bc: e0fe ff1f | 0041 83f8 | 000f 8412 | 1d00 0048 | 8b84 2490 

  0x000002296c3cb5d0: ;   {metadata(method data for {method} {0x000002291041f170} 'toString' '()Ljava/lang/String;' in 'java/lang/StringBuilder')}
  0x000002296c3cb5d0: 0100 0048 | ba10 8503 | 5229 0200 | 0048 8382 | 1001 0000 

  0x000002296c3cb5e4: ;   {metadata(method data for {method} {0x000002291005d7b8} 'isLatin1' '()Z' in 'java/lang/AbstractStringBuilder')}
  0x000002296c3cb5e4: 0148 ba18 | 3a02 5229 | 0200 0044 | 8b82 cc00 | 0000 4183 | c002 4489 | 82cc 0000 | 0041 81e0 
  0x000002296c3cb604: feff 1f00 | 4183 f800 | 0f84 ec1c 

  0x000002296c3cb610: ;   {metadata(method data for {method} {0x000002291005d7b8} 'isLatin1' '()Z' in 'java/lang/AbstractStringBuilder')}
  0x000002296c3cb610: 0000 48ba | 183a 0252 | 2902 0000 | ff82 2001 | 0000 488b | 8424 9001 | 0000 0fbe | 5010 83fa 
  0x000002296c3cb630: ;   {metadata(method data for {method} {0x000002291005d7b8} 'isLatin1' '()Z' in 'java/lang/AbstractStringBuilder')}
  0x000002296c3cb630: 0048 ba18 | 3a02 5229 | 0200 0049 | c7c0 3001 | 0000 0f85 | 0700 0000 | 49c7 c040 | 0100 004e 
  0x000002296c3cb650: 8b0c 024d | 8d49 014e | 890c 020f | 851a 0000 

  0x000002296c3cb660: ;   {metadata(method data for {method} {0x000002291005d7b8} 'isLatin1' '()Z' in 'java/lang/AbstractStringBuilder')}
  0x000002296c3cb660: 0048 ba18 | 3a02 5229 | 0200 00ff | 8250 0100 | 00ba 0100 | 0000 e905 | 0000 00ba | 0000 0000 
  0x000002296c3cb680: 83e2 0183 

  0x000002296c3cb684: ;   {metadata(method data for {method} {0x000002291041f170} 'toString' '()Ljava/lang/String;' in 'java/lang/StringBuilder')}
  0x000002296c3cb684: fa00 48ba | 1085 0352 | 2902 0000 | 49c7 c048 | 0100 000f | 8407 0000 | 0049 c7c0 | 5801 0000 
  0x000002296c3cb6a4: 4e8b 0c02 | 4d8d 4901 | 4e89 0c02 | 0f84 4300 | 0000 8b50 | 1448 c1e2 | 0344 8b48 

  0x000002296c3cb6c0: ;   {metadata(method data for {method} {0x000002291041f170} 'toString' '()Ljava/lang/String;' in 'java/lang/StringBuilder')}
  0x000002296c3cb6c0: 0c49 b810 | 8503 5229 | 0200 0049 | 8380 6801 | 0000 0141 | b800 0000 | 0066 0f1f 

  0x000002296c3cb6dc: ;   {static_call}
  0x000002296c3cb6dc: 4400 00e8 

  0x000002296c3cb6e0: ; ImmutableOopMap {[408]=Oop }
                      ;*invokestatic newString {reexecute=0 rethrow=0 return_oop=0}
                      ; - java.lang.StringBuilder::toString@16 (line 453)
                      ; - ai.onnxruntime.OrtSession::run@514 (line 399)
  0x000002296c3cb6e0: 9c62 1907 

  0x000002296c3cb6e4: ;   {metadata(method data for {method} {0x000002291041f170} 'toString' '()Ljava/lang/String;' in 'java/lang/StringBuilder')}
  0x000002296c3cb6e4: 48ba 1085 | 0352 2902 | 0000 ff82 | 7801 0000 | e988 1300 | 008b 5014 | 48c1 e203 | 448b 480c 
  0x000002296c3cb704: ;   {metadata(method data for {method} {0x000002291041f170} 'toString' '()Ljava/lang/String;' in 'java/lang/StringBuilder')}
  0x000002296c3cb704: 49b8 1085 | 0352 2902 | 0000 4983 | 8090 0100 | 0001 41b8 | 0000 0000 

  0x000002296c3cb71c: ;   {static_call}
  0x000002296c3cb71c: 6666 90e8 

  0x000002296c3cb720: ; ImmutableOopMap {[408]=Oop }
                      ;*invokestatic newString {reexecute=0 rethrow=0 return_oop=0}
                      ; - java.lang.StringBuilder::toString@31 (line 454)
                      ; - ai.onnxruntime.OrtSession::run@514 (line 399)
  0x000002296c3cb720: 5c62 1907 | e958 1300 | 004c 8b8c | 24d8 0000 | 0049 8bf9 

  0x000002296c3cb734: ;   {metadata(method data for {method} {0x0000022952ecfae0} 'run' '(Ljava/util/Map;Ljava/util/Set;Ljava/util/Map;Lai/onnxruntime/OrtSession$RunOptions;)Lai/onnxruntime/OrtSession$Result;' in 'ai/onnxruntime/OrtSession')}
  0x000002296c3cb734: 48bb a866 | 3753 2902 | 0000 8b7f | 0849 ba00 | 0000 1029 | 0200 0049 | 03fa 483b | bb18 1100 
  0x000002296c3cb754: 0075 0d48 | 8383 2011 | 0000 01e9 | 6600 0000 | 483b bb28 | 1100 0075 | 0d48 8383 | 3011 0000 
  0x000002296c3cb774: 01e9 5000 | 0000 4881 | bb18 1100 | 0000 0000 | 0075 1748 | 89bb 1811 | 0000 48c7 | 8320 1100 
  0x000002296c3cb794: 0001 0000 | 00e9 2c00 | 0000 4881 | bb28 1100 | 0000 0000 | 0075 1748 | 89bb 2811 | 0000 48c7 
  0x000002296c3cb7b4: 8330 1100 | 0001 0000 | 00e9 0800 | 0000 4883 | 8308 1100 | 0001 498b | d148 b820 | ad0e 1029 
  0x000002296c3cb7d4: ;   {virtual_call}
  0x000002296c3cb7d4: 0200 00e8 

  0x000002296c3cb7d8: ; ImmutableOopMap {[224]=Oop [232]=Oop [280]=Oop [288]=Oop [344]=Oop [352]=Oop [360]=Oop [200]=Oop }
                      ;*invokeinterface iterator {reexecute=0 rethrow=0 return_oop=0}
                      ; - ai.onnxruntime.OrtSession::run@525 (line 402)
  0x000002296c3cb7d8: 6453 d7ff | 4889 8424 | a001 0000 | 8bb4 2474 | 0100 0089 | b424 a801 | 0000 e972 | 0500 0090 
  0x000002296c3cb7f8: 488b 8424 | a001 0000 

  0x000002296c3cb800: ;   {metadata(method data for {method} {0x0000022952ecfae0} 'run' '(Ljava/util/Map;Ljava/util/Set;Ljava/util/Map;Lai/onnxruntime/OrtSession$RunOptions;)Lai/onnxruntime/OrtSession$Result;' in 'ai/onnxruntime/OrtSession')}
  0x000002296c3cb800: 48be a866 | 3753 2902 | 0000 8b40 | 0849 ba00 | 0000 1029 | 0200 0049 | 03c2 483b | 86a8 1100 
  0x000002296c3cb820: 0075 0d48 | 8386 b011 | 0000 01e9 | 6600 0000 | 483b 86b8 | 1100 0075 | 0d48 8386 | c011 0000 
  0x000002296c3cb840: 01e9 5000 | 0000 4881 | bea8 1100 | 0000 0000 | 0075 1748 | 8986 a811 | 0000 48c7 | 86b0 1100 
  0x000002296c3cb860: 0001 0000 | 00e9 2c00 | 0000 4881 | beb8 1100 | 0000 0000 | 0075 1748 | 8986 b811 | 0000 48c7 
  0x000002296c3cb880: 86c0 1100 | 0001 0000 | 00e9 0800 | 0000 4883 | 8698 1100 | 0001 488b | 9424 a001 | 0000 0f1f 
  0x000002296c3cb8a0: 8000 0000 | 0048 b830 | 3305 1129 

  0x000002296c3cb8ac: ;   {virtual_call}
  0x000002296c3cb8ac: 0200 00e8 

  0x000002296c3cb8b0: ; ImmutableOopMap {[232]=Oop [280]=Oop [288]=Oop [352]=Oop [360]=Oop [416]=Oop [344]=Oop [224]=Oop [200]=Oop }
                      ;*invokeinterface next {reexecute=0 rethrow=0 return_oop=0}
                      ; - ai.onnxruntime.OrtSession::run@544 (line 402)
  0x000002296c3cb8b0: 8cea 7200 | 4883 f800 

  0x000002296c3cb8b8: ;   {metadata(method data for {method} {0x0000022952ecfae0} 'run' '(Ljava/util/Map;Ljava/util/Set;Ljava/util/Map;Lai/onnxruntime/OrtSession$RunOptions;)Lai/onnxruntime/OrtSession$Result;' in 'ai/onnxruntime/OrtSession')}
  0x000002296c3cb8b8: 7516 48ba | a866 3753 | 2902 0000 | 808a c911 | 0000 01e9 | d300 0000 

  0x000002296c3cb8d0: ;   {metadata('java/lang/String')}
  0x000002296c3cb8d0: 48bf e0e9 | 0010 2902 | 0000 448b | 4008 49ba | 0000 0010 | 2902 0000 | 4d03 c249 | 3bf8 0f85 
  0x000002296c3cb8f0: 9300 0000 

  0x000002296c3cb8f4: ;   {metadata(method data for {method} {0x0000022952ecfae0} 'run' '(Ljava/util/Map;Ljava/util/Set;Ljava/util/Map;Lai/onnxruntime/OrtSession$RunOptions;)Lai/onnxruntime/OrtSession$Result;' in 'ai/onnxruntime/OrtSession')}
  0x000002296c3cb8f4: 48ba a866 | 3753 2902 | 0000 8b78 | 0849 ba00 | 0000 1029 | 0200 0049 | 03fa 483b | bae0 1100 
  0x000002296c3cb914: 0075 0d48 | 8382 e811 | 0000 01e9 | 7f00 0000 | 483b baf0 | 1100 0075 | 0d48 8382 | f811 0000 
  0x000002296c3cb934: 01e9 6900 | 0000 4881 | bae0 1100 | 0000 0000 | 0075 1748 | 89ba e011 | 0000 48c7 | 82e8 1100 
  0x000002296c3cb954: 0001 0000 | 00e9 4500 | 0000 4881 | baf0 1100 | 0000 0000 | 0075 1748 | 89ba f011 | 0000 48c7 
  0x000002296c3cb974: 82f8 1100 | 0001 0000 | 00e9 2100 | 0000 e91c 

  0x000002296c3cb984: ;   {metadata(method data for {method} {0x0000022952ecfae0} 'run' '(Ljava/util/Map;Ljava/util/Set;Ljava/util/Map;Lai/onnxruntime/OrtSession$RunOptions;)Lai/onnxruntime/OrtSession$Result;' in 'ai/onnxruntime/OrtSession')}
  0x000002296c3cb984: 0000 0048 | baa8 6637 | 5329 0200 | 0048 83aa | d011 0000 | 01e9 8119 | 0000 e900 | 0000 0048 
  0x000002296c3cb9a4: 8bf0 4889 | b424 b001 | 0000 488b | 9424 c800 | 0000 8b7a | 3048 c1e7 | 0348 3b07 

  0x000002296c3cb9c0: ;   {metadata(method data for {method} {0x0000022952ecfae0} 'run' '(Ljava/util/Map;Ljava/util/Set;Ljava/util/Map;Lai/onnxruntime/OrtSession$RunOptions;)Lai/onnxruntime/OrtSession$Result;' in 'ai/onnxruntime/OrtSession')}
  0x000002296c3cb9c0: 4c8b c748 | bba8 6637 | 5329 0200 | 0045 8b40 | 0849 ba00 | 0000 1029 | 0200 004d | 03c2 4c3b 
  0x000002296c3cb9e0: 8318 1200 | 0075 0d48 | 8383 2012 | 0000 01e9 | 6600 0000 | 4c3b 8328 | 1200 0075 | 0d48 8383 
  0x000002296c3cba00: 3012 0000 | 01e9 5000 | 0000 4881 | bb18 1200 | 0000 0000 | 0075 174c | 8983 1812 | 0000 48c7 
  0x000002296c3cba20: 8320 1200 | 0001 0000 | 00e9 2c00 | 0000 4881 | bb28 1200 | 0000 0000 | 0075 174c | 8983 2812 
  0x000002296c3cba40: 0000 48c7 | 8330 1200 | 0001 0000 | 00e9 0800 | 0000 4883 | 8308 1200 | 0001 4c8b | c648 8bd7 
  0x000002296c3cba60: 0f1f 4400 | 0048 b820 | ad0e 1029 

  0x000002296c3cba6c: ;   {virtual_call}
  0x000002296c3cba6c: 0200 00e8 

  0x000002296c3cba70: ; ImmutableOopMap {[232]=Oop [280]=Oop [288]=Oop [352]=Oop [360]=Oop [416]=Oop [344]=Oop [224]=Oop [432]=Oop [200]=Oop }
                      ;*invokeinterface contains {reexecute=0 rethrow=0 return_oop=0}
                      ; - ai.onnxruntime.OrtSession::run@560 (line 403)
  0x000002296c3cba70: 4cf7 e3ff 

  0x000002296c3cba74: ;   {metadata(method data for {method} {0x0000022952ecfae0} 'run' '(Ljava/util/Map;Ljava/util/Set;Ljava/util/Map;Lai/onnxruntime/OrtSession$RunOptions;)Lai/onnxruntime/OrtSession$Result;' in 'ai/onnxruntime/OrtSession')}
  0x000002296c3cba74: 83f8 0049 | b8a8 6637 | 5329 0200 | 0048 c7c2 | 4012 0000 | 0f84 0700 | 0000 48c7 | c250 1200 
  0x000002296c3cba94: 0049 8b34 | 1048 8d76 | 0149 8934 | 100f 84ea | 0700 0048 | 8bbc 24e0 

  0x000002296c3cbaac: ;   {metadata(method data for {method} {0x0000022952ecfae0} 'run' '(Ljava/util/Map;Ljava/util/Set;Ljava/util/Map;Lai/onnxruntime/OrtSession$RunOptions;)Lai/onnxruntime/OrtSession$Result;' in 'ai/onnxruntime/OrtSession')}
  0x000002296c3cbaac: 0000 0049 | b8a8 6637 | 5329 0200 | 008b 7f08 | 49ba 0000 | 0010 2902 | 0000 4903 | fa49 3bb8 
  0x000002296c3cbacc: 7012 0000 | 750d 4983 | 8078 1200 | 0001 e966 | 0000 0049 | 3bb8 8012 | 0000 750d | 4983 8088 
  0x000002296c3cbaec: 1200 0001 | e950 0000 | 0049 81b8 | 7012 0000 | 0000 0000 | 7517 4989 | b870 1200 | 0049 c780 
  0x000002296c3cbb0c: 7812 0000 | 0100 0000 | e92c 0000 | 0049 81b8 | 8012 0000 | 0000 0000 | 7517 4989 | b880 1200 
  0x000002296c3cbb2c: 0049 c780 | 8812 0000 | 0100 0000 | e908 0000 | 0049 8380 | 6012 0000 | 014c 8b84 | 24b0 0100 
  0x000002296c3cbb4c: 0048 8b94 | 24e0 0000 | 0048 b8b0 | 1c06 1029 

  0x000002296c3cbb5c: ;   {virtual_call}
  0x000002296c3cbb5c: 0200 00e8 

  0x000002296c3cbb60: ; ImmutableOopMap {[232]=Oop [280]=Oop [288]=Oop [352]=Oop [360]=Oop [416]=Oop [344]=Oop [224]=Oop [432]=Oop [200]=Oop }
                      ;*invokeinterface containsKey {reexecute=0 rethrow=0 return_oop=0}
                      ; - ai.onnxruntime.OrtSession::run@571 (line 404)
  0x000002296c3cbb60: bc91 ae07 

  0x000002296c3cbb64: ;   {metadata(method data for {method} {0x0000022952ecfae0} 'run' '(Ljava/util/Map;Ljava/util/Set;Ljava/util/Map;Lai/onnxruntime/OrtSession$RunOptions;)Lai/onnxruntime/OrtSession$Result;' in 'ai/onnxruntime/OrtSession')}
  0x000002296c3cbb64: 83f8 0048 | baa8 6637 | 5329 0200 | 0048 c7c6 | 9812 0000 | 0f85 0700 | 0000 48c7 | c6a8 1200 
  0x000002296c3cbb84: 0048 8b3c | 3248 8d7f | 0148 893c | 320f 85bd | 0200 0048 | 8b9c 24b0 | 0100 008b | b424 a801 
  0x000002296c3cbba4: 0000 488b | 8424 5801 | 0000 3b70 | 0c0f 8376 | 1700 0048 | 83fb 0075 

  0x000002296c3cbbbc: ;   {metadata(method data for {method} {0x0000022952ecfae0} 'run' '(Ljava/util/Map;Ljava/util/Set;Ljava/util/Map;Lai/onnxruntime/OrtSession$RunOptions;)Lai/onnxruntime/OrtSession$Result;' in 'ai/onnxruntime/OrtSession')}
  0x000002296c3cbbbc: 1648 bfa8 | 6637 5329 | 0200 0080 | 8fb1 1200 | 0001 e9ff | 0000 008b | 5008 49ba | 0000 0010 
  0x000002296c3cbbdc: 2902 0000 | 4903 d28b | 7b08 49ba | 0000 0010 | 2902 0000 | 4903 fa48 | 8b92 e000 | 0000 483b 
  0x000002296c3cbbfc: fa0f 8428 | 0000 008b | 4a14 483b | 140f 0f84 | 1b00 0000 | 83f9 200f | 85a2 0000 

  0x000002296c3cbc18: ;   {runtime_call slow_subtype_check Runtime1 stub}
  0x000002296c3cbc18: 0057 52e8 | 60d5 2307 | 5f5a 83fa | 000f 8490 

  0x000002296c3cbc28: ;   {metadata(method data for {method} {0x0000022952ecfae0} 'run' '(Ljava/util/Map;Ljava/util/Set;Ljava/util/Map;Lai/onnxruntime/OrtSession$RunOptions;)Lai/onnxruntime/OrtSession$Result;' in 'ai/onnxruntime/OrtSession')}
  0x000002296c3cbc28: 0000 0048 | bfa8 6637 | 5329 0200 | 008b 5308 | 49ba 0000 | 0010 2902 | 0000 4903 | d248 3b97 
  0x000002296c3cbc48: c812 0000 | 750d 4883 | 87d0 1200 | 0001 e977 | 0000 0048 | 3b97 d812 | 0000 750d | 4883 87e0 
  0x000002296c3cbc68: 1200 0001 | e961 0000 | 0048 81bf | c812 0000 | 0000 0000 | 7517 4889 | 97c8 1200 | 0048 c787 
  0x000002296c3cbc88: d012 0000 | 0100 0000 | e93d 0000 | 0048 81bf | d812 0000 | 0000 0000 | 7517 4889 | 97d8 1200 
  0x000002296c3cbca8: 0048 c787 | e012 0000 | 0100 0000 | e919 0000 

  0x000002296c3cbcb8: ;   {metadata(method data for {method} {0x0000022952ecfae0} 'run' '(Ljava/util/Map;Ljava/util/Set;Ljava/util/Map;Lai/onnxruntime/OrtSession$RunOptions;)Lai/onnxruntime/OrtSession$Result;' in 'ai/onnxruntime/OrtSession')}
  0x000002296c3cbcb8: 00eb 1748 | bfa8 6637 | 5329 0200 | 0048 83af | b812 0000 | 01e9 6e16 | 0000 4863 | d648 8d54 
  0x000002296c3cbcd8: 9010 410f | be7f 3883 | ff00 0f85 | 6116 0000 | 4c8b d349 | c1ea 0344 | 8912 488b | fa48 33fb 
  0x000002296c3cbcf8: 48c1 ef16 | 4883 ff00 | 0f85 6116 | 0000 ffc6 

  0x000002296c3cbd08: ;   {metadata(method data for {method} {0x0000022952ecfae0} 'run' '(Ljava/util/Map;Ljava/util/Set;Ljava/util/Map;Lai/onnxruntime/OrtSession$RunOptions;)Lai/onnxruntime/OrtSession$Result;' in 'ai/onnxruntime/OrtSession')}
  0x000002296c3cbd08: 48ba a866 | 3753 2902 | 0000 ff82 | f012 0000 

  0x000002296c3cbd18: ;   {metadata(method data for {method} {0x0000022952ecfae0} 'run' '(Ljava/util/Map;Ljava/util/Set;Ljava/util/Map;Lai/onnxruntime/OrtSession$RunOptions;)Lai/onnxruntime/OrtSession$Result;' in 'ai/onnxruntime/OrtSession')}
  0x000002296c3cbd18: 48ba a866 | 3753 2902 | 0000 8bba | d000 0000 | 83c7 0289 | bad0 0000 | 0081 e7fe | 3f00 0083 
  0x000002296c3cbd38: ff00 0f84 | 3f16 0000 | 4d8b 9750 

  0x000002296c3cbd44: ; ImmutableOopMap {[232]=Oop [280]=Oop [288]=Oop [352]=Oop [360]=Oop [416]=Oop [224]=Oop [200]=Oop rax=Oop [344]=Oop }
                      ;*goto {reexecute=1 rethrow=0 return_oop=0}
                      ; - (reexecute) ai.onnxruntime.OrtSession::run@668 (line 419)
                      ;   {poll}
  0x000002296c3cbd44: 0300 0041 

  0x000002296c3cbd48: ;   {metadata(method data for {method} {0x0000022952ecfae0} 'run' '(Ljava/util/Map;Ljava/util/Set;Ljava/util/Map;Lai/onnxruntime/OrtSession$RunOptions;)Lai/onnxruntime/OrtSession$Result;' in 'ai/onnxruntime/OrtSession')}
  0x000002296c3cbd48: 8502 48ba | a866 3753 | 2902 0000 | ff82 7815 | 0000 89b4 | 24a8 0100 | 0048 8b84 | 24a0 0100 
  0x000002296c3cbd68: 0048 3b00 

  0x000002296c3cbd6c: ;   {metadata(method data for {method} {0x0000022952ecfae0} 'run' '(Ljava/util/Map;Ljava/util/Set;Ljava/util/Map;Lai/onnxruntime/OrtSession$RunOptions;)Lai/onnxruntime/OrtSession$Result;' in 'ai/onnxruntime/OrtSession')}
  0x000002296c3cbd6c: 488b c849 | b8a8 6637 | 5329 0200 | 008b 4908 | 49ba 0000 | 0010 2902 | 0000 4903 | ca49 3b88 
  0x000002296c3cbd8c: 5011 0000 | 750d 4983 | 8058 1100 | 0001 e966 | 0000 0049 | 3b88 6011 | 0000 750d | 4983 8068 
  0x000002296c3cbdac: 1100 0001 | e950 0000 | 0049 81b8 | 5011 0000 | 0000 0000 | 7517 4989 | 8850 1100 | 0049 c780 
  0x000002296c3cbdcc: 5811 0000 | 0100 0000 | e92c 0000 | 0049 81b8 | 6011 0000 | 0000 0000 | 7517 4989 | 8860 1100 
  0x000002296c3cbdec: 0049 c780 | 6811 0000 | 0100 0000 | e908 0000 | 0049 8380 | 4011 0000 | 0148 8bd0 | 0f1f 4400 
  0x000002296c3cbe0c: 0048 b830 | 3305 1129 

  0x000002296c3cbe14: ;   {virtual_call}
  0x000002296c3cbe14: 0200 00e8 

  0x000002296c3cbe18: ; ImmutableOopMap {[232]=Oop [280]=Oop [288]=Oop [352]=Oop [360]=Oop [416]=Oop [344]=Oop [200]=Oop [224]=Oop }
                      ;*invokeinterface hasNext {reexecute=0 rethrow=0 return_oop=0}
                      ; - ai.onnxruntime.OrtSession::run@534 (line 402)
  0x000002296c3cbe18: 84d9 f8ff 

  0x000002296c3cbe1c: ;   {metadata(method data for {method} {0x0000022952ecfae0} 'run' '(Ljava/util/Map;Ljava/util/Set;Ljava/util/Map;Lai/onnxruntime/OrtSession$RunOptions;)Lai/onnxruntime/OrtSession$Result;' in 'ai/onnxruntime/OrtSession')}
  0x000002296c3cbe1c: 83f8 0048 | baa8 6637 | 5329 0200 | 0048 c7c6 | 7811 0000 | 0f84 0700 | 0000 48c7 | c688 1100 
  0x000002296c3cbe3c: 0048 8b3c | 3248 8d7f | 0148 893c | 320f 84b2 | 0900 00e9 | a4f9 ffff | 0f1f 4000 

  0x000002296c3cbe58: ;   {no_reloc}
  0x000002296c3cbe58: e957 1500 | 0000 0000 | 0000 80ba | 3301 0000 | 040f 8554 | 1500 0049 | 8b87 0801 | 0000 488d 
  0x000002296c3cbe78: 7828 493b | bf18 0100 | 000f 873c | 1500 0049 | 89bf 0801 | 0000 48c7 | 0001 0000 | 0048 8bca 
  0x000002296c3cbe98: 49ba 0000 | 0010 2902 | 0000 492b | ca89 4808 | 4833 c989 | 480c 4833 | c948 8948 | 1048 8948 
  0x000002296c3cbeb8: 1848 8948 | 2048 8984 | 24c0 0100 | 0066 6690 

  0x000002296c3cbec8: ;   {no_reloc}
  0x000002296c3cbec8: e912 1500 | 0000 0000 | 0000 498b | 8708 0100 | 0048 8d78 | 1849 3bbf | 1801 0000 | 0f87 ff14 
  0x000002296c3cbee8: 0000 4989 | bf08 0100 | 0048 c700 | 0100 0000 | 488b ca49 | ba00 0000 | 1029 0200 | 0049 2bca 
  0x000002296c3cbf08: 8948 0848 | 33c9 8948 | 0c48 33c9 | 4889 4810 

  0x000002296c3cbf18: ;   {metadata(method data for {method} {0x0000022952ecfae0} 'run' '(Ljava/util/Map;Ljava/util/Set;Ljava/util/Map;Lai/onnxruntime/OrtSession$RunOptions;)Lai/onnxruntime/OrtSession$Result;' in 'ai/onnxruntime/OrtSession')}
  0x000002296c3cbf18: 4c8b c048 | baa8 6637 | 5329 0200 | 0048 8382 | 0813 0000 

  0x000002296c3cbf2c: ;   {metadata(method data for {method} {0x000002291041f118} '<init>' '()V' in 'java/lang/StringBuilder')}
  0x000002296c3cbf2c: 0149 b8f8 | 7a03 5229 | 0200 0041 | 8b90 cc00 | 0000 83c2 | 0241 8990 | cc00 0000 | 81e2 feff 
  0x000002296c3cbf4c: 1f00 83fa | 000f 849f | 1400 004c 

  0x000002296c3cbf58: ;   {metadata(method data for {method} {0x000002291041f118} '<init>' '()V' in 'java/lang/StringBuilder')}
  0x000002296c3cbf58: 8bc0 48ba | f87a 0352 | 2902 0000 | 4883 8210 | 0100 0001 | 41b8 1000 | 0000 488b | d048 8984 
  0x000002296c3cbf78: 24b8 0100 

  0x000002296c3cbf7c: ;   {optimized virtual_call}
  0x000002296c3cbf7c: 0066 90e8 

  0x000002296c3cbf80: ; ImmutableOopMap {[432]=Oop [448]=Oop [440]=Oop }
                      ;*invokespecial <init> {reexecute=0 rethrow=0 return_oop=0}
                      ; - java.lang.StringBuilder::<init>@3 (line 106)
                      ; - ai.onnxruntime.OrtSession::run@600 (line 410)
  0x000002296c3cbf80: fc53 1907 | 488b 8424 | b801 0000 

  0x000002296c3cbf8c: ;   {metadata(method data for {method} {0x0000022952ecfae0} 'run' '(Ljava/util/Map;Ljava/util/Set;Ljava/util/Map;Lai/onnxruntime/OrtSession$RunOptions;)Lai/onnxruntime/OrtSession$Result;' in 'ai/onnxruntime/OrtSession')}
  0x000002296c3cbf8c: 49b8 a866 | 3753 2902 | 0000 4983 | 8018 1300 

  0x000002296c3cbf9c: ;   {metadata(method data for {method} {0x000002291041f850} 'append' '(Ljava/lang/String;)Ljava/lang/StringBuilder;' in 'java/lang/StringBuilder')}
  0x000002296c3cbf9c: 0001 49b8 | e87d 0352 | 2902 0000 | 418b 90cc | 0000 0083 | c202 4189 | 90cc 0000 | 0081 e2fe 
  0x000002296c3cbfbc: ff1f 0083 | fa00 0f84 | 4f14 0000 | 488b 8424 | b801 0000 

  0x000002296c3cbfd0: ;   {metadata(method data for {method} {0x000002291041f850} 'append' '(Ljava/lang/String;)Ljava/lang/StringBuilder;' in 'java/lang/StringBuilder')}
  0x000002296c3cbfd0: 49b8 e87d | 0352 2902 | 0000 4983 | 8010 0100 

  0x000002296c3cbfe0: ;   {oop("Output '"{0x000000064435e8c0})}
  0x000002296c3cbfe0: 0001 49b8 | c0e8 3544 | 0600 0000 | 488b 9424 | b801 0000 

  0x000002296c3cbff4: ;   {optimized virtual_call}
  0x000002296c3cbff4: 6666 90e8 

  0x000002296c3cbff8: ; ImmutableOopMap {[432]=Oop [448]=Oop [440]=Oop }
                      ;*invokespecial append {reexecute=0 rethrow=0 return_oop=0}
                      ; - java.lang.StringBuilder::append@2 (line 179)
                      ; - ai.onnxruntime.OrtSession::run@605 (line 410)
  0x000002296c3cbff8: 8453 1907 | 488b 8424 | b801 0000 

  0x000002296c3cc004: ;   {metadata(method data for {method} {0x0000022952ecfae0} 'run' '(Ljava/util/Map;Ljava/util/Set;Ljava/util/Map;Lai/onnxruntime/OrtSession$RunOptions;)Lai/onnxruntime/OrtSession$Result;' in 'ai/onnxruntime/OrtSession')}
  0x000002296c3cc004: 49b8 a866 | 3753 2902 | 0000 4983 | 8050 1300 

  0x000002296c3cc014: ;   {metadata(method data for {method} {0x000002291041f850} 'append' '(Ljava/lang/String;)Ljava/lang/StringBuilder;' in 'java/lang/StringBuilder')}
  0x000002296c3cc014: 0001 49b8 | e87d 0352 | 2902 0000 | 418b 90cc | 0000 0083 | c202 4189 | 90cc 0000 | 0081 e2fe 
  0x000002296c3cc034: ff1f 0083 | fa00 0f84 | f813 0000 | 488b 8424 | b801 0000 

  0x000002296c3cc048: ;   {metadata(method data for {method} {0x000002291041f850} 'append' '(Ljava/lang/String;)Ljava/lang/StringBuilder;' in 'java/lang/StringBuilder')}
  0x000002296c3cc048: 49b8 e87d | 0352 2902 | 0000 4983 | 8010 0100 | 0001 4c8b | 8424 b001 | 0000 488b | 9424 b801 
  0x000002296c3cc068: 0000 0f1f 

  0x000002296c3cc06c: ;   {optimized virtual_call}
  0x000002296c3cc06c: 4400 00e8 

  0x000002296c3cc070: ; ImmutableOopMap {[448]=Oop [440]=Oop }
                      ;*invokespecial append {reexecute=0 rethrow=0 return_oop=0}
                      ; - java.lang.StringBuilder::append@2 (line 179)
                      ; - ai.onnxruntime.OrtSession::run@610 (line 410)
  0x000002296c3cc070: 0c53 1907 | 488b 8424 | b801 0000 

  0x000002296c3cc07c: ;   {metadata(method data for {method} {0x0000022952ecfae0} 'run' '(Ljava/util/Map;Ljava/util/Set;Ljava/util/Map;Lai/onnxruntime/OrtSession$RunOptions;)Lai/onnxruntime/OrtSession$Result;' in 'ai/onnxruntime/OrtSession')}
  0x000002296c3cc07c: 49b8 a866 | 3753 2902 | 0000 4983 | 8088 1300 

  0x000002296c3cc08c: ;   {metadata(method data for {method} {0x000002291041f850} 'append' '(Ljava/lang/String;)Ljava/lang/StringBuilder;' in 'java/lang/StringBuilder')}
  0x000002296c3cc08c: 0001 49b8 | e87d 0352 | 2902 0000 | 418b 90cc | 0000 0083 | c202 4189 | 90cc 0000 | 0081 e2fe 
  0x000002296c3cc0ac: ff1f 0083 | fa00 0f84 | a113 0000 | 488b 8424 | b801 0000 

  0x000002296c3cc0c0: ;   {metadata(method data for {method} {0x000002291041f850} 'append' '(Ljava/lang/String;)Ljava/lang/StringBuilder;' in 'java/lang/StringBuilder')}
  0x000002296c3cc0c0: 49b8 e87d | 0352 2902 | 0000 4983 | 8010 0100 

  0x000002296c3cc0d0: ;   {oop("' was found in both the requested outputs and the pinned outputs"{0x000000064435e8d8})}
  0x000002296c3cc0d0: 0001 49b8 | d8e8 3544 | 0600 0000 | 488b 9424 | b801 0000 

  0x000002296c3cc0e4: ;   {optimized virtual_call}
  0x000002296c3cc0e4: 6666 90e8 

  0x000002296c3cc0e8: ; ImmutableOopMap {[448]=Oop [440]=Oop }
                      ;*invokespecial append {reexecute=0 rethrow=0 return_oop=0}
                      ; - java.lang.StringBuilder::append@2 (line 179)
                      ; - ai.onnxruntime.OrtSession::run@615 (line 410)
  0x000002296c3cc0e8: 9452 1907 | 488b 8424 | b801 0000 

  0x000002296c3cc0f4: ;   {metadata(method data for {method} {0x0000022952ecfae0} 'run' '(Ljava/util/Map;Ljava/util/Set;Ljava/util/Map;Lai/onnxruntime/OrtSession$RunOptions;)Lai/onnxruntime/OrtSession$Result;' in 'ai/onnxruntime/OrtSession')}
  0x000002296c3cc0f4: 48ba a866 | 3753 2902 | 0000 4883 | 82c0 1300 

  0x000002296c3cc104: ;   {metadata(method data for {method} {0x000002291041f170} 'toString' '()Ljava/lang/String;' in 'java/lang/StringBuilder')}
  0x000002296c3cc104: 0001 48ba | 1085 0352 | 2902 0000 | 448b 82cc | 0000 0041 | 83c0 0244 | 8982 cc00 | 0000 4181 
  0x000002296c3cc124: e0fe ff1f | 0041 83f8 | 000f 8447 | 1300 0048 | 8b84 24b8 

  0x000002296c3cc138: ;   {metadata(method data for {method} {0x000002291041f170} 'toString' '()Ljava/lang/String;' in 'java/lang/StringBuilder')}
  0x000002296c3cc138: 0100 0048 | ba10 8503 | 5229 0200 | 0048 8382 | 1001 0000 

  0x000002296c3cc14c: ;   {metadata(method data for {method} {0x000002291005d7b8} 'isLatin1' '()Z' in 'java/lang/AbstractStringBuilder')}
  0x000002296c3cc14c: 0148 ba18 | 3a02 5229 | 0200 0044 | 8b82 cc00 | 0000 4183 | c002 4489 | 82cc 0000 | 0041 81e0 
  0x000002296c3cc16c: feff 1f00 | 4183 f800 | 0f84 2113 

  0x000002296c3cc178: ;   {metadata(method data for {method} {0x000002291005d7b8} 'isLatin1' '()Z' in 'java/lang/AbstractStringBuilder')}
  0x000002296c3cc178: 0000 48ba | 183a 0252 | 2902 0000 | ff82 2001 | 0000 488b | 8424 b801 | 0000 0fbe | 5010 83fa 
  0x000002296c3cc198: ;   {metadata(method data for {method} {0x000002291005d7b8} 'isLatin1' '()Z' in 'java/lang/AbstractStringBuilder')}
  0x000002296c3cc198: 0048 ba18 | 3a02 5229 | 0200 0049 | c7c0 3001 | 0000 0f85 | 0700 0000 | 49c7 c040 | 0100 004e 
  0x000002296c3cc1b8: 8b0c 024d | 8d49 014e | 890c 020f | 851a 0000 

  0x000002296c3cc1c8: ;   {metadata(method data for {method} {0x000002291005d7b8} 'isLatin1' '()Z' in 'java/lang/AbstractStringBuilder')}
  0x000002296c3cc1c8: 0048 ba18 | 3a02 5229 | 0200 00ff | 8250 0100 | 00ba 0100 | 0000 e905 | 0000 00ba | 0000 0000 
  0x000002296c3cc1e8: 83e2 0183 

  0x000002296c3cc1ec: ;   {metadata(method data for {method} {0x000002291041f170} 'toString' '()Ljava/lang/String;' in 'java/lang/StringBuilder')}
  0x000002296c3cc1ec: fa00 48ba | 1085 0352 | 2902 0000 | 49c7 c048 | 0100 000f | 8407 0000 | 0049 c7c0 | 5801 0000 
  0x000002296c3cc20c: 4e8b 0c02 | 4d8d 4901 | 4e89 0c02 | 0f84 4300 | 0000 8b50 | 1448 c1e2 | 0344 8b48 

  0x000002296c3cc228: ;   {metadata(method data for {method} {0x000002291041f170} 'toString' '()Ljava/lang/String;' in 'java/lang/StringBuilder')}
  0x000002296c3cc228: 0c49 b810 | 8503 5229 | 0200 0049 | 8380 6801 | 0000 0141 | b800 0000 | 0066 0f1f 

  0x000002296c3cc244: ;   {static_call}
  0x000002296c3cc244: 4400 00e8 

  0x000002296c3cc248: ; ImmutableOopMap {[448]=Oop }
                      ;*invokestatic newString {reexecute=0 rethrow=0 return_oop=0}
                      ; - java.lang.StringBuilder::toString@16 (line 453)
                      ; - ai.onnxruntime.OrtSession::run@618 (line 410)
  0x000002296c3cc248: 3457 1907 

  0x000002296c3cc24c: ;   {metadata(method data for {method} {0x000002291041f170} 'toString' '()Ljava/lang/String;' in 'java/lang/StringBuilder')}
  0x000002296c3cc24c: 48ba 1085 | 0352 2902 | 0000 ff82 | 7801 0000 | e9e8 0700 | 008b 5014 | 48c1 e203 | 448b 480c 
  0x000002296c3cc26c: ;   {metadata(method data for {method} {0x000002291041f170} 'toString' '()Ljava/lang/String;' in 'java/lang/StringBuilder')}
  0x000002296c3cc26c: 49b8 1085 | 0352 2902 | 0000 4983 | 8090 0100 | 0001 41b8 | 0000 0000 

  0x000002296c3cc284: ;   {static_call}
  0x000002296c3cc284: 6666 90e8 

  0x000002296c3cc288: ; ImmutableOopMap {[448]=Oop }
                      ;*invokestatic newString {reexecute=0 rethrow=0 return_oop=0}
                      ; - java.lang.StringBuilder::toString@31 (line 454)
                      ; - ai.onnxruntime.OrtSession::run@618 (line 410)
  0x000002296c3cc288: f456 1907 | e9b8 0700 | 000f 1f80 | 0000 0000 

  0x000002296c3cc298: ;   {no_reloc}
  0x000002296c3cc298: e92e 1200 | 0000 0000 | 0000 80ba | 3301 0000 | 040f 852b | 1200 0049 | 8b87 0801 | 0000 488d 
  0x000002296c3cc2b8: 7828 493b | bf18 0100 | 000f 8713 | 1200 0049 | 89bf 0801 | 0000 48c7 | 0001 0000 | 0048 8bca 
  0x000002296c3cc2d8: 49ba 0000 | 0010 2902 | 0000 492b | ca89 4808 | 4833 c989 | 480c 4833 | c948 8948 | 1048 8948 
  0x000002296c3cc2f8: 1848 8948 | 2048 8984 | 24d0 0100 | 0066 6690 

  0x000002296c3cc308: ;   {no_reloc}
  0x000002296c3cc308: e9e9 1100 | 0000 0000 | 0000 498b | 8708 0100 | 0048 8d78 | 1849 3bbf | 1801 0000 | 0f87 d611 
  0x000002296c3cc328: 0000 4989 | bf08 0100 | 0048 c700 | 0100 0000 | 488b ca49 | ba00 0000 | 1029 0200 | 0049 2bca 
  0x000002296c3cc348: 8948 0848 | 33c9 8948 | 0c48 33c9 | 4889 4810 

  0x000002296c3cc358: ;   {metadata(method data for {method} {0x0000022952ecfae0} 'run' '(Ljava/util/Map;Ljava/util/Set;Ljava/util/Map;Lai/onnxruntime/OrtSession$RunOptions;)Lai/onnxruntime/OrtSession$Result;' in 'ai/onnxruntime/OrtSession')}
  0x000002296c3cc358: 4c8b c048 | baa8 6637 | 5329 0200 | 0048 8382 | 0814 0000 

  0x000002296c3cc36c: ;   {metadata(method data for {method} {0x000002291041f118} '<init>' '()V' in 'java/lang/StringBuilder')}
  0x000002296c3cc36c: 0149 b8f8 | 7a03 5229 | 0200 0041 | 8b90 cc00 | 0000 83c2 | 0241 8990 | cc00 0000 | 81e2 feff 
  0x000002296c3cc38c: 1f00 83fa | 000f 8476 | 1100 004c 

  0x000002296c3cc398: ;   {metadata(method data for {method} {0x000002291041f118} '<init>' '()V' in 'java/lang/StringBuilder')}
  0x000002296c3cc398: 8bc0 48ba | f87a 0352 | 2902 0000 | 4883 8210 | 0100 0001 | 41b8 1000 | 0000 488b | d048 8984 
  0x000002296c3cc3b8: 24c8 0100 

  0x000002296c3cc3bc: ;   {optimized virtual_call}
  0x000002296c3cc3bc: 0066 90e8 

  0x000002296c3cc3c0: ; ImmutableOopMap {[432]=Oop [456]=Oop [200]=Oop [464]=Oop }
                      ;*invokespecial <init> {reexecute=0 rethrow=0 return_oop=0}
                      ; - java.lang.StringBuilder::<init>@3 (line 106)
                      ; - ai.onnxruntime.OrtSession::run@633 (line 416)
  0x000002296c3cc3c0: bc4f 1907 | 488b 8424 | c801 0000 

  0x000002296c3cc3cc: ;   {metadata(method data for {method} {0x0000022952ecfae0} 'run' '(Ljava/util/Map;Ljava/util/Set;Ljava/util/Map;Lai/onnxruntime/OrtSession$RunOptions;)Lai/onnxruntime/OrtSession$Result;' in 'ai/onnxruntime/OrtSession')}
  0x000002296c3cc3cc: 49b8 a866 | 3753 2902 | 0000 4983 | 8018 1400 

  0x000002296c3cc3dc: ;   {metadata(method data for {method} {0x000002291041f850} 'append' '(Ljava/lang/String;)Ljava/lang/StringBuilder;' in 'java/lang/StringBuilder')}
  0x000002296c3cc3dc: 0001 49b8 | e87d 0352 | 2902 0000 | 418b 90cc | 0000 0083 | c202 4189 | 90cc 0000 | 0081 e2fe 
  0x000002296c3cc3fc: ff1f 0083 | fa00 0f84 | 2611 0000 | 488b 8424 | c801 0000 

  0x000002296c3cc410: ;   {metadata(method data for {method} {0x000002291041f850} 'append' '(Ljava/lang/String;)Ljava/lang/StringBuilder;' in 'java/lang/StringBuilder')}
  0x000002296c3cc410: 49b8 e87d | 0352 2902 | 0000 4983 | 8010 0100 

  0x000002296c3cc420: ;   {oop("Unknown output name "{0x000000064435e8a8})}
  0x000002296c3cc420: 0001 49b8 | a8e8 3544 | 0600 0000 | 488b 9424 | c801 0000 

  0x000002296c3cc434: ;   {optimized virtual_call}
  0x000002296c3cc434: 6666 90e8 

  0x000002296c3cc438: ; ImmutableOopMap {[432]=Oop [456]=Oop [200]=Oop [464]=Oop }
                      ;*invokespecial append {reexecute=0 rethrow=0 return_oop=0}
                      ; - java.lang.StringBuilder::append@2 (line 179)
                      ; - ai.onnxruntime.OrtSession::run@638 (line 416)
  0x000002296c3cc438: 444f 1907 | 488b 8424 | c801 0000 

  0x000002296c3cc444: ;   {metadata(method data for {method} {0x0000022952ecfae0} 'run' '(Ljava/util/Map;Ljava/util/Set;Ljava/util/Map;Lai/onnxruntime/OrtSession$RunOptions;)Lai/onnxruntime/OrtSession$Result;' in 'ai/onnxruntime/OrtSession')}
  0x000002296c3cc444: 49b8 a866 | 3753 2902 | 0000 4983 | 8050 1400 

  0x000002296c3cc454: ;   {metadata(method data for {method} {0x000002291041f850} 'append' '(Ljava/lang/String;)Ljava/lang/StringBuilder;' in 'java/lang/StringBuilder')}
  0x000002296c3cc454: 0001 49b8 | e87d 0352 | 2902 0000 | 418b 90cc | 0000 0083 | c202 4189 | 90cc 0000 | 0081 e2fe 
  0x000002296c3cc474: ff1f 0083 | fa00 0f84 | cf10 0000 | 488b 8424 | c801 0000 

  0x000002296c3cc488: ;   {metadata(method data for {method} {0x000002291041f850} 'append' '(Ljava/lang/String;)Ljava/lang/StringBuilder;' in 'java/lang/StringBuilder')}
  0x000002296c3cc488: 49b8 e87d | 0352 2902 | 0000 4983 | 8010 0100 | 0001 4c8b | 8424 b001 | 0000 488b | 9424 c801 
  0x000002296c3cc4a8: 0000 0f1f 

  0x000002296c3cc4ac: ;   {optimized virtual_call}
  0x000002296c3cc4ac: 4400 00e8 

  0x000002296c3cc4b0: ; ImmutableOopMap {[456]=Oop [200]=Oop [464]=Oop }
                      ;*invokespecial append {reexecute=0 rethrow=0 return_oop=0}
                      ; - java.lang.StringBuilder::append@2 (line 179)
                      ; - ai.onnxruntime.OrtSession::run@643 (line 416)
  0x000002296c3cc4b0: cc4e 1907 | 488b 8424 | c801 0000 

  0x000002296c3cc4bc: ;   {metadata(method data for {method} {0x0000022952ecfae0} 'run' '(Ljava/util/Map;Ljava/util/Set;Ljava/util/Map;Lai/onnxruntime/OrtSession$RunOptions;)Lai/onnxruntime/OrtSession$Result;' in 'ai/onnxruntime/OrtSession')}
  0x000002296c3cc4bc: 49b8 a866 | 3753 2902 | 0000 4983 | 8088 1400 

  0x000002296c3cc4cc: ;   {metadata(method data for {method} {0x000002291041f850} 'append' '(Ljava/lang/String;)Ljava/lang/StringBuilder;' in 'java/lang/StringBuilder')}
  0x000002296c3cc4cc: 0001 49b8 | e87d 0352 | 2902 0000 | 418b 90cc | 0000 0083 | c202 4189 | 90cc 0000 | 0081 e2fe 
  0x000002296c3cc4ec: ff1f 0083 | fa00 0f84 | 7810 0000 | 488b 8424 | c801 0000 

  0x000002296c3cc500: ;   {metadata(method data for {method} {0x000002291041f850} 'append' '(Ljava/lang/String;)Ljava/lang/StringBuilder;' in 'java/lang/StringBuilder')}
  0x000002296c3cc500: 49b8 e87d | 0352 2902 | 0000 4983 | 8010 0100 

  0x000002296c3cc510: ;   {oop(", expected one of "{0x000000064435e890})}
  0x000002296c3cc510: 0001 49b8 | 90e8 3544 | 0600 0000 | 488b 9424 | c801 0000 

  0x000002296c3cc524: ;   {optimized virtual_call}
  0x000002296c3cc524: 6666 90e8 

  0x000002296c3cc528: ; ImmutableOopMap {[456]=Oop [200]=Oop [464]=Oop }
                      ;*invokespecial append {reexecute=0 rethrow=0 return_oop=0}
                      ; - java.lang.StringBuilder::append@2 (line 179)
                      ; - ai.onnxruntime.OrtSession::run@648 (line 416)
  0x000002296c3cc528: 544e 1907 | 488b 9424 | c800 0000 | 8b52 3048 | c1e2 0348 | 3b02 488b 

  0x000002296c3cc540: ;   {metadata(method data for {method} {0x0000022952ecfae0} 'run' '(Ljava/util/Map;Ljava/util/Set;Ljava/util/Map;Lai/onnxruntime/OrtSession$RunOptions;)Lai/onnxruntime/OrtSession$Result;' in 'ai/onnxruntime/OrtSession')}
  0x000002296c3cc540: f248 bfa8 | 6637 5329 | 0200 008b | 7608 49ba | 0000 0010 | 2902 0000 | 4903 f248 | 3bb7 d014 
  0x000002296c3cc560: 0000 750d | 4883 87d8 | 1400 0001 | e966 0000 | 0048 3bb7 | e014 0000 | 750d 4883 | 87e8 1400 
  0x000002296c3cc580: 0001 e950 | 0000 0048 | 81bf d014 | 0000 0000 | 0000 7517 | 4889 b7d0 | 1400 0048 | c787 d814 
  0x000002296c3cc5a0: 0000 0100 | 0000 e92c | 0000 0048 | 81bf e014 | 0000 0000 | 0000 7517 | 4889 b7e0 | 1400 0048 
  0x000002296c3cc5c0: c787 e814 | 0000 0100 | 0000 e908 | 0000 0048 | 8387 c014 | 0000 0166 | 0f1f 4400 | 0048 b8ff 
  0x000002296c3cc5e0: ffff ffff 

  0x000002296c3cc5e4: ;   {virtual_call}
  0x000002296c3cc5e4: ffff ffe8 

  0x000002296c3cc5e8: ; ImmutableOopMap {[456]=Oop [464]=Oop }
                      ;*invokevirtual toString {reexecute=0 rethrow=0 return_oop=0}
                      ; - ai.onnxruntime.OrtSession::run@655 (line 417)
  0x000002296c3cc5e8: 9450 1907 | 4c8b 8424 | c801 0000 

  0x000002296c3cc5f4: ;   {metadata(method data for {method} {0x0000022952ecfae0} 'run' '(Ljava/util/Map;Ljava/util/Set;Ljava/util/Map;Lai/onnxruntime/OrtSession$RunOptions;)Lai/onnxruntime/OrtSession$Result;' in 'ai/onnxruntime/OrtSession')}
  0x000002296c3cc5f4: 48ba a866 | 3753 2902 | 0000 4883 | 82f8 1400 

  0x000002296c3cc604: ;   {metadata(method data for {method} {0x000002291041f850} 'append' '(Ljava/lang/String;)Ljava/lang/StringBuilder;' in 'java/lang/StringBuilder')}
  0x000002296c3cc604: 0001 49b8 | e87d 0352 | 2902 0000 | 418b 90cc | 0000 0083 | c202 4189 | 90cc 0000 | 0081 e2fe 
  0x000002296c3cc624: ff1f 0083 | fa00 0f84 | 660f 0000 | 4c8b 8424 | c801 0000 

  0x000002296c3cc638: ;   {metadata(method data for {method} {0x000002291041f850} 'append' '(Ljava/lang/String;)Ljava/lang/StringBuilder;' in 'java/lang/StringBuilder')}
  0x000002296c3cc638: 48ba e87d | 0352 2902 | 0000 4883 | 8210 0100 | 0001 4c8b | c048 8b94 | 24c8 0100 

  0x000002296c3cc654: ;   {optimized virtual_call}
  0x000002296c3cc654: 0066 90e8 

  0x000002296c3cc658: ; ImmutableOopMap {[456]=Oop [464]=Oop }
                      ;*invokespecial append {reexecute=0 rethrow=0 return_oop=0}
                      ; - java.lang.StringBuilder::append@2 (line 179)
                      ; - ai.onnxruntime.OrtSession::run@658 (line 417)
  0x000002296c3cc658: 244d 1907 | 488b 8424 | c801 0000 

  0x000002296c3cc664: ;   {metadata(method data for {method} {0x0000022952ecfae0} 'run' '(Ljava/util/Map;Ljava/util/Set;Ljava/util/Map;Lai/onnxruntime/OrtSession$RunOptions;)Lai/onnxruntime/OrtSession$Result;' in 'ai/onnxruntime/OrtSession')}
  0x000002296c3cc664: 48ba a866 | 3753 2902 | 0000 4883 | 8230 1500 

  0x000002296c3cc674: ;   {metadata(method data for {method} {0x000002291041f170} 'toString' '()Ljava/lang/String;' in 'java/lang/StringBuilder')}
  0x000002296c3cc674: 0001 48ba | 1085 0352 | 2902 0000 | 448b 82cc | 0000 0041 | 83c0 0244 | 8982 cc00 | 0000 4181 
  0x000002296c3cc694: e0fe ff1f | 0041 83f8 | 000f 8414 | 0f00 0048 | 8b84 24c8 

  0x000002296c3cc6a8: ;   {metadata(method data for {method} {0x000002291041f170} 'toString' '()Ljava/lang/String;' in 'java/lang/StringBuilder')}
  0x000002296c3cc6a8: 0100 0048 | ba10 8503 | 5229 0200 | 0048 8382 | 1001 0000 

  0x000002296c3cc6bc: ;   {metadata(method data for {method} {0x000002291005d7b8} 'isLatin1' '()Z' in 'java/lang/AbstractStringBuilder')}
  0x000002296c3cc6bc: 0148 ba18 | 3a02 5229 | 0200 0044 | 8b82 cc00 | 0000 4183 | c002 4489 | 82cc 0000 | 0041 81e0 
  0x000002296c3cc6dc: feff 1f00 | 4183 f800 | 0f84 ee0e 

  0x000002296c3cc6e8: ;   {metadata(method data for {method} {0x000002291005d7b8} 'isLatin1' '()Z' in 'java/lang/AbstractStringBuilder')}
  0x000002296c3cc6e8: 0000 48ba | 183a 0252 | 2902 0000 | ff82 2001 | 0000 488b | 8424 c801 | 0000 0fbe | 5010 83fa 
  0x000002296c3cc708: ;   {metadata(method data for {method} {0x000002291005d7b8} 'isLatin1' '()Z' in 'java/lang/AbstractStringBuilder')}
  0x000002296c3cc708: 0048 ba18 | 3a02 5229 | 0200 0049 | c7c0 3001 | 0000 0f85 | 0700 0000 | 49c7 c040 | 0100 004e 
  0x000002296c3cc728: 8b0c 024d | 8d49 014e | 890c 020f | 851a 0000 

  0x000002296c3cc738: ;   {metadata(method data for {method} {0x000002291005d7b8} 'isLatin1' '()Z' in 'java/lang/AbstractStringBuilder')}
  0x000002296c3cc738: 0048 ba18 | 3a02 5229 | 0200 00ff | 8250 0100 | 00ba 0100 | 0000 e905 | 0000 00ba | 0000 0000 
  0x000002296c3cc758: 83e2 0183 

  0x000002296c3cc75c: ;   {metadata(method data for {method} {0x000002291041f170} 'toString' '()Ljava/lang/String;' in 'java/lang/StringBuilder')}
  0x000002296c3cc75c: fa00 48ba | 1085 0352 | 2902 0000 | 49c7 c048 | 0100 000f | 8407 0000 | 0049 c7c0 | 5801 0000 
  0x000002296c3cc77c: 4e8b 0c02 | 4d8d 4901 | 4e89 0c02 | 0f84 4300 | 0000 8b50 | 1448 c1e2 | 0344 8b48 

  0x000002296c3cc798: ;   {metadata(method data for {method} {0x000002291041f170} 'toString' '()Ljava/lang/String;' in 'java/lang/StringBuilder')}
  0x000002296c3cc798: 0c49 b810 | 8503 5229 | 0200 0049 | 8380 6801 | 0000 0141 | b800 0000 | 0066 0f1f 

  0x000002296c3cc7b4: ;   {static_call}
  0x000002296c3cc7b4: 4400 00e8 

  0x000002296c3cc7b8: ; ImmutableOopMap {[464]=Oop }
                      ;*invokestatic newString {reexecute=0 rethrow=0 return_oop=0}
                      ; - java.lang.StringBuilder::toString@16 (line 453)
                      ; - ai.onnxruntime.OrtSession::run@661 (line 417)
  0x000002296c3cc7b8: c451 1907 

  0x000002296c3cc7bc: ;   {metadata(method data for {method} {0x000002291041f170} 'toString' '()Ljava/lang/String;' in 'java/lang/StringBuilder')}
  0x000002296c3cc7bc: 48ba 1085 | 0352 2902 | 0000 ff82 | 7801 0000 | e941 0200 | 008b 5014 | 48c1 e203 | 448b 480c 
  0x000002296c3cc7dc: ;   {metadata(method data for {method} {0x000002291041f170} 'toString' '()Ljava/lang/String;' in 'java/lang/StringBuilder')}
  0x000002296c3cc7dc: 49b8 1085 | 0352 2902 | 0000 4983 | 8090 0100 | 0001 41b8 | 0000 0000 

  0x000002296c3cc7f4: ;   {static_call}
  0x000002296c3cc7f4: 6666 90e8 

  0x000002296c3cc7f8: ; ImmutableOopMap {[464]=Oop }
                      ;*invokestatic newString {reexecute=0 rethrow=0 return_oop=0}
                      ; - java.lang.StringBuilder::toString@31 (line 454)
                      ; - ai.onnxruntime.OrtSession::run@661 (line 417)
  0x000002296c3cc7f8: 8451 1907 | e911 0200 | 0048 8b84 | 2458 0100 | 0048 8bb4 | 24e8 0000 | 0048 8b94 | 24c8 0000 
  0x000002296c3cc818: 0048 83fe 

  0x000002296c3cc81c: ;   {metadata(method data for {method} {0x0000022952ecfae0} 'run' '(Ljava/util/Map;Ljava/util/Set;Ljava/util/Map;Lai/onnxruntime/OrtSession$RunOptions;)Lai/onnxruntime/OrtSession$Result;' in 'ai/onnxruntime/OrtSession')}
  0x000002296c3cc81c: 0048 bfa8 | 6637 5329 | 0200 0048 | c7c3 9015 | 0000 0f85 | 0700 0000 | 48c7 c3a0 | 1500 0048 
  0x000002296c3cc83c: 8b0c 1f48 | 8d49 0148 | 890c 1f0f | 853f 0000 

  0x000002296c3cc84c: ;   {metadata(method data for {method} {0x0000022952ecfae0} 'run' '(Ljava/util/Map;Ljava/util/Set;Ljava/util/Map;Lai/onnxruntime/OrtSession$RunOptions;)Lai/onnxruntime/OrtSession$Result;' in 'ai/onnxruntime/OrtSession')}
  0x000002296c3cc84c: 0048 bea8 | 6637 5329 | 0200 00ff | 86b0 1500 | 0048 c7c3 | 0000 0000 | 4889 9c24 | d801 0000 
  0x000002296c3cc86c: 448b 8424 | 7001 0000 | 4c8b d848 | 8b8c 2420 | 0100 0048 | 8b84 2418 | 0100 00e9 | 4b00 0000 
  0x000002296c3cc88c: 488b d666 | 0f1f 4400 | 0048 b8ff | ffff ffff 

  0x000002296c3cc89c: ;   {virtual_call}
  0x000002296c3cc89c: ffff ffe8 

  0x000002296c3cc8a0: ; ImmutableOopMap {[280]=Oop [288]=Oop [352]=Oop [360]=Oop [200]=Oop [344]=Oop }
                      ;*invokevirtual getNativeHandle {reexecute=0 rethrow=0 return_oop=0}
                      ; - ai.onnxruntime.OrtSession::run@682 (line 420)
  0x000002296c3cc8a0: dc4d 1907 | 488b d848 | 899c 24d8 | 0100 0044 | 8b84 2470 | 0100 004c | 8b9c 2458 | 0100 0048 
  0x000002296c3cc8c0: 8b8c 2420 | 0100 0048 | 8b84 2418 | 0100 0048 | 8b94 24c8 

  0x000002296c3cc8d4: ;   {oop(a 'java/lang/Class'{0x0000000643001bc0} = 'ai/onnxruntime/OnnxRuntime')}
  0x000002296c3cc8d4: 0000 0049 | b9c0 1b00 | 4306 0000 | 0049 8bb9 | b000 0000 | 4c8b 4a10 | 8b72 2848 | c1e6 0348 
  0x000002296c3cc8f4: 8b5e 108b | 700c 4c8b 

  0x000002296c3cc8fc: ;   {metadata(method data for {method} {0x0000022952ecfae0} 'run' '(Ljava/util/Map;Ljava/util/Set;Ljava/util/Map;Lai/onnxruntime/OrtSession$RunOptions;)Lai/onnxruntime/OrtSession$Result;' in 'ai/onnxruntime/OrtSession')}
  0x000002296c3cc8fc: f248 baa8 | 6637 5329 | 0200 0048 | 8382 0016 | 0000 0148 | 63d6 4d63 | e84c 8bc7 | 488b fb48 
  0x000002296c3cc91c: 8bf0 4889 | 1424 4c89 | 5c24 084c | 896c 2410 | 488b 8424 | 6001 0000 | 4889 4424 | 1848 8b94 
  0x000002296c3cc93c: 2468 0100 | 0048 8954 | 2420 488b | 9c24 d801 | 0000 4889 | 5c24 2848 | 8b94 24c8 | 0000 000f 
  0x000002296c3cc95c: ;   {optimized virtual_call}
  0x000002296c3cc95c: 1f40 00e8 

  0x000002296c3cc960: ; ImmutableOopMap {[352]=Oop [344]=Oop }
                      ;*invokespecial run {reexecute=0 rethrow=0 return_oop=0}
                      ; - ai.onnxruntime.OrtSession::run@722 (line 422)
  0x000002296c3cc960: 7c78 ae07 

  0x000002296c3cc964: ;   {metadata('ai/onnxruntime/OrtSession$Result')}
  0x000002296c3cc964: 488b d848 | ba48 7429 | 1129 0200 | 0049 8b87 | 0801 0000 | 488d 7820 | 493b bf18 | 0100 000f 
  0x000002296c3cc984: 8775 0c00 | 0049 89bf | 0801 0000 | 48c7 0001 | 0000 0048 | 8bca 49ba | 0000 0010 | 2902 0000 
  0x000002296c3cc9a4: 492b ca89 | 4808 4833 | c989 480c | 4833 c948 | 8948 1048 | 8948 184c 

  0x000002296c3cc9bc: ;   {metadata(method data for {method} {0x0000022952ecfae0} 'run' '(Ljava/util/Map;Ljava/util/Set;Ljava/util/Map;Lai/onnxruntime/OrtSession$RunOptions;)Lai/onnxruntime/OrtSession$Result;' in 'ai/onnxruntime/OrtSession')}
  0x000002296c3cc9bc: 8bc0 49b9 | a866 3753 | 2902 0000 | 4983 8110 | 1600 0001 | 4c8b 8424 | 5801 0000 | 4c8b 8c24 
  0x000002296c3cc9dc: 6001 0000 | 488b fb48 | 8bd0 4889 | 8424 e001 

  0x000002296c3cc9ec: ;   {optimized virtual_call}
  0x000002296c3cc9ec: 0000 90e8 

  0x000002296c3cc9f0: ; ImmutableOopMap {[480]=Oop }
                      ;*invokespecial <init> {reexecute=0 rethrow=0 return_oop=0}
                      ; - ai.onnxruntime.OrtSession::run@737 (line 434)
  0x000002296c3cc9f0: cc55 7a00 | 488b 8424 | e001 0000 | 4881 c400 | 0200 005d 

  0x000002296c3cca04: ;   {poll_return}
  0x000002296c3cca04: 493b a748 | 0300 000f | 87fa 0b00 | 00c3 488b | b424 d001 | 0000 4c8b 

  0x000002296c3cca1c: ;   {metadata(method data for {method} {0x0000022952ecfae0} 'run' '(Ljava/util/Map;Ljava/util/Set;Ljava/util/Map;Lai/onnxruntime/OrtSession$RunOptions;)Lai/onnxruntime/OrtSession$Result;' in 'ai/onnxruntime/OrtSession')}
  0x000002296c3cca1c: c648 baa8 | 6637 5329 | 0200 0048 | 8382 6815 | 0000 014c | 8bc0 488b 

  0x000002296c3cca34: ;   {optimized virtual_call}
  0x000002296c3cca34: d666 90e8 

  0x000002296c3cca38: ; ImmutableOopMap {[464]=Oop }
                      ;*invokespecial <init> {reexecute=0 rethrow=0 return_oop=0}
                      ; - ai.onnxruntime.OrtSession::run@664 (line 417)
  0x000002296c3cca38: 4449 1907 | 488b 8424 | d001 0000 | e91d 0c00 | 0048 8bb4 | 24c0 0100 | 004c 8bc6 

  0x000002296c3cca54: ;   {metadata(method data for {method} {0x0000022952ecfae0} 'run' '(Ljava/util/Map;Ljava/util/Set;Ljava/util/Map;Lai/onnxruntime/OrtSession$RunOptions;)Lai/onnxruntime/OrtSession$Result;' in 'ai/onnxruntime/OrtSession')}
  0x000002296c3cca54: 48ba a866 | 3753 2902 | 0000 4883 | 82f8 1300 | 0001 4c8b | c048 8bd6 

  0x000002296c3cca6c: ;   {optimized virtual_call}
  0x000002296c3cca6c: 6666 90e8 

  0x000002296c3cca70: ; ImmutableOopMap {[448]=Oop }
                      ;*invokespecial <init> {reexecute=0 rethrow=0 return_oop=0}
                      ; - ai.onnxruntime.OrtSession::run@621 (line 410)
  0x000002296c3cca70: 0c49 1907 | 488b 8424 | c001 0000 | e9e5 0b00 | 0048 8bb4 | 2498 0100 | 004c 8bc6 

  0x000002296c3cca8c: ;   {metadata(method data for {method} {0x0000022952ecfae0} 'run' '(Ljava/util/Map;Ljava/util/Set;Ljava/util/Map;Lai/onnxruntime/OrtSession$RunOptions;)Lai/onnxruntime/OrtSession$Result;' in 'ai/onnxruntime/OrtSession')}
  0x000002296c3cca8c: 48ba a866 | 3753 2902 | 0000 4883 | 82e0 1000 | 0001 4c8b | c048 8bd6 

  0x000002296c3ccaa4: ;   {optimized virtual_call}
  0x000002296c3ccaa4: 6666 90e8 

  0x000002296c3ccaa8: ; ImmutableOopMap {[408]=Oop }
                      ;*invokespecial <init> {reexecute=0 rethrow=0 return_oop=0}
                      ; - ai.onnxruntime.OrtSession::run@517 (line 399)
  0x000002296c3ccaa8: d448 1907 | 488b 8424 | 9801 0000 | e9ad 0b00 | 0048 8bb4 | 2450 0100 | 004c 8bc6 

  0x000002296c3ccac4: ;   {metadata(method data for {method} {0x0000022952ecfae0} 'run' '(Ljava/util/Map;Ljava/util/Set;Ljava/util/Map;Lai/onnxruntime/OrtSession$RunOptions;)Lai/onnxruntime/OrtSession$Result;' in 'ai/onnxruntime/OrtSession')}
  0x000002296c3ccac4: 48ba a866 | 3753 2902 | 0000 4883 | 82c8 0a00 | 0001 4c8b | c048 8bd6 

  0x000002296c3ccadc: ;   {optimized virtual_call}
  0x000002296c3ccadc: 6666 90e8 

  0x000002296c3ccae0: ; ImmutableOopMap {[336]=Oop }
                      ;*invokespecial <init> {reexecute=0 rethrow=0 return_oop=0}
                      ; - ai.onnxruntime.OrtSession::run@319 (line 384)
  0x000002296c3ccae0: 9c48 1907 | 488b 8424 | 5001 0000 | e975 0b00 | 0048 8bb4 | 2410 0100 | 004c 8bc6 

  0x000002296c3ccafc: ;   {metadata(method data for {method} {0x0000022952ecfae0} 'run' '(Ljava/util/Map;Ljava/util/Set;Ljava/util/Map;Lai/onnxruntime/OrtSession$RunOptions;)Lai/onnxruntime/OrtSession$Result;' in 'ai/onnxruntime/OrtSession')}
  0x000002296c3ccafc: 48ba a866 | 3753 2902 | 0000 4883 | 8248 0500 | 0001 4c8b | c048 8bd6 

  0x000002296c3ccb14: ;   {optimized virtual_call}
  0x000002296c3ccb14: 6666 90e8 

  0x000002296c3ccb18: ; ImmutableOopMap {[272]=Oop }
                      ;*invokespecial <init> {reexecute=0 rethrow=0 return_oop=0}
                      ; - ai.onnxruntime.OrtSession::run@151 (line 368)
  0x000002296c3ccb18: 6448 1907 | 488b 8424 | 1001 0000 | e93d 0b00 | 0048 8bb4 | 24f8 0000 | 004c 8bc6 

  0x000002296c3ccb34: ;   {metadata(method data for {method} {0x0000022952ecfae0} 'run' '(Ljava/util/Map;Ljava/util/Set;Ljava/util/Map;Lai/onnxruntime/OrtSession$RunOptions;)Lai/onnxruntime/OrtSession$Result;' in 'ai/onnxruntime/OrtSession')}
  0x000002296c3ccb34: 48ba a866 | 3753 2902 | 0000 4883 | 8260 0300 | 0001 4c8b | c048 8bd6 

  0x000002296c3ccb4c: ;   {optimized virtual_call}
  0x000002296c3ccb4c: 6666 90e8 

  0x000002296c3ccb50: ; ImmutableOopMap {[248]=Oop }
                      ;*invokespecial <init> {reexecute=0 rethrow=0 return_oop=0}
                      ; - ai.onnxruntime.OrtSession::run@80 (line 364)
  0x000002296c3ccb50: 2c48 1907 | 488b 8424 | f800 0000 | e905 0b00 | 000f 1f80 | 0000 0000 

  0x000002296c3ccb68: ;   {metadata('java/lang/IllegalStateException')}
  0x000002296c3ccb68: 48ba e87d | 0411 2902 | 0000 498b | 8708 0100 | 0048 8d78 | 2849 3bbf | 1801 0000 | 0f87 b00a 
  0x000002296c3ccb88: 0000 4989 | bf08 0100 | 0048 c700 | 0100 0000 | 488b ca49 | ba00 0000 | 1029 0200 | 0049 2bca 
  0x000002296c3ccba8: 8948 0848 | 33c9 8948 | 0c48 33c9 | 4889 4810 | 4889 4818 | 4889 4820 

  0x000002296c3ccbc0: ;   {metadata(method data for {method} {0x0000022952ecfae0} 'run' '(Ljava/util/Map;Ljava/util/Set;Ljava/util/Map;Lai/onnxruntime/OrtSession$RunOptions;)Lai/onnxruntime/OrtSession$Result;' in 'ai/onnxruntime/OrtSession')}
  0x000002296c3ccbc0: 4c8b c048 | baa8 6637 | 5329 0200 | 0048 8382 | 2016 0000 

  0x000002296c3ccbd4: ;   {oop("Trying to score a closed OrtSession."{0x000000064435e8f0})}
  0x000002296c3ccbd4: 0149 b8f0 | e835 4406 | 0000 0048 | 8bd0 4889 | 8424 e801 | 0000 0f1f 

  0x000002296c3ccbec: ;   {optimized virtual_call}
  0x000002296c3ccbec: 4400 00e8 

  0x000002296c3ccbf0: ; ImmutableOopMap {[488]=Oop }
                      ;*invokespecial <init> {reexecute=0 rethrow=0 return_oop=0}
                      ; - ai.onnxruntime.OrtSession::run@747 (line 436)
  0x000002296c3ccbf0: 0110 0000 | 488b 8424 | e801 0000 | e965 0a00 

  0x000002296c3ccc00: ;   {metadata({method} {0x0000022952ecfae0} 'run' '(Ljava/util/Map;Ljava/util/Set;Ljava/util/Map;Lai/onnxruntime/OrtSession$RunOptions;)Lai/onnxruntime/OrtSession$Result;' in 'ai/onnxruntime/OrtSession')}
  0x000002296c3ccc00: 0049 bad8 | faec 5229 | 0200 004c | 8954 2408 | 48c7 0424 | ffff ffff 

  0x000002296c3ccc18: ;   {runtime_call counter_overflow Runtime1 stub}
  0x000002296c3ccc18: e863 ec23 

  0x000002296c3ccc1c: ; ImmutableOopMap {rdx=Oop [200]=Oop r8=Oop [208]=Oop r9=Oop [216]=Oop rdi=Oop [224]=Oop rsi=Oop }
                      ;*synchronization entry
                      ; - ai.onnxruntime.OrtSession::run@-1 (line 361)
  0x000002296c3ccc1c: 07e9 d5ad 

  0x000002296c3ccc20: ;   {runtime_call throw_null_pointer_exception Runtime1 stub}
  0x000002296c3ccc20: ffff e879 

  0x000002296c3ccc24: ; ImmutableOopMap {r8=Oop [208]=Oop [200]=Oop [224]=Oop [216]=Oop [232]=Oop }
                      ;*invokeinterface isEmpty {reexecute=0 rethrow=0 return_oop=0}
                      ; - ai.onnxruntime.OrtSession::run@8 (line 362)
                      ;   {metadata(NULL)}
  0x000002296c3ccc24: 9523 0748 | ba00 0000 | 0000 0000 | 00b8 000f 

  0x000002296c3ccc34: ;   {runtime_call load_klass_patching Runtime1 stub}
  0x000002296c3ccc34: 050a e8c5 

  0x000002296c3ccc38: ; ImmutableOopMap {[208]=Oop [200]=Oop }
                      ;*new {reexecute=1 rethrow=0 return_oop=0}
                      ; - (reexecute) ai.onnxruntime.OrtSession::run@40 (line 363)
  0x000002296c3ccc38: db23 07e9 | 18b0 ffff 

  0x000002296c3ccc40: ;   {runtime_call throw_null_pointer_exception Runtime1 stub}
  0x000002296c3ccc40: e85b 9523 

  0x000002296c3ccc44: ; ImmutableOopMap {[208]=Oop [200]=Oop }
                      ;*new {reexecute=0 rethrow=0 return_oop=0}
                      ; - ai.onnxruntime.OrtSession::run@40 (line 363)
  0x000002296c3ccc44: 0748 8bd2 

  0x000002296c3ccc48: ;   {runtime_call fast_new_instance_init_check Runtime1 stub}
  0x000002296c3ccc48: e833 a123 

  0x000002296c3ccc4c: ; ImmutableOopMap {[208]=Oop [200]=Oop }
                      ;*new {reexecute=0 rethrow=0 return_oop=0}
                      ; - ai.onnxruntime.OrtSession::run@40 (line 363)
  0x000002296c3ccc4c: 07e9 6bb0 

  0x000002296c3ccc50: ;   {metadata(NULL)}
  0x000002296c3ccc50: ffff 48ba | 0000 0000 | 0000 0000 | b800 0f05 

  0x000002296c3ccc60: ;   {runtime_call load_klass_patching Runtime1 stub}
  0x000002296c3ccc60: 0ae8 9adb 

  0x000002296c3ccc64: ; ImmutableOopMap {[208]=Oop [200]=Oop rax=Oop [248]=Oop }
                      ;*new {reexecute=1 rethrow=0 return_oop=0}
                      ; - (reexecute) ai.onnxruntime.OrtSession::run@44 (line 363)
  0x000002296c3ccc64: 2307 e95d | b0ff ff48 

  0x000002296c3ccc6c: ;   {runtime_call fast_new_instance Runtime1 stub}
  0x000002296c3ccc6c: 8bd2 e80d 

  0x000002296c3ccc70: ; ImmutableOopMap {[208]=Oop [200]=Oop [248]=Oop }
                      ;*new {reexecute=0 rethrow=0 return_oop=0}
                      ; - ai.onnxruntime.OrtSession::run@44 (line 363)
  0x000002296c3ccc70: 9e23 07e9 | a0b0 ffff 

  0x000002296c3ccc78: ;   {metadata({method} {0x000002291041f118} '<init>' '()V' in 'java/lang/StringBuilder')}
  0x000002296c3ccc78: 49ba 10f1 | 4110 2902 | 0000 4c89 | 5424 0848 | c704 24ff 

  0x000002296c3ccc8c: ;   {runtime_call counter_overflow Runtime1 stub}
  0x000002296c3ccc8c: ffff ffe8 

  0x000002296c3ccc90: ; ImmutableOopMap {[208]=Oop [200]=Oop [248]=Oop rax=Oop }
                      ;*synchronization entry
                      ; - java.lang.StringBuilder::<init>@-1 (line 106)
                      ; - ai.onnxruntime.OrtSession::run@48 (line 363)
  0x000002296c3ccc90: eceb 2307 | e9be b0ff 

  0x000002296c3ccc98: ;   {metadata({method} {0x000002291041f850} 'append' '(Ljava/lang/String;)Ljava/lang/StringBuilder;' in 'java/lang/StringBuilder')}
  0x000002296c3ccc98: ff49 ba48 | f841 1029 | 0200 004c | 8954 2408 | 48c7 0424 | ffff ffff 

  0x000002296c3cccb0: ;   {runtime_call counter_overflow Runtime1 stub}
  0x000002296c3cccb0: e8cb eb23 

  0x000002296c3cccb4: ; ImmutableOopMap {[208]=Oop [200]=Oop [240]=Oop [248]=Oop }
                      ;*synchronization entry
                      ; - java.lang.StringBuilder::append@-1 (line 179)
                      ; - ai.onnxruntime.OrtSession::run@53 (line 363)
  0x000002296c3cccb4: 07e9 0eb1 

  0x000002296c3cccb8: ;   {metadata({method} {0x000002291041fa60} 'append' '(J)Ljava/lang/StringBuilder;' in 'java/lang/StringBuilder')}
  0x000002296c3cccb8: ffff 49ba | 58fa 4110 | 2902 0000 | 4c89 5424 | 0848 c704 | 24ff ffff 

  0x000002296c3cccd0: ;   {runtime_call counter_overflow Runtime1 stub}
  0x000002296c3cccd0: ffe8 aaeb 

  0x000002296c3cccd4: ; ImmutableOopMap {[208]=Oop [240]=Oop [248]=Oop }
                      ;*synchronization entry
                      ; - java.lang.StringBuilder::append@-1 (line 259)
                      ; - ai.onnxruntime.OrtSession::run@60 (line 363)
  0x000002296c3cccd4: 2307 e96f 

  0x000002296c3cccd8: ;   {metadata({method} {0x000002291041f850} 'append' '(Ljava/lang/String;)Ljava/lang/StringBuilder;' in 'java/lang/StringBuilder')}
  0x000002296c3cccd8: b1ff ff49 | ba48 f841 | 1029 0200 | 004c 8954 | 2408 48c7 | 0424 ffff 

  0x000002296c3cccf0: ;   {runtime_call counter_overflow Runtime1 stub}
  0x000002296c3cccf0: ffff e889 

  0x000002296c3cccf4: ; ImmutableOopMap {[208]=Oop [240]=Oop [248]=Oop }
                      ;*synchronization entry
                      ; - java.lang.StringBuilder::append@-1 (line 179)
                      ; - ai.onnxruntime.OrtSession::run@65 (line 363)
  0x000002296c3cccf4: eb23 07e9 | bcb1 ffff 

  0x000002296c3cccfc: ;   {metadata({method} {0x000002291041fa08} 'append' '(I)Ljava/lang/StringBuilder;' in 'java/lang/StringBuilder')}
  0x000002296c3cccfc: 49ba 00fa | 4110 2902 | 0000 4c89 | 5424 0848 | c704 24ff 

  0x000002296c3ccd10: ;   {runtime_call counter_overflow Runtime1 stub}
  0x000002296c3ccd10: ffff ffe8 

  0x000002296c3ccd14: ; ImmutableOopMap {[240]=Oop [248]=Oop }
                      ;*synchronization entry
                      ; - java.lang.StringBuilder::append@-1 (line 253)
                      ; - ai.onnxruntime.OrtSession::run@74 (line 364)
  0x000002296c3ccd14: 68eb 2307 | e9cb b2ff 

  0x000002296c3ccd1c: ;   {metadata({method} {0x000002291041f170} 'toString' '()Ljava/lang/String;' in 'java/lang/StringBuilder')}
  0x000002296c3ccd1c: ff49 ba68 | f141 1029 | 0200 004c | 8954 2408 | 48c7 0424 | ffff ffff 

  0x000002296c3ccd34: ;   {runtime_call counter_overflow Runtime1 stub}
  0x000002296c3ccd34: e847 eb23 

  0x000002296c3ccd38: ; ImmutableOopMap {[240]=Oop [248]=Oop }
                      ;*synchronization entry
                      ; - java.lang.StringBuilder::toString@-1 (line 453)
                      ; - ai.onnxruntime.OrtSession::run@77 (line 364)
  0x000002296c3ccd38: 07e9 1db3 

  0x000002296c3ccd3c: ;   {metadata({method} {0x000002291005d7b8} 'isLatin1' '()Z' in 'java/lang/AbstractStringBuilder')}
  0x000002296c3ccd3c: ffff 49ba | b0d7 0510 | 2902 0000 | 4c89 5424 | 0848 c704 | 24ff ffff 

  0x000002296c3ccd54: ;   {runtime_call counter_overflow Runtime1 stub}
  0x000002296c3ccd54: ffe8 26eb 

  0x000002296c3ccd58: ; ImmutableOopMap {[240]=Oop [248]=Oop }
                      ;*synchronization entry
                      ; - java.lang.AbstractStringBuilder::isLatin1@-1 (line 1677)
                      ; - java.lang.StringBuilder::toString@1 (line 453)
                      ; - ai.onnxruntime.OrtSession::run@77 (line 364)
  0x000002296c3ccd58: 2307 e943 

  0x000002296c3ccd5c: ;   {runtime_call throw_null_pointer_exception Runtime1 stub}
  0x000002296c3ccd5c: b3ff ffe8 

  0x000002296c3ccd60: ; ImmutableOopMap {[224]=Oop r9=Oop [216]=Oop [200]=Oop [232]=Oop [208]=Oop }
                      ;*invokeinterface size {reexecute=0 rethrow=0 return_oop=0}
                      ; - ai.onnxruntime.OrtSession::run@85 (line 366)
  0x000002296c3ccd60: 3c94 2307 

  0x000002296c3ccd64: ;   {runtime_call throw_null_pointer_exception Runtime1 stub}
  0x000002296c3ccd64: e837 9423 

  0x000002296c3ccd68: ; ImmutableOopMap {[232]=Oop [208]=Oop [216]=Oop [200]=Oop rdi=Oop [224]=Oop }
                      ;*invokeinterface size {reexecute=0 rethrow=0 return_oop=0}
                      ; - ai.onnxruntime.OrtSession::run@91 (line 366)
                      ;   {metadata(NULL)}
  0x000002296c3ccd68: 0748 ba00 | 0000 0000 | 0000 00b8 | 000f 050a 

  0x000002296c3ccd78: ;   {runtime_call load_klass_patching Runtime1 stub}
  0x000002296c3ccd78: e883 da23 

  0x000002296c3ccd7c: ; ImmutableOopMap {[200]=Oop }
                      ;*new {reexecute=1 rethrow=0 return_oop=0}
                      ; - (reexecute) ai.onnxruntime.OrtSession::run@115 (line 368)
  0x000002296c3ccd7c: 07e9 3eb6 

  0x000002296c3ccd80: ;   {runtime_call throw_null_pointer_exception Runtime1 stub}
  0x000002296c3ccd80: ffff e819 

  0x000002296c3ccd84: ; ImmutableOopMap {[200]=Oop }
                      ;*new {reexecute=0 rethrow=0 return_oop=0}
                      ; - ai.onnxruntime.OrtSession::run@115 (line 368)
  0x000002296c3ccd84: 9423 0748 

  0x000002296c3ccd88: ;   {runtime_call fast_new_instance_init_check Runtime1 stub}
  0x000002296c3ccd88: 8bd2 e8f1 

  0x000002296c3ccd8c: ; ImmutableOopMap {[200]=Oop }
                      ;*new {reexecute=0 rethrow=0 return_oop=0}
                      ; - ai.onnxruntime.OrtSession::run@115 (line 368)
  0x000002296c3ccd8c: 9f23 07e9 | 91b6 ffff 

  0x000002296c3ccd94: ;   {metadata(NULL)}
  0x000002296c3ccd94: 48ba 0000 | 0000 0000 | 0000 b800 

  0x000002296c3ccda0: ;   {runtime_call load_klass_patching Runtime1 stub}
  0x000002296c3ccda0: 0f05 0ae8 

  0x000002296c3ccda4: ; ImmutableOopMap {[200]=Oop rax=Oop [272]=Oop }
                      ;*new {reexecute=1 rethrow=0 return_oop=0}
                      ; - (reexecute) ai.onnxruntime.OrtSession::run@119 (line 368)
  0x000002296c3ccda4: 58da 2307 | e983 b6ff | ff48 8bd2 

  0x000002296c3ccdb0: ;   {runtime_call fast_new_instance Runtime1 stub}
  0x000002296c3ccdb0: e8cb 9c23 

  0x000002296c3ccdb4: ; ImmutableOopMap {[200]=Oop [272]=Oop }
                      ;*new {reexecute=0 rethrow=0 return_oop=0}
                      ; - ai.onnxruntime.OrtSession::run@119 (line 368)
  0x000002296c3ccdb4: 07e9 c6b6 

  0x000002296c3ccdb8: ;   {metadata({method} {0x000002291041f118} '<init>' '()V' in 'java/lang/StringBuilder')}
  0x000002296c3ccdb8: ffff 49ba | 10f1 4110 | 2902 0000 | 4c89 5424 | 0848 c704 | 24ff ffff 

  0x000002296c3ccdd0: ;   {runtime_call counter_overflow Runtime1 stub}
  0x000002296c3ccdd0: ffe8 aaea 

  0x000002296c3ccdd4: ; ImmutableOopMap {[200]=Oop [272]=Oop rax=Oop }
                      ;*synchronization entry
                      ; - java.lang.StringBuilder::<init>@-1 (line 106)
                      ; - ai.onnxruntime.OrtSession::run@123 (line 368)
  0x000002296c3ccdd4: 2307 e9e4 

  0x000002296c3ccdd8: ;   {metadata({method} {0x000002291041f850} 'append' '(Ljava/lang/String;)Ljava/lang/StringBuilder;' in 'java/lang/StringBuilder')}
  0x000002296c3ccdd8: b6ff ff49 | ba48 f841 | 1029 0200 | 004c 8954 | 2408 48c7 | 0424 ffff 

  0x000002296c3ccdf0: ;   {runtime_call counter_overflow Runtime1 stub}
  0x000002296c3ccdf0: ffff e889 

  0x000002296c3ccdf4: ; ImmutableOopMap {[200]=Oop [272]=Oop [264]=Oop }
                      ;*synchronization entry
                      ; - java.lang.StringBuilder::append@-1 (line 179)
                      ; - ai.onnxruntime.OrtSession::run@128 (line 368)
  0x000002296c3ccdf4: ea23 07e9 | 34b7 ffff 

  0x000002296c3ccdfc: ;   {metadata({method} {0x000002291041fa60} 'append' '(J)Ljava/lang/StringBuilder;' in 'java/lang/StringBuilder')}
  0x000002296c3ccdfc: 49ba 58fa | 4110 2902 | 0000 4c89 | 5424 0848 | c704 24ff 

  0x000002296c3cce10: ;   {runtime_call counter_overflow Runtime1 stub}
  0x000002296c3cce10: ffff ffe8 

  0x000002296c3cce14: ; ImmutableOopMap {[272]=Oop [264]=Oop }
                      ;*synchronization entry
                      ; - java.lang.StringBuilder::append@-1 (line 259)
                      ; - ai.onnxruntime.OrtSession::run@135 (line 368)
  0x000002296c3cce14: 68ea 2307 | e995 b7ff 

  0x000002296c3cce1c: ;   {metadata({method} {0x000002291041f850} 'append' '(Ljava/lang/String;)Ljava/lang/StringBuilder;' in 'java/lang/StringBuilder')}
  0x000002296c3cce1c: ff49 ba48 | f841 1029 | 0200 004c | 8954 2408 | 48c7 0424 | ffff ffff 

  0x000002296c3cce34: ;   {runtime_call counter_overflow Runtime1 stub}
  0x000002296c3cce34: e847 ea23 

  0x000002296c3cce38: ; ImmutableOopMap {[272]=Oop [264]=Oop }
                      ;*synchronization entry
                      ; - java.lang.StringBuilder::append@-1 (line 179)
                      ; - ai.onnxruntime.OrtSession::run@140 (line 368)
  0x000002296c3cce38: 07e9 e2b7 

  0x000002296c3cce3c: ;   {metadata({method} {0x000002291041fa08} 'append' '(I)Ljava/lang/StringBuilder;' in 'java/lang/StringBuilder')}
  0x000002296c3cce3c: ffff 49ba | 00fa 4110 | 2902 0000 | 4c89 5424 | 0848 c704 | 24ff ffff 

  0x000002296c3cce54: ;   {runtime_call counter_overflow Runtime1 stub}
  0x000002296c3cce54: ffe8 26ea 

  0x000002296c3cce58: ; ImmutableOopMap {[272]=Oop [264]=Oop }
                      ;*synchronization entry
                      ; - java.lang.StringBuilder::append@-1 (line 253)
                      ; - ai.onnxruntime.OrtSession::run@145 (line 368)
  0x000002296c3cce58: 2307 e939 

  0x000002296c3cce5c: ;   {metadata({method} {0x000002291041f170} 'toString' '()Ljava/lang/String;' in 'java/lang/StringBuilder')}
  0x000002296c3cce5c: b8ff ff49 | ba68 f141 | 1029 0200 | 004c 8954 | 2408 48c7 | 0424 ffff 

  0x000002296c3cce74: ;   {runtime_call counter_overflow Runtime1 stub}
  0x000002296c3cce74: ffff e805 

  0x000002296c3cce78: ; ImmutableOopMap {[272]=Oop [264]=Oop }
                      ;*synchronization entry
                      ; - java.lang.StringBuilder::toString@-1 (line 453)
                      ; - ai.onnxruntime.OrtSession::run@148 (line 368)
  0x000002296c3cce78: ea23 07e9 | 93b8 ffff 

  0x000002296c3cce80: ;   {metadata({method} {0x000002291005d7b8} 'isLatin1' '()Z' in 'java/lang/AbstractStringBuilder')}
  0x000002296c3cce80: 49ba b0d7 | 0510 2902 | 0000 4c89 | 5424 0848 | c704 24ff 

  0x000002296c3cce94: ;   {runtime_call counter_overflow Runtime1 stub}
  0x000002296c3cce94: ffff ffe8 

  0x000002296c3cce98: ; ImmutableOopMap {[272]=Oop [264]=Oop }
                      ;*synchronization entry
                      ; - java.lang.AbstractStringBuilder::isLatin1@-1 (line 1677)
                      ; - java.lang.StringBuilder::toString@1 (line 453)
                      ; - ai.onnxruntime.OrtSession::run@148 (line 368)
  0x000002296c3cce98: e4e9 2307 | e9b9 b8ff 

  0x000002296c3ccea0: ;   {runtime_call new_object_array Runtime1 stub}
  0x000002296c3ccea0: ffe8 daa4 

  0x000002296c3ccea4: ; ImmutableOopMap {[224]=Oop [216]=Oop [232]=Oop [200]=Oop [208]=Oop }
                      ;*anewarray {reexecute=0 rethrow=0 return_oop=0}
                      ; - ai.onnxruntime.OrtSession::run@161 (line 374)
  0x000002296c3ccea4: 2307 e90e 

  0x000002296c3ccea8: ;   {runtime_call new_type_array Runtime1 stub}
  0x000002296c3ccea8: bbff ffe8 

  0x000002296c3cceac: ; ImmutableOopMap {[224]=Oop [216]=Oop [232]=Oop [200]=Oop [208]=Oop [280]=Oop }
                      ;*newarray {reexecute=0 rethrow=0 return_oop=0}
                      ; - ai.onnxruntime.OrtSession::run@172 (line 375)
  0x000002296c3cceac: d0a1 2307 | e95c bcff 

  0x000002296c3cceb4: ;   {runtime_call throw_null_pointer_exception Runtime1 stub}
  0x000002296c3cceb4: ffe8 e692 

  0x000002296c3cceb8: ; ImmutableOopMap {[224]=Oop [216]=Oop [232]=Oop [200]=Oop [280]=Oop [288]=Oop rax=Oop }
                      ;*invokeinterface iterator {reexecute=0 rethrow=0 return_oop=0}
                      ; - ai.onnxruntime.OrtSession::run@185 (line 377)
  0x000002296c3cceb8: 2307 4889 

  0x000002296c3ccebc: ;   {runtime_call throw_class_cast_exception Runtime1 stub}
  0x000002296c3ccebc: 0424 e8dd 

  0x000002296c3ccec0: ; ImmutableOopMap {[224]=Oop [216]=Oop [232]=Oop [288]=Oop [296]=Oop [280]=Oop [200]=Oop }
                      ;*checkcast {reexecute=0 rethrow=0 return_oop=0}
                      ; - ai.onnxruntime.OrtSession::run@209 (line 377)
                      ;   {runtime_call throw_null_pointer_exception Runtime1 stub}
  0x000002296c3ccec0: b623 07e8 

  0x000002296c3ccec4: ; ImmutableOopMap {[224]=Oop [216]=Oop [232]=Oop [288]=Oop [296]=Oop [280]=Oop rsi=Oop [320]=Oop rdx=Oop [200]=Oop rdi=Oop }
                      ;*invokeinterface getKey {reexecute=0 rethrow=0 return_oop=0}
                      ; - ai.onnxruntime.OrtSession::run@220 (line 378)
  0x000002296c3ccec4: d892 2307 

  0x000002296c3ccec8: ;   {runtime_call throw_null_pointer_exception Runtime1 stub}
  0x000002296c3ccec8: e8d3 9223 

  0x000002296c3ccecc: ; ImmutableOopMap {[224]=Oop [216]=Oop [232]=Oop [288]=Oop [296]=Oop [280]=Oop [320]=Oop [200]=Oop rax=Oop rdi=Oop }
                      ;*invokeinterface contains {reexecute=0 rethrow=0 return_oop=0}
                      ; - ai.onnxruntime.OrtSession::run@225 (line 378)
  0x000002296c3ccecc: 0748 8904 

  0x000002296c3cced0: ;   {runtime_call throw_class_cast_exception Runtime1 stub}
  0x000002296c3cced0: 24e8 cab6 

  0x000002296c3cced4: ; ImmutableOopMap {[224]=Oop [216]=Oop [232]=Oop [296]=Oop [320]=Oop [200]=Oop [280]=Oop [288]=Oop }
                      ;*checkcast {reexecute=0 rethrow=0 return_oop=0}
                      ; - ai.onnxruntime.OrtSession::run@244 (line 379)
  0x000002296c3cced4: 2307 4889 | 3424 4889 

  0x000002296c3ccedc: ;   {runtime_call throw_range_check_failed Runtime1 stub}
  0x000002296c3ccedc: 4424 08e8 

  0x000002296c3ccee0: ; ImmutableOopMap {[224]=Oop [216]=Oop [232]=Oop [296]=Oop [320]=Oop [200]=Oop [288]=Oop rdx=Oop rax=Oop [280]=Oop }
                      ;*aastore {reexecute=1 rethrow=0 return_oop=0}
                      ; - (reexecute) ai.onnxruntime.OrtSession::run@247 (line 379)
  0x000002296c3ccee0: bc89 2307 

  0x000002296c3ccee4: ;   {runtime_call throw_null_pointer_exception Runtime1 stub}
  0x000002296c3ccee4: e8b7 9223 

  0x000002296c3ccee8: ; ImmutableOopMap {[224]=Oop [216]=Oop [232]=Oop [296]=Oop [320]=Oop [200]=Oop [288]=Oop rdx=Oop rax=Oop [280]=Oop }
                      ;*aastore {reexecute=1 rethrow=0 return_oop=0}
                      ; - (reexecute) ai.onnxruntime.OrtSession::run@247 (line 379)
  0x000002296c3ccee8: 0748 8914 

  0x000002296c3cceec: ;   {runtime_call throw_array_store_exception Runtime1 stub}
  0x000002296c3cceec: 24e8 aeb3 

  0x000002296c3ccef0: ; ImmutableOopMap {[224]=Oop [216]=Oop [232]=Oop [296]=Oop [320]=Oop [200]=Oop [288]=Oop rdx=Oop rax=Oop [280]=Oop }
                      ;*aastore {reexecute=1 rethrow=0 return_oop=0}
                      ; - (reexecute) ai.onnxruntime.OrtSession::run@247 (line 379)
  0x000002296c3ccef0: 2307 8b1f | 48c1 e303 | 4883 fb00 | 0f84 1cc4 | ffff 4889 

  0x000002296c3ccf04: ;   {runtime_call g1_pre_barrier_slow}
  0x000002296c3ccf04: 1c24 e875 | ef23 07e9 | 0ec4 ffff | 4883 fa00 | 0f84 22c4 | ffff 4889 

  0x000002296c3ccf1c: ;   {runtime_call g1_post_barrier_slow}
  0x000002296c3ccf1c: 3c24 e85d | f223 07e9 | 14c4 ffff | 4889 0424 

  0x000002296c3ccf2c: ;   {runtime_call throw_class_cast_exception Runtime1 stub}
  0x000002296c3ccf2c: e86f b623 

  0x000002296c3ccf30: ; ImmutableOopMap {[224]=Oop [216]=Oop [232]=Oop [296]=Oop [200]=Oop [288]=Oop [280]=Oop }
                      ;*checkcast {reexecute=0 rethrow=0 return_oop=0}
                      ; - ai.onnxruntime.OrtSession::run@259 (line 380)
                      ;   {runtime_call throw_null_pointer_exception Runtime1 stub}
  0x000002296c3ccf30: 07e8 6a92 

  0x000002296c3ccf34: ; ImmutableOopMap {[224]=Oop [216]=Oop [232]=Oop [296]=Oop [200]=Oop [288]=Oop [280]=Oop rdx=Oop }
                      ;*invokevirtual getNativeHandle {reexecute=0 rethrow=0 return_oop=0}
                      ; - ai.onnxruntime.OrtSession::run@262 (line 380)
  0x000002296c3ccf34: 2307 4889 | 1424 4889 

  0x000002296c3ccf3c: ;   {runtime_call throw_range_check_failed Runtime1 stub}
  0x000002296c3ccf3c: 4424 08e8 

  0x000002296c3ccf40: ; ImmutableOopMap {[224]=Oop [216]=Oop [232]=Oop [296]=Oop [200]=Oop [280]=Oop rax=Oop [288]=Oop }
                      ;*lastore {reexecute=0 rethrow=0 return_oop=0}
                      ; - ai.onnxruntime.OrtSession::run@265 (line 380)
  0x000002296c3ccf40: 5c89 2307 

  0x000002296c3ccf44: ;   {metadata({method} {0x0000022952ecfae0} 'run' '(Ljava/util/Map;Ljava/util/Set;Ljava/util/Map;Lai/onnxruntime/OrtSession$RunOptions;)Lai/onnxruntime/OrtSession$Result;' in 'ai/onnxruntime/OrtSession')}
  0x000002296c3ccf44: 49ba d8fa | ec52 2902 | 0000 4c89 | 5424 0848 | c704 2443 

  0x000002296c3ccf58: ;   {runtime_call counter_overflow Runtime1 stub}
  0x000002296c3ccf58: 0100 00e8 

  0x000002296c3ccf5c: ; ImmutableOopMap {[224]=Oop [216]=Oop [232]=Oop [296]=Oop [200]=Oop [280]=Oop rax=Oop [288]=Oop }
                      ;*goto {reexecute=1 rethrow=0 return_oop=0}
                      ; - (reexecute) ai.onnxruntime.OrtSession::run@323 (line 386)
  0x000002296c3ccf5c: 20e9 2307 | e986 c6ff 

  0x000002296c3ccf64: ;   {runtime_call throw_null_pointer_exception Runtime1 stub}
  0x000002296c3ccf64: ffe8 3692 

  0x000002296c3ccf68: ; ImmutableOopMap {[224]=Oop [216]=Oop [232]=Oop rax=Oop [296]=Oop [200]=Oop [288]=Oop [280]=Oop }
                      ;*invokeinterface hasNext {reexecute=0 rethrow=0 return_oop=0}
                      ; - ai.onnxruntime.OrtSession::run@194 (line 377)
                      ;   {metadata(NULL)}
  0x000002296c3ccf68: 2307 48ba | 0000 0000 | 0000 0000 | b800 0f05 

  0x000002296c3ccf78: ;   {runtime_call load_klass_patching Runtime1 stub}
  0x000002296c3ccf78: 0ae8 82d8 

  0x000002296c3ccf7c: ; ImmutableOopMap {[320]=Oop [200]=Oop }
                      ;*new {reexecute=1 rethrow=0 return_oop=0}
                      ; - (reexecute) ai.onnxruntime.OrtSession::run@272 (line 383)
  0x000002296c3ccf7c: 2307 e985 

  0x000002296c3ccf80: ;   {runtime_call throw_null_pointer_exception Runtime1 stub}
  0x000002296c3ccf80: c7ff ffe8 

  0x000002296c3ccf84: ; ImmutableOopMap {[200]=Oop [320]=Oop }
                      ;*new {reexecute=0 rethrow=0 return_oop=0}
                      ; - ai.onnxruntime.OrtSession::run@272 (line 383)
  0x000002296c3ccf84: 1892 2307 

  0x000002296c3ccf88: ;   {runtime_call fast_new_instance_init_check Runtime1 stub}
  0x000002296c3ccf88: 488b d2e8 

  0x000002296c3ccf8c: ; ImmutableOopMap {[200]=Oop [320]=Oop }
                      ;*new {reexecute=0 rethrow=0 return_oop=0}
                      ; - ai.onnxruntime.OrtSession::run@272 (line 383)
  0x000002296c3ccf8c: f09d 2307 | e9d8 c7ff 

  0x000002296c3ccf94: ;   {metadata(NULL)}
  0x000002296c3ccf94: ff48 ba00 | 0000 0000 | 0000 00b8 | 000f 050a 

  0x000002296c3ccfa4: ;   {runtime_call load_klass_patching Runtime1 stub}
  0x000002296c3ccfa4: e857 d823 

  0x000002296c3ccfa8: ; ImmutableOopMap {[200]=Oop [320]=Oop rax=Oop [336]=Oop }
                      ;*new {reexecute=1 rethrow=0 return_oop=0}
                      ; - (reexecute) ai.onnxruntime.OrtSession::run@276 (line 383)
  0x000002296c3ccfa8: 07e9 cac7 | ffff 488b 

  0x000002296c3ccfb0: ;   {runtime_call fast_new_instance Runtime1 stub}
  0x000002296c3ccfb0: d2e8 ca9a 

  0x000002296c3ccfb4: ; ImmutableOopMap {[200]=Oop [320]=Oop [336]=Oop }
                      ;*new {reexecute=0 rethrow=0 return_oop=0}
                      ; - ai.onnxruntime.OrtSession::run@276 (line 383)
  0x000002296c3ccfb4: 2307 e90d 

  0x000002296c3ccfb8: ;   {metadata({method} {0x000002291041f118} '<init>' '()V' in 'java/lang/StringBuilder')}
  0x000002296c3ccfb8: c8ff ff49 | ba10 f141 | 1029 0200 | 004c 8954 | 2408 48c7 | 0424 ffff 

  0x000002296c3ccfd0: ;   {runtime_call counter_overflow Runtime1 stub}
  0x000002296c3ccfd0: ffff e8a9 

  0x000002296c3ccfd4: ; ImmutableOopMap {[200]=Oop [320]=Oop [336]=Oop rax=Oop }
                      ;*synchronization entry
                      ; - java.lang.StringBuilder::<init>@-1 (line 106)
                      ; - ai.onnxruntime.OrtSession::run@280 (line 383)
  0x000002296c3ccfd4: e823 07e9 | 2bc8 ffff 

  0x000002296c3ccfdc: ;   {metadata({method} {0x000002291041f850} 'append' '(Ljava/lang/String;)Ljava/lang/StringBuilder;' in 'java/lang/StringBuilder')}
  0x000002296c3ccfdc: 49ba 48f8 | 4110 2902 | 0000 4c89 | 5424 0848 | c704 24ff 

  0x000002296c3ccff0: ;   {runtime_call counter_overflow Runtime1 stub}
  0x000002296c3ccff0: ffff ffe8 

  0x000002296c3ccff4: ; ImmutableOopMap {[320]=Oop [200]=Oop [328]=Oop [336]=Oop }
                      ;*synchronization entry
                      ; - java.lang.StringBuilder::append@-1 (line 179)
                      ; - ai.onnxruntime.OrtSession::run@285 (line 383)
  0x000002296c3ccff4: 88e8 2307 | e97b c8ff | ff48 8904 

  0x000002296c3cd000: ;   {runtime_call throw_class_cast_exception Runtime1 stub}
  0x000002296c3cd000: 24e8 9ab5 

  0x000002296c3cd004: ; ImmutableOopMap {[200]=Oop [328]=Oop [336]=Oop }
                      ;*checkcast {reexecute=0 rethrow=0 return_oop=0}
                      ; - ai.onnxruntime.OrtSession::run@295 (line 384)
                      ;   {metadata({method} {0x000002291041f850} 'append' '(Ljava/lang/String;)Ljava/lang/StringBuilder;' in 'java/lang/StringBuilder')}
  0x000002296c3cd004: 2307 49ba | 48f8 4110 | 2902 0000 | 4c89 5424 | 0848 c704 | 24ff ffff 

  0x000002296c3cd01c: ;   {runtime_call counter_overflow Runtime1 stub}
  0x000002296c3cd01c: ffe8 5ee8 

  0x000002296c3cd020: ; ImmutableOopMap {[200]=Oop [328]=Oop [336]=Oop r8=Oop }
                      ;*synchronization entry
                      ; - java.lang.StringBuilder::append@-1 (line 179)
                      ; - ai.onnxruntime.OrtSession::run@298 (line 384)
  0x000002296c3cd020: 2307 e970 

  0x000002296c3cd024: ;   {metadata({method} {0x000002291041f850} 'append' '(Ljava/lang/String;)Ljava/lang/StringBuilder;' in 'java/lang/StringBuilder')}
  0x000002296c3cd024: caff ff49 | ba48 f841 | 1029 0200 | 004c 8954 | 2408 48c7 | 0424 ffff 

  0x000002296c3cd03c: ;   {runtime_call counter_overflow Runtime1 stub}
  0x000002296c3cd03c: ffff e83d 

  0x000002296c3cd040: ; ImmutableOopMap {[200]=Oop [328]=Oop [336]=Oop }
                      ;*synchronization entry
                      ; - java.lang.StringBuilder::append@-1 (line 179)
                      ; - ai.onnxruntime.OrtSession::run@303 (line 384)
  0x000002296c3cd040: e823 07e9 | c0ca ffff 

  0x000002296c3cd048: ;   {runtime_call throw_null_pointer_exception Runtime1 stub}
  0x000002296c3cd048: e853 9123 

  0x000002296c3cd04c: ; ImmutableOopMap {[328]=Oop [336]=Oop rdx=Oop }
                      ;*invokevirtual toString {reexecute=0 rethrow=0 return_oop=0}
                      ; - ai.onnxruntime.OrtSession::run@310 (line 384)
                      ;   {metadata({method} {0x000002291041f850} 'append' '(Ljava/lang/String;)Ljava/lang/StringBuilder;' in 'java/lang/StringBuilder')}
  0x000002296c3cd04c: 0749 ba48 | f841 1029 | 0200 004c | 8954 2408 | 48c7 0424 | ffff ffff 

  0x000002296c3cd064: ;   {runtime_call counter_overflow Runtime1 stub}
  0x000002296c3cd064: e817 e823 

  0x000002296c3cd068: ; ImmutableOopMap {[328]=Oop [336]=Oop rax=Oop }
                      ;*synchronization entry
                      ; - java.lang.StringBuilder::append@-1 (line 179)
                      ; - ai.onnxruntime.OrtSession::run@313 (line 384)
  0x000002296c3cd068: 07e9 d2cb 

  0x000002296c3cd06c: ;   {metadata({method} {0x000002291041f170} 'toString' '()Ljava/lang/String;' in 'java/lang/StringBuilder')}
  0x000002296c3cd06c: ffff 49ba | 68f1 4110 | 2902 0000 | 4c89 5424 | 0848 c704 | 24ff ffff 

  0x000002296c3cd084: ;   {runtime_call counter_overflow Runtime1 stub}
  0x000002296c3cd084: ffe8 f6e7 

  0x000002296c3cd088: ; ImmutableOopMap {[328]=Oop [336]=Oop }
                      ;*synchronization entry
                      ; - java.lang.StringBuilder::toString@-1 (line 453)
                      ; - ai.onnxruntime.OrtSession::run@316 (line 384)
  0x000002296c3cd088: 2307 e924 

  0x000002296c3cd08c: ;   {metadata({method} {0x000002291005d7b8} 'isLatin1' '()Z' in 'java/lang/AbstractStringBuilder')}
  0x000002296c3cd08c: ccff ff49 | bab0 d705 | 1029 0200 | 004c 8954 | 2408 48c7 | 0424 ffff 

  0x000002296c3cd0a4: ;   {runtime_call counter_overflow Runtime1 stub}
  0x000002296c3cd0a4: ffff e8d5 

  0x000002296c3cd0a8: ; ImmutableOopMap {[328]=Oop [336]=Oop }
                      ;*synchronization entry
                      ; - java.lang.AbstractStringBuilder::isLatin1@-1 (line 1677)
                      ; - java.lang.StringBuilder::toString@1 (line 453)
                      ; - ai.onnxruntime.OrtSession::run@316 (line 384)
  0x000002296c3cd0a8: e723 07e9 | 4acc ffff 

  0x000002296c3cd0b0: ;   {runtime_call new_object_array Runtime1 stub}
  0x000002296c3cd0b0: e8cb a223 

  0x000002296c3cd0b4: ; ImmutableOopMap {[224]=Oop [216]=Oop [232]=Oop [280]=Oop [288]=Oop [200]=Oop }
                      ;*anewarray {reexecute=0 rethrow=0 return_oop=0}
                      ; - ai.onnxruntime.OrtSession::run@339 (line 387)
  0x000002296c3cd0b4: 07e9 6dcf 

  0x000002296c3cd0b8: ;   {runtime_call new_object_array Runtime1 stub}
  0x000002296c3cd0b8: ffff e8c1 

  0x000002296c3cd0bc: ; ImmutableOopMap {[224]=Oop [216]=Oop [232]=Oop [280]=Oop [288]=Oop [200]=Oop [344]=Oop }
                      ;*anewarray {reexecute=0 rethrow=0 return_oop=0}
                      ; - ai.onnxruntime.OrtSession::run@347 (line 388)
  0x000002296c3cd0bc: a223 07e9 | 04d0 ffff 

  0x000002296c3cd0c4: ;   {runtime_call new_type_array Runtime1 stub}
  0x000002296c3cd0c4: e8b7 9f23 

  0x000002296c3cd0c8: ; ImmutableOopMap {[224]=Oop [216]=Oop [232]=Oop [280]=Oop [288]=Oop [200]=Oop [344]=Oop [352]=Oop }
                      ;*newarray {reexecute=0 rethrow=0 return_oop=0}
                      ; - ai.onnxruntime.OrtSession::run@355 (line 389)
  0x000002296c3cd0c8: 07e9 97d0 

  0x000002296c3cd0cc: ;   {runtime_call throw_null_pointer_exception Runtime1 stub}
  0x000002296c3cd0cc: ffff e8cd 

  0x000002296c3cd0d0: ; ImmutableOopMap {[224]=Oop [216]=Oop [232]=Oop [280]=Oop [288]=Oop [200]=Oop [352]=Oop [360]=Oop [344]=Oop rax=Oop }
                      ;*invokeinterface iterator {reexecute=0 rethrow=0 return_oop=0}
                      ; - ai.onnxruntime.OrtSession::run@368 (line 391)
  0x000002296c3cd0d0: 9023 0748 

  0x000002296c3cd0d4: ;   {runtime_call throw_class_cast_exception Runtime1 stub}
  0x000002296c3cd0d4: 8904 24e8 

  0x000002296c3cd0d8: ; ImmutableOopMap {[224]=Oop [216]=Oop [232]=Oop [280]=Oop [288]=Oop [376]=Oop [344]=Oop [352]=Oop [360]=Oop [200]=Oop }
                      ;*checkcast {reexecute=0 rethrow=0 return_oop=0}
                      ; - ai.onnxruntime.OrtSession::run@392 (line 391)
  0x000002296c3cd0d8: c4b4 2307 

  0x000002296c3cd0dc: ;   {runtime_call throw_null_pointer_exception Runtime1 stub}
  0x000002296c3cd0dc: e8bf 9023 

  0x000002296c3cd0e0: ; ImmutableOopMap {[224]=Oop [216]=Oop [232]=Oop [280]=Oop [288]=Oop [376]=Oop [344]=Oop [352]=Oop [360]=Oop rsi=Oop [392]=Oop rdx=Oop [200]=Oop rdi=Oop }
                      ;*invokeinterface getKey {reexecute=0 rethrow=0 return_oop=0}
                      ; - ai.onnxruntime.OrtSession::run@403 (line 392)
                      ;   {runtime_call throw_null_pointer_exception Runtime1 stub}
  0x000002296c3cd0e0: 07e8 ba90 

  0x000002296c3cd0e4: ; ImmutableOopMap {[224]=Oop [216]=Oop [232]=Oop [280]=Oop [288]=Oop [376]=Oop [344]=Oop [352]=Oop [360]=Oop [200]=Oop [392]=Oop rax=Oop rdi=Oop }
                      ;*invokeinterface contains {reexecute=0 rethrow=0 return_oop=0}
                      ; - ai.onnxruntime.OrtSession::run@408 (line 392)
  0x000002296c3cd0e4: 2307 4889 

  0x000002296c3cd0e8: ;   {runtime_call throw_class_cast_exception Runtime1 stub}
  0x000002296c3cd0e8: 0424 e8b1 

  0x000002296c3cd0ec: ; ImmutableOopMap {[224]=Oop [216]=Oop [232]=Oop [280]=Oop [288]=Oop [376]=Oop [200]=Oop [392]=Oop [360]=Oop [352]=Oop [344]=Oop }
                      ;*checkcast {reexecute=0 rethrow=0 return_oop=0}
                      ; - ai.onnxruntime.OrtSession::run@427 (line 393)
  0x000002296c3cd0ec: b423 0748 | 8934 2448 | 8944 2408 

  0x000002296c3cd0f8: ;   {runtime_call throw_range_check_failed Runtime1 stub}
  0x000002296c3cd0f8: e8a3 8723 

  0x000002296c3cd0fc: ; ImmutableOopMap {[224]=Oop [216]=Oop [232]=Oop [280]=Oop [288]=Oop [376]=Oop [200]=Oop [392]=Oop [360]=Oop [352]=Oop rdx=Oop rax=Oop [344]=Oop }
                      ;*aastore {reexecute=1 rethrow=0 return_oop=0}
                      ; - (reexecute) ai.onnxruntime.OrtSession::run@430 (line 393)
                      ;   {runtime_call throw_null_pointer_exception Runtime1 stub}
  0x000002296c3cd0fc: 07e8 9e90 

  0x000002296c3cd100: ; ImmutableOopMap {[224]=Oop [216]=Oop [232]=Oop [280]=Oop [288]=Oop [376]=Oop [200]=Oop [392]=Oop [360]=Oop [352]=Oop rdx=Oop rax=Oop [344]=Oop }
                      ;*aastore {reexecute=1 rethrow=0 return_oop=0}
                      ; - (reexecute) ai.onnxruntime.OrtSession::run@430 (line 393)
  0x000002296c3cd100: 2307 4889 

  0x000002296c3cd104: ;   {runtime_call throw_array_store_exception Runtime1 stub}
  0x000002296c3cd104: 1424 e895 

  0x000002296c3cd108: ; ImmutableOopMap {[224]=Oop [216]=Oop [232]=Oop [280]=Oop [288]=Oop [376]=Oop [200]=Oop [392]=Oop [360]=Oop [352]=Oop rdx=Oop rax=Oop [344]=Oop }
                      ;*aastore {reexecute=1 rethrow=0 return_oop=0}
                      ; - (reexecute) ai.onnxruntime.OrtSession::run@430 (line 393)
  0x000002296c3cd108: b123 078b | 1f48 c1e3 | 0348 83fb | 000f 845b | d8ff ff48 

  0x000002296c3cd11c: ;   {runtime_call g1_pre_barrier_slow}
  0x000002296c3cd11c: 891c 24e8 | 5ced 2307 | e94d d8ff | ff48 83fa | 000f 8461 | d8ff ff48 

  0x000002296c3cd134: ;   {runtime_call g1_post_barrier_slow}
  0x000002296c3cd134: 893c 24e8 | 44f0 2307 | e953 d8ff | ff48 8904 

  0x000002296c3cd144: ;   {runtime_call throw_class_cast_exception Runtime1 stub}
  0x000002296c3cd144: 24e8 56b4 

  0x000002296c3cd148: ; ImmutableOopMap {[224]=Oop [216]=Oop [232]=Oop [280]=Oop [288]=Oop [376]=Oop [200]=Oop [392]=Oop [360]=Oop [352]=Oop [344]=Oop }
                      ;*checkcast {reexecute=0 rethrow=0 return_oop=0}
                      ; - ai.onnxruntime.OrtSession::run@442 (line 394)
  0x000002296c3cd148: 2307 4889 | 3424 4889 

  0x000002296c3cd150: ;   {runtime_call throw_range_check_failed Runtime1 stub}
  0x000002296c3cd150: 4424 08e8 

  0x000002296c3cd154: ; ImmutableOopMap {[224]=Oop [216]=Oop [232]=Oop [280]=Oop [288]=Oop [376]=Oop [200]=Oop [392]=Oop [360]=Oop [344]=Oop rdx=Oop rax=Oop [352]=Oop }
                      ;*aastore {reexecute=1 rethrow=0 return_oop=0}
                      ; - (reexecute) ai.onnxruntime.OrtSession::run@445 (line 394)
  0x000002296c3cd154: 4887 2307 

  0x000002296c3cd158: ;   {runtime_call throw_null_pointer_exception Runtime1 stub}
  0x000002296c3cd158: e843 9023 

  0x000002296c3cd15c: ; ImmutableOopMap {[224]=Oop [216]=Oop [232]=Oop [280]=Oop [288]=Oop [376]=Oop [200]=Oop [392]=Oop [360]=Oop [344]=Oop rdx=Oop rax=Oop [352]=Oop }
                      ;*aastore {reexecute=1 rethrow=0 return_oop=0}
                      ; - (reexecute) ai.onnxruntime.OrtSession::run@445 (line 394)
  0x000002296c3cd15c: 0748 8914 

  0x000002296c3cd160: ;   {runtime_call throw_array_store_exception Runtime1 stub}
  0x000002296c3cd160: 24e8 3ab1 

  0x000002296c3cd164: ; ImmutableOopMap {[224]=Oop [216]=Oop [232]=Oop [280]=Oop [288]=Oop [376]=Oop [200]=Oop [392]=Oop [360]=Oop [344]=Oop rdx=Oop rax=Oop [352]=Oop }
                      ;*aastore {reexecute=1 rethrow=0 return_oop=0}
                      ; - (reexecute) ai.onnxruntime.OrtSession::run@445 (line 394)
  0x000002296c3cd164: 2307 8b1f | 48c1 e303 | 4883 fb00 | 0f84 34db | ffff 4889 

  0x000002296c3cd178: ;   {runtime_call g1_pre_barrier_slow}
  0x000002296c3cd178: 1c24 e801 | ed23 07e9 | 26db ffff | 4883 fa00 | 0f84 3adb | ffff 4889 

  0x000002296c3cd190: ;   {runtime_call g1_post_barrier_slow}
  0x000002296c3cd190: 3c24 e8e9 | ef23 07e9 | 2cdb ffff | 4889 0424 

  0x000002296c3cd1a0: ;   {runtime_call throw_class_cast_exception Runtime1 stub}
  0x000002296c3cd1a0: e8fb b323 

  0x000002296c3cd1a4: ; ImmutableOopMap {[224]=Oop [216]=Oop [232]=Oop [280]=Oop [288]=Oop [376]=Oop [200]=Oop [360]=Oop [344]=Oop [352]=Oop }
                      ;*checkcast {reexecute=0 rethrow=0 return_oop=0}
                      ; - ai.onnxruntime.OrtSession::run@457 (line 395)
  0x000002296c3cd1a4: 0748 8934 | 2448 897c 

  0x000002296c3cd1ac: ;   {runtime_call throw_range_check_failed Runtime1 stub}
  0x000002296c3cd1ac: 2408 e8ed 

  0x000002296c3cd1b0: ; ImmutableOopMap {[224]=Oop [216]=Oop [232]=Oop [280]=Oop [288]=Oop [376]=Oop [200]=Oop [344]=Oop [352]=Oop rdi=Oop [360]=Oop }
                      ;*lastore {reexecute=0 rethrow=0 return_oop=0}
                      ; - ai.onnxruntime.OrtSession::run@463 (line 395)
                      ;   {metadata({method} {0x0000022952ecfae0} 'run' '(Ljava/util/Map;Ljava/util/Set;Ljava/util/Map;Lai/onnxruntime/OrtSession$RunOptions;)Lai/onnxruntime/OrtSession$Result;' in 'ai/onnxruntime/OrtSession')}
  0x000002296c3cd1b0: 8623 0749 | bad8 faec | 5229 0200 | 004c 8954 | 2408 48c7 | 0424 0902 

  0x000002296c3cd1c8: ;   {runtime_call counter_overflow Runtime1 stub}
  0x000002296c3cd1c8: 0000 e8b1 

  0x000002296c3cd1cc: ; ImmutableOopMap {[224]=Oop [216]=Oop [232]=Oop [280]=Oop [288]=Oop [376]=Oop [200]=Oop [344]=Oop [352]=Oop rdi=Oop [360]=Oop }
                      ;*goto {reexecute=1 rethrow=0 return_oop=0}
                      ; - (reexecute) ai.onnxruntime.OrtSession::run@521 (line 401)
  0x000002296c3cd1cc: e623 07e9 | 32dd ffff 

  0x000002296c3cd1d4: ;   {runtime_call throw_null_pointer_exception Runtime1 stub}
  0x000002296c3cd1d4: e8c7 8f23 

  0x000002296c3cd1d8: ; ImmutableOopMap {[224]=Oop [216]=Oop [232]=Oop [280]=Oop [288]=Oop rax=Oop [376]=Oop [200]=Oop [360]=Oop [352]=Oop [344]=Oop }
                      ;*invokeinterface hasNext {reexecute=0 rethrow=0 return_oop=0}
                      ; - ai.onnxruntime.OrtSession::run@377 (line 391)
                      ;   {metadata(NULL)}
  0x000002296c3cd1d8: 0748 ba00 | 0000 0000 | 0000 00b8 | 000f 050a 

  0x000002296c3cd1e8: ;   {runtime_call load_klass_patching Runtime1 stub}
  0x000002296c3cd1e8: e813 d623 

  0x000002296c3cd1ec: ; ImmutableOopMap {[392]=Oop [200]=Oop }
                      ;*new {reexecute=1 rethrow=0 return_oop=0}
                      ; - (reexecute) ai.onnxruntime.OrtSession::run@470 (line 398)
  0x000002296c3cd1ec: 07e9 2ede 

  0x000002296c3cd1f0: ;   {runtime_call throw_null_pointer_exception Runtime1 stub}
  0x000002296c3cd1f0: ffff e8a9 

  0x000002296c3cd1f4: ; ImmutableOopMap {[200]=Oop [392]=Oop }
                      ;*new {reexecute=0 rethrow=0 return_oop=0}
                      ; - ai.onnxruntime.OrtSession::run@470 (line 398)
  0x000002296c3cd1f4: 8f23 0748 

  0x000002296c3cd1f8: ;   {runtime_call fast_new_instance_init_check Runtime1 stub}
  0x000002296c3cd1f8: 8bd2 e881 

  0x000002296c3cd1fc: ; ImmutableOopMap {[200]=Oop [392]=Oop }
                      ;*new {reexecute=0 rethrow=0 return_oop=0}
                      ; - ai.onnxruntime.OrtSession::run@470 (line 398)
  0x000002296c3cd1fc: 9b23 07e9 | 81de ffff 

  0x000002296c3cd204: ;   {metadata(NULL)}
  0x000002296c3cd204: 48ba 0000 | 0000 0000 | 0000 b800 

  0x000002296c3cd210: ;   {runtime_call load_klass_patching Runtime1 stub}
  0x000002296c3cd210: 0f05 0ae8 

  0x000002296c3cd214: ; ImmutableOopMap {[200]=Oop [392]=Oop rax=Oop [408]=Oop }
                      ;*new {reexecute=1 rethrow=0 return_oop=0}
                      ; - (reexecute) ai.onnxruntime.OrtSession::run@474 (line 398)
  0x000002296c3cd214: e8d5 2307 | e973 deff | ff48 8bd2 

  0x000002296c3cd220: ;   {runtime_call fast_new_instance Runtime1 stub}
  0x000002296c3cd220: e85b 9823 

  0x000002296c3cd224: ; ImmutableOopMap {[200]=Oop [392]=Oop [408]=Oop }
                      ;*new {reexecute=0 rethrow=0 return_oop=0}
                      ; - ai.onnxruntime.OrtSession::run@474 (line 398)
  0x000002296c3cd224: 07e9 b6de 

  0x000002296c3cd228: ;   {metadata({method} {0x000002291041f118} '<init>' '()V' in 'java/lang/StringBuilder')}
  0x000002296c3cd228: ffff 49ba | 10f1 4110 | 2902 0000 | 4c89 5424 | 0848 c704 | 24ff ffff 

  0x000002296c3cd240: ;   {runtime_call counter_overflow Runtime1 stub}
  0x000002296c3cd240: ffe8 3ae6 

  0x000002296c3cd244: ; ImmutableOopMap {[200]=Oop [392]=Oop [408]=Oop rax=Oop }
                      ;*synchronization entry
                      ; - java.lang.StringBuilder::<init>@-1 (line 106)
                      ; - ai.onnxruntime.OrtSession::run@478 (line 398)
  0x000002296c3cd244: 2307 e9d4 

  0x000002296c3cd248: ;   {metadata({method} {0x000002291041f850} 'append' '(Ljava/lang/String;)Ljava/lang/StringBuilder;' in 'java/lang/StringBuilder')}
  0x000002296c3cd248: deff ff49 | ba48 f841 | 1029 0200 | 004c 8954 | 2408 48c7 | 0424 ffff 

  0x000002296c3cd260: ;   {runtime_call counter_overflow Runtime1 stub}
  0x000002296c3cd260: ffff e819 

  0x000002296c3cd264: ; ImmutableOopMap {[400]=Oop [200]=Oop [408]=Oop [392]=Oop }
                      ;*synchronization entry
                      ; - java.lang.StringBuilder::append@-1 (line 179)
                      ; - ai.onnxruntime.OrtSession::run@483 (line 398)
  0x000002296c3cd264: e623 07e9 | 24df ffff | 4889 0424 

  0x000002296c3cd270: ;   {runtime_call throw_class_cast_exception Runtime1 stub}
  0x000002296c3cd270: e82b b323 

  0x000002296c3cd274: ; ImmutableOopMap {[400]=Oop [200]=Oop [408]=Oop }
                      ;*checkcast {reexecute=0 rethrow=0 return_oop=0}
                      ; - ai.onnxruntime.OrtSession::run@493 (line 399)
                      ;   {metadata({method} {0x000002291041f850} 'append' '(Ljava/lang/String;)Ljava/lang/StringBuilder;' in 'java/lang/StringBuilder')}
  0x000002296c3cd274: 0749 ba48 | f841 1029 | 0200 004c | 8954 2408 | 48c7 0424 | ffff ffff 

  0x000002296c3cd28c: ;   {runtime_call counter_overflow Runtime1 stub}
  0x000002296c3cd28c: e8ef e523 

  0x000002296c3cd290: ; ImmutableOopMap {[400]=Oop [200]=Oop [408]=Oop r8=Oop }
                      ;*synchronization entry
                      ; - java.lang.StringBuilder::append@-1 (line 179)
                      ; - ai.onnxruntime.OrtSession::run@496 (line 399)
  0x000002296c3cd290: 07e9 19e1 

  0x000002296c3cd294: ;   {metadata({method} {0x000002291041f850} 'append' '(Ljava/lang/String;)Ljava/lang/StringBuilder;' in 'java/lang/StringBuilder')}
  0x000002296c3cd294: ffff 49ba | 48f8 4110 | 2902 0000 | 4c89 5424 | 0848 c704 | 24ff ffff 

  0x000002296c3cd2ac: ;   {runtime_call counter_overflow Runtime1 stub}
  0x000002296c3cd2ac: ffe8 cee5 

  0x000002296c3cd2b0: ; ImmutableOopMap {[400]=Oop [200]=Oop [408]=Oop }
                      ;*synchronization entry
                      ; - java.lang.StringBuilder::append@-1 (line 179)
                      ; - ai.onnxruntime.OrtSession::run@501 (line 399)
  0x000002296c3cd2b0: 2307 e969 

  0x000002296c3cd2b4: ;   {runtime_call throw_null_pointer_exception Runtime1 stub}
  0x000002296c3cd2b4: e1ff ffe8 

  0x000002296c3cd2b8: ; ImmutableOopMap {[400]=Oop [408]=Oop rdx=Oop }
                      ;*invokevirtual toString {reexecute=0 rethrow=0 return_oop=0}
                      ; - ai.onnxruntime.OrtSession::run@508 (line 399)
  0x000002296c3cd2b8: e48e 2307 

  0x000002296c3cd2bc: ;   {metadata({method} {0x000002291041f850} 'append' '(Ljava/lang/String;)Ljava/lang/StringBuilder;' in 'java/lang/StringBuilder')}
  0x000002296c3cd2bc: 49ba 48f8 | 4110 2902 | 0000 4c89 | 5424 0848 | c704 24ff 

  0x000002296c3cd2d0: ;   {runtime_call counter_overflow Runtime1 stub}
  0x000002296c3cd2d0: ffff ffe8 

  0x000002296c3cd2d4: ; ImmutableOopMap {[400]=Oop [408]=Oop rax=Oop }
                      ;*synchronization entry
                      ; - java.lang.StringBuilder::append@-1 (line 179)
                      ; - ai.onnxruntime.OrtSession::run@511 (line 399)
  0x000002296c3cd2d4: a8e5 2307 | e97b e2ff 

  0x000002296c3cd2dc: ;   {metadata({method} {0x000002291041f170} 'toString' '()Ljava/lang/String;' in 'java/lang/StringBuilder')}
  0x000002296c3cd2dc: ff49 ba68 | f141 1029 | 0200 004c | 8954 2408 | 48c7 0424 | ffff ffff 

  0x000002296c3cd2f4: ;   {runtime_call counter_overflow Runtime1 stub}
  0x000002296c3cd2f4: e887 e523 

  0x000002296c3cd2f8: ; ImmutableOopMap {[400]=Oop [408]=Oop }
                      ;*synchronization entry
                      ; - java.lang.StringBuilder::toString@-1 (line 453)
                      ; - ai.onnxruntime.OrtSession::run@514 (line 399)
  0x000002296c3cd2f8: 07e9 cde2 

  0x000002296c3cd2fc: ;   {metadata({method} {0x000002291005d7b8} 'isLatin1' '()Z' in 'java/lang/AbstractStringBuilder')}
  0x000002296c3cd2fc: ffff 49ba | b0d7 0510 | 2902 0000 | 4c89 5424 | 0848 c704 | 24ff ffff 

  0x000002296c3cd314: ;   {runtime_call counter_overflow Runtime1 stub}
  0x000002296c3cd314: ffe8 66e5 

  0x000002296c3cd318: ; ImmutableOopMap {[400]=Oop [408]=Oop }
                      ;*synchronization entry
                      ; - java.lang.AbstractStringBuilder::isLatin1@-1 (line 1677)
                      ; - java.lang.StringBuilder::toString@1 (line 453)
                      ; - ai.onnxruntime.OrtSession::run@514 (line 399)
  0x000002296c3cd318: 2307 e9f3 | e2ff ff48 

  0x000002296c3cd320: ;   {runtime_call throw_class_cast_exception Runtime1 stub}
  0x000002296c3cd320: 8904 24e8 

  0x000002296c3cd324: ; ImmutableOopMap {[232]=Oop [280]=Oop [288]=Oop [352]=Oop [360]=Oop [416]=Oop [344]=Oop [224]=Oop [200]=Oop }
                      ;*checkcast {reexecute=0 rethrow=0 return_oop=0}
                      ; - ai.onnxruntime.OrtSession::run@549 (line 402)
  0x000002296c3cd324: 78b2 2307 

  0x000002296c3cd328: ;   {runtime_call throw_null_pointer_exception Runtime1 stub}
  0x000002296c3cd328: e873 8e23 

  0x000002296c3cd32c: ; ImmutableOopMap {[232]=Oop [280]=Oop [288]=Oop [352]=Oop [360]=Oop [416]=Oop [344]=Oop [224]=Oop rsi=Oop [432]=Oop rdx=Oop [200]=Oop rdi=Oop }
                      ;*invokeinterface contains {reexecute=0 rethrow=0 return_oop=0}
                      ; - ai.onnxruntime.OrtSession::run@560 (line 403)
  0x000002296c3cd32c: 0748 8934 | 2448 8944 

  0x000002296c3cd334: ;   {runtime_call throw_range_check_failed Runtime1 stub}
  0x000002296c3cd334: 2408 e865 

  0x000002296c3cd338: ; ImmutableOopMap {[232]=Oop [280]=Oop [288]=Oop [352]=Oop [360]=Oop [416]=Oop [224]=Oop [200]=Oop rbx=Oop [432]=Oop rax=Oop [344]=Oop }
                      ;*aastore {reexecute=1 rethrow=0 return_oop=0}
                      ; - (reexecute) ai.onnxruntime.OrtSession::run@585 (line 405)
                      ;   {runtime_call throw_null_pointer_exception Runtime1 stub}
  0x000002296c3cd338: 8523 07e8 

  0x000002296c3cd33c: ; ImmutableOopMap {[232]=Oop [280]=Oop [288]=Oop [352]=Oop [360]=Oop [416]=Oop [224]=Oop [200]=Oop rbx=Oop [432]=Oop rax=Oop [344]=Oop }
                      ;*aastore {reexecute=1 rethrow=0 return_oop=0}
                      ; - (reexecute) ai.onnxruntime.OrtSession::run@585 (line 405)
  0x000002296c3cd33c: 608e 2307 | 4889 1c24 

  0x000002296c3cd344: ;   {runtime_call throw_array_store_exception Runtime1 stub}
  0x000002296c3cd344: e857 af23 

  0x000002296c3cd348: ; ImmutableOopMap {[232]=Oop [280]=Oop [288]=Oop [352]=Oop [360]=Oop [416]=Oop [224]=Oop [200]=Oop rbx=Oop [432]=Oop rax=Oop [344]=Oop }
                      ;*aastore {reexecute=1 rethrow=0 return_oop=0}
                      ; - (reexecute) ai.onnxruntime.OrtSession::run@585 (line 405)
  0x000002296c3cd348: 078b 3a48 | c1e7 0348 | 83ff 000f | 848f e9ff | ff48 893c 

  0x000002296c3cd35c: ;   {runtime_call g1_pre_barrier_slow}
  0x000002296c3cd35c: 24e8 1eeb | 2307 e981 | e9ff ff48 | 83fb 000f | 8495 e9ff | ff48 8914 

  0x000002296c3cd374: ;   {runtime_call g1_post_barrier_slow}
  0x000002296c3cd374: 24e8 06ee | 2307 e987 

  0x000002296c3cd37c: ;   {metadata({method} {0x0000022952ecfae0} 'run' '(Ljava/util/Map;Ljava/util/Set;Ljava/util/Map;Lai/onnxruntime/OrtSession$RunOptions;)Lai/onnxruntime/OrtSession$Result;' in 'ai/onnxruntime/OrtSession')}
  0x000002296c3cd37c: e9ff ff49 | bad8 faec | 5229 0200 | 004c 8954 | 2408 48c7 | 0424 9c02 

  0x000002296c3cd394: ;   {runtime_call counter_overflow Runtime1 stub}
  0x000002296c3cd394: 0000 e8e5 

  0x000002296c3cd398: ; ImmutableOopMap {[232]=Oop [280]=Oop [288]=Oop [352]=Oop [360]=Oop [416]=Oop [224]=Oop [200]=Oop rax=Oop [344]=Oop }
                      ;*goto {reexecute=1 rethrow=0 return_oop=0}
                      ; - (reexecute) ai.onnxruntime.OrtSession::run@668 (line 419)
  0x000002296c3cd398: e423 07e9 | a0e9 ffff 

  0x000002296c3cd3a0: ;   {runtime_call throw_null_pointer_exception Runtime1 stub}
  0x000002296c3cd3a0: e8fb 8d23 

  0x000002296c3cd3a4: ; ImmutableOopMap {[232]=Oop [280]=Oop [288]=Oop [352]=Oop [360]=Oop rax=Oop [416]=Oop [224]=Oop [200]=Oop [344]=Oop }
                      ;*invokeinterface hasNext {reexecute=0 rethrow=0 return_oop=0}
                      ; - ai.onnxruntime.OrtSession::run@534 (line 402)
                      ;   {metadata(NULL)}
  0x000002296c3cd3a4: 0748 ba00 | 0000 0000 | 0000 00b8 | 000f 050a 

  0x000002296c3cd3b4: ;   {runtime_call load_klass_patching Runtime1 stub}
  0x000002296c3cd3b4: e847 d423 

  0x000002296c3cd3b8: ; ImmutableOopMap {[432]=Oop }
                      ;*new {reexecute=1 rethrow=0 return_oop=0}
                      ; - (reexecute) ai.onnxruntime.OrtSession::run@592 (line 410)
  0x000002296c3cd3b8: 07e9 9aea 

  0x000002296c3cd3bc: ;   {runtime_call throw_null_pointer_exception Runtime1 stub}
  0x000002296c3cd3bc: ffff e8dd 

  0x000002296c3cd3c0: ; ImmutableOopMap {[432]=Oop }
                      ;*new {reexecute=0 rethrow=0 return_oop=0}
                      ; - ai.onnxruntime.OrtSession::run@592 (line 410)
  0x000002296c3cd3c0: 8d23 0748 

  0x000002296c3cd3c4: ;   {runtime_call fast_new_instance_init_check Runtime1 stub}
  0x000002296c3cd3c4: 8bd2 e8b5 

  0x000002296c3cd3c8: ; ImmutableOopMap {[432]=Oop }
                      ;*new {reexecute=0 rethrow=0 return_oop=0}
                      ; - ai.onnxruntime.OrtSession::run@592 (line 410)
  0x000002296c3cd3c8: 9923 07e9 | edea ffff 

  0x000002296c3cd3d0: ;   {metadata(NULL)}
  0x000002296c3cd3d0: 48ba 0000 | 0000 0000 | 0000 b800 

  0x000002296c3cd3dc: ;   {runtime_call load_klass_patching Runtime1 stub}
  0x000002296c3cd3dc: 0f05 0ae8 

  0x000002296c3cd3e0: ; ImmutableOopMap {[432]=Oop rax=Oop [448]=Oop }
                      ;*new {reexecute=1 rethrow=0 return_oop=0}
                      ; - (reexecute) ai.onnxruntime.OrtSession::run@596 (line 410)
  0x000002296c3cd3e0: 1cd4 2307 | e9df eaff | ff48 8bd2 

  0x000002296c3cd3ec: ;   {runtime_call fast_new_instance Runtime1 stub}
  0x000002296c3cd3ec: e88f 9623 

  0x000002296c3cd3f0: ; ImmutableOopMap {[432]=Oop [448]=Oop }
                      ;*new {reexecute=0 rethrow=0 return_oop=0}
                      ; - ai.onnxruntime.OrtSession::run@596 (line 410)
  0x000002296c3cd3f0: 07e9 22eb 

  0x000002296c3cd3f4: ;   {metadata({method} {0x000002291041f118} '<init>' '()V' in 'java/lang/StringBuilder')}
  0x000002296c3cd3f4: ffff 49ba | 10f1 4110 | 2902 0000 | 4c89 5424 | 0848 c704 | 24ff ffff 

  0x000002296c3cd40c: ;   {runtime_call counter_overflow Runtime1 stub}
  0x000002296c3cd40c: ffe8 6ee4 

  0x000002296c3cd410: ; ImmutableOopMap {[432]=Oop [448]=Oop rax=Oop }
                      ;*synchronization entry
                      ; - java.lang.StringBuilder::<init>@-1 (line 106)
                      ; - ai.onnxruntime.OrtSession::run@600 (line 410)
  0x000002296c3cd410: 2307 e940 

  0x000002296c3cd414: ;   {metadata({method} {0x000002291041f850} 'append' '(Ljava/lang/String;)Ljava/lang/StringBuilder;' in 'java/lang/StringBuilder')}
  0x000002296c3cd414: ebff ff49 | ba48 f841 | 1029 0200 | 004c 8954 | 2408 48c7 | 0424 ffff 

  0x000002296c3cd42c: ;   {runtime_call counter_overflow Runtime1 stub}
  0x000002296c3cd42c: ffff e84d 

  0x000002296c3cd430: ; ImmutableOopMap {[432]=Oop [448]=Oop [440]=Oop }
                      ;*synchronization entry
                      ; - java.lang.StringBuilder::append@-1 (line 179)
                      ; - ai.onnxruntime.OrtSession::run@605 (line 410)
  0x000002296c3cd430: e423 07e9 | 90eb ffff 

  0x000002296c3cd438: ;   {metadata({method} {0x000002291041f850} 'append' '(Ljava/lang/String;)Ljava/lang/StringBuilder;' in 'java/lang/StringBuilder')}
  0x000002296c3cd438: 49ba 48f8 | 4110 2902 | 0000 4c89 | 5424 0848 | c704 24ff 

  0x000002296c3cd44c: ;   {runtime_call counter_overflow Runtime1 stub}
  0x000002296c3cd44c: ffff ffe8 

  0x000002296c3cd450: ; ImmutableOopMap {[432]=Oop [448]=Oop [440]=Oop }
                      ;*synchronization entry
                      ; - java.lang.StringBuilder::append@-1 (line 179)
                      ; - ai.onnxruntime.OrtSession::run@610 (line 410)
  0x000002296c3cd450: 2ce4 2307 | e9e7 ebff 

  0x000002296c3cd458: ;   {metadata({method} {0x000002291041f850} 'append' '(Ljava/lang/String;)Ljava/lang/StringBuilder;' in 'java/lang/StringBuilder')}
  0x000002296c3cd458: ff49 ba48 | f841 1029 | 0200 004c | 8954 2408 | 48c7 0424 | ffff ffff 

  0x000002296c3cd470: ;   {runtime_call counter_overflow Runtime1 stub}
  0x000002296c3cd470: e80b e423 

  0x000002296c3cd474: ; ImmutableOopMap {[448]=Oop [440]=Oop }
                      ;*synchronization entry
                      ; - java.lang.StringBuilder::append@-1 (line 179)
                      ; - ai.onnxruntime.OrtSession::run@615 (line 410)
  0x000002296c3cd474: 07e9 3eec 

  0x000002296c3cd478: ;   {metadata({method} {0x000002291041f170} 'toString' '()Ljava/lang/String;' in 'java/lang/StringBuilder')}
  0x000002296c3cd478: ffff 49ba | 68f1 4110 | 2902 0000 | 4c89 5424 | 0848 c704 | 24ff ffff 

  0x000002296c3cd490: ;   {runtime_call counter_overflow Runtime1 stub}
  0x000002296c3cd490: ffe8 eae3 

  0x000002296c3cd494: ; ImmutableOopMap {[448]=Oop [440]=Oop }
                      ;*synchronization entry
                      ; - java.lang.StringBuilder::toString@-1 (line 453)
                      ; - ai.onnxruntime.OrtSession::run@618 (line 410)
  0x000002296c3cd494: 2307 e998 

  0x000002296c3cd498: ;   {metadata({method} {0x000002291005d7b8} 'isLatin1' '()Z' in 'java/lang/AbstractStringBuilder')}
  0x000002296c3cd498: ecff ff49 | bab0 d705 | 1029 0200 | 004c 8954 | 2408 48c7 | 0424 ffff 

  0x000002296c3cd4b0: ;   {runtime_call counter_overflow Runtime1 stub}
  0x000002296c3cd4b0: ffff e8c9 

  0x000002296c3cd4b4: ; ImmutableOopMap {[448]=Oop [440]=Oop }
                      ;*synchronization entry
                      ; - java.lang.AbstractStringBuilder::isLatin1@-1 (line 1677)
                      ; - java.lang.StringBuilder::toString@1 (line 453)
                      ; - ai.onnxruntime.OrtSession::run@618 (line 410)
  0x000002296c3cd4b4: e323 07e9 | beec ffff 

  0x000002296c3cd4bc: ;   {metadata(NULL)}
  0x000002296c3cd4bc: 48ba 0000 | 0000 0000 | 0000 b800 

  0x000002296c3cd4c8: ;   {runtime_call load_klass_patching Runtime1 stub}
  0x000002296c3cd4c8: 0f05 0ae8 

  0x000002296c3cd4cc: ; ImmutableOopMap {[432]=Oop [200]=Oop }
                      ;*new {reexecute=1 rethrow=0 return_oop=0}
                      ; - (reexecute) ai.onnxruntime.OrtSession::run@625 (line 416)
  0x000002296c3cd4cc: 30d3 2307 | e9c3 edff 

  0x000002296c3cd4d4: ;   {runtime_call throw_null_pointer_exception Runtime1 stub}
  0x000002296c3cd4d4: ffe8 c68c 

  0x000002296c3cd4d8: ; ImmutableOopMap {[200]=Oop [432]=Oop }
                      ;*new {reexecute=0 rethrow=0 return_oop=0}
                      ; - ai.onnxruntime.OrtSession::run@625 (line 416)
  0x000002296c3cd4d8: 2307 488b 

  0x000002296c3cd4dc: ;   {runtime_call fast_new_instance_init_check Runtime1 stub}
  0x000002296c3cd4dc: d2e8 9e98 

  0x000002296c3cd4e0: ; ImmutableOopMap {[200]=Oop [432]=Oop }
                      ;*new {reexecute=0 rethrow=0 return_oop=0}
                      ; - ai.onnxruntime.OrtSession::run@625 (line 416)
  0x000002296c3cd4e0: 2307 e916 

  0x000002296c3cd4e4: ;   {metadata(NULL)}
  0x000002296c3cd4e4: eeff ff48 | ba00 0000 | 0000 0000 | 00b8 000f 

  0x000002296c3cd4f4: ;   {runtime_call load_klass_patching Runtime1 stub}
  0x000002296c3cd4f4: 050a e805 

  0x000002296c3cd4f8: ; ImmutableOopMap {[200]=Oop [432]=Oop rax=Oop [464]=Oop }
                      ;*new {reexecute=1 rethrow=0 return_oop=0}
                      ; - (reexecute) ai.onnxruntime.OrtSession::run@629 (line 416)
  0x000002296c3cd4f8: d323 07e9 | 08ee ffff 

  0x000002296c3cd500: ;   {runtime_call fast_new_instance Runtime1 stub}
  0x000002296c3cd500: 488b d2e8 

  0x000002296c3cd504: ; ImmutableOopMap {[200]=Oop [432]=Oop [464]=Oop }
                      ;*new {reexecute=0 rethrow=0 return_oop=0}
                      ; - ai.onnxruntime.OrtSession::run@629 (line 416)
  0x000002296c3cd504: 7895 2307 | e94b eeff 

  0x000002296c3cd50c: ;   {metadata({method} {0x000002291041f118} '<init>' '()V' in 'java/lang/StringBuilder')}
  0x000002296c3cd50c: ff49 ba10 | f141 1029 | 0200 004c | 8954 2408 | 48c7 0424 | ffff ffff 

  0x000002296c3cd524: ;   {runtime_call counter_overflow Runtime1 stub}
  0x000002296c3cd524: e857 e323 

  0x000002296c3cd528: ; ImmutableOopMap {[200]=Oop [432]=Oop [464]=Oop rax=Oop }
                      ;*synchronization entry
                      ; - java.lang.StringBuilder::<init>@-1 (line 106)
                      ; - ai.onnxruntime.OrtSession::run@633 (line 416)
  0x000002296c3cd528: 07e9 69ee 

  0x000002296c3cd52c: ;   {metadata({method} {0x000002291041f850} 'append' '(Ljava/lang/String;)Ljava/lang/StringBuilder;' in 'java/lang/StringBuilder')}
  0x000002296c3cd52c: ffff 49ba | 48f8 4110 | 2902 0000 | 4c89 5424 | 0848 c704 | 24ff ffff 

  0x000002296c3cd544: ;   {runtime_call counter_overflow Runtime1 stub}
  0x000002296c3cd544: ffe8 36e3 

  0x000002296c3cd548: ; ImmutableOopMap {[432]=Oop [456]=Oop [200]=Oop [464]=Oop }
                      ;*synchronization entry
                      ; - java.lang.StringBuilder::append@-1 (line 179)
                      ; - ai.onnxruntime.OrtSession::run@638 (line 416)
  0x000002296c3cd548: 2307 e9b9 

  0x000002296c3cd54c: ;   {metadata({method} {0x000002291041f850} 'append' '(Ljava/lang/String;)Ljava/lang/StringBuilder;' in 'java/lang/StringBuilder')}
  0x000002296c3cd54c: eeff ff49 | ba48 f841 | 1029 0200 | 004c 8954 | 2408 48c7 | 0424 ffff 

  0x000002296c3cd564: ;   {runtime_call counter_overflow Runtime1 stub}
  0x000002296c3cd564: ffff e815 

  0x000002296c3cd568: ; ImmutableOopMap {[432]=Oop [456]=Oop [200]=Oop [464]=Oop }
                      ;*synchronization entry
                      ; - java.lang.StringBuilder::append@-1 (line 179)
                      ; - ai.onnxruntime.OrtSession::run@643 (line 416)
  0x000002296c3cd568: e323 07e9 | 10ef ffff 

  0x000002296c3cd570: ;   {metadata({method} {0x000002291041f850} 'append' '(Ljava/lang/String;)Ljava/lang/StringBuilder;' in 'java/lang/StringBuilder')}
  0x000002296c3cd570: 49ba 48f8 | 4110 2902 | 0000 4c89 | 5424 0848 | c704 24ff 

  0x000002296c3cd584: ;   {runtime_call counter_overflow Runtime1 stub}
  0x000002296c3cd584: ffff ffe8 

  0x000002296c3cd588: ; ImmutableOopMap {[456]=Oop [200]=Oop [464]=Oop }
                      ;*synchronization entry
                      ; - java.lang.StringBuilder::append@-1 (line 179)
                      ; - ai.onnxruntime.OrtSession::run@648 (line 416)
  0x000002296c3cd588: f4e2 2307 | e967 efff 

  0x000002296c3cd590: ;   {runtime_call throw_null_pointer_exception Runtime1 stub}
  0x000002296c3cd590: ffe8 0a8c 

  0x000002296c3cd594: ; ImmutableOopMap {[456]=Oop [464]=Oop rdx=Oop }
                      ;*invokevirtual toString {reexecute=0 rethrow=0 return_oop=0}
                      ; - ai.onnxruntime.OrtSession::run@655 (line 417)
                      ;   {metadata({method} {0x000002291041f850} 'append' '(Ljava/lang/String;)Ljava/lang/StringBuilder;' in 'java/lang/StringBuilder')}
  0x000002296c3cd594: 2307 49ba | 48f8 4110 | 2902 0000 | 4c89 5424 | 0848 c704 | 24ff ffff 

  0x000002296c3cd5ac: ;   {runtime_call counter_overflow Runtime1 stub}
  0x000002296c3cd5ac: ffe8 cee2 

  0x000002296c3cd5b0: ; ImmutableOopMap {[456]=Oop [464]=Oop rax=Oop }
                      ;*synchronization entry
                      ; - java.lang.StringBuilder::append@-1 (line 179)
                      ; - ai.onnxruntime.OrtSession::run@658 (line 417)
  0x000002296c3cd5b0: 2307 e979 

  0x000002296c3cd5b4: ;   {metadata({method} {0x000002291041f170} 'toString' '()Ljava/lang/String;' in 'java/lang/StringBuilder')}
  0x000002296c3cd5b4: f0ff ff49 | ba68 f141 | 1029 0200 | 004c 8954 | 2408 48c7 | 0424 ffff 

  0x000002296c3cd5cc: ;   {runtime_call counter_overflow Runtime1 stub}
  0x000002296c3cd5cc: ffff e8ad 

  0x000002296c3cd5d0: ; ImmutableOopMap {[456]=Oop [464]=Oop }
                      ;*synchronization entry
                      ; - java.lang.StringBuilder::toString@-1 (line 453)
                      ; - ai.onnxruntime.OrtSession::run@661 (line 417)
  0x000002296c3cd5d0: e223 07e9 | cbf0 ffff 

  0x000002296c3cd5d8: ;   {metadata({method} {0x000002291005d7b8} 'isLatin1' '()Z' in 'java/lang/AbstractStringBuilder')}
  0x000002296c3cd5d8: 49ba b0d7 | 0510 2902 | 0000 4c89 | 5424 0848 | c704 24ff 

  0x000002296c3cd5ec: ;   {runtime_call counter_overflow Runtime1 stub}
  0x000002296c3cd5ec: ffff ffe8 

  0x000002296c3cd5f0: ; ImmutableOopMap {[456]=Oop [464]=Oop }
                      ;*synchronization entry
                      ; - java.lang.AbstractStringBuilder::isLatin1@-1 (line 1677)
                      ; - java.lang.StringBuilder::toString@1 (line 453)
                      ; - ai.onnxruntime.OrtSession::run@661 (line 417)
  0x000002296c3cd5f0: 8ce2 2307 | e9f1 f0ff 

  0x000002296c3cd5f8: ;   {runtime_call throw_null_pointer_exception Runtime1 stub}
  0x000002296c3cd5f8: ffe8 a28b 

  0x000002296c3cd5fc: ; ImmutableOopMap {rax=Oop [280]=Oop [352]=Oop rcx=Oop [288]=Oop rdx=Oop [200]=Oop r11=Oop [344]=Oop [360]=Oop rsi=Oop }
                      ;*getfield handle {reexecute=1 rethrow=0 return_oop=0}
                      ; - (reexecute) ai.onnxruntime.OrtSession::run@699 (line 421)
  0x000002296c3cd5fc: 2307 488b 

  0x000002296c3cd600: ;   {runtime_call fast_new_instance Runtime1 stub}
  0x000002296c3cd600: d2e8 7a94 

  0x000002296c3cd604: ; ImmutableOopMap {[352]=Oop [344]=Oop rbx=Oop }
                      ;*new {reexecute=0 rethrow=0 return_oop=0}
                      ; - ai.onnxruntime.OrtSession::run@727 (line 434)
  0x000002296c3cd604: 2307 e9b0 

  0x000002296c3cd608: ;   {internal_word}
  0x000002296c3cd608: f3ff ff49 | ba04 ca3c | 6c29 0200 | 004d 8997 | 6003 0000 

  0x000002296c3cd61c: ;   {runtime_call SafepointBlob}
  0x000002296c3cd61c: e9df a319 

  0x000002296c3cd620: ;   {metadata('java/lang/IllegalStateException')}
  0x000002296c3cd620: 0748 bae8 | 7d04 1129 | 0200 00b8 | 000f 050a 

  0x000002296c3cd630: ;   {runtime_call load_klass_patching Runtime1 stub}
  0x000002296c3cd630: e8cb d123 

  0x000002296c3cd634: ; ImmutableOopMap {}
                      ;*new {reexecute=1 rethrow=0 return_oop=0}
                      ; - (reexecute) ai.onnxruntime.OrtSession::run@741 (line 436)
  0x000002296c3cd634: 07e9 2ef5 | ffff 488b 

  0x000002296c3cd63c: ;   {runtime_call fast_new_instance Runtime1 stub}
  0x000002296c3cd63c: d2e8 3e94 

  0x000002296c3cd640: ; ImmutableOopMap {}
                      ;*new {reexecute=0 rethrow=0 return_oop=0}
                      ; - ai.onnxruntime.OrtSession::run@741 (line 436)
  0x000002296c3cd640: 2307 e979 | f5ff ff90 | 9049 8b87 | d803 0000 | 49c7 87d8 | 0300 0000 | 0000 0049 | c787 e003 
  0x000002296c3cd660: 0000 0000 | 0000 4881 | c400 0200 

  0x000002296c3cd66c: ;   {runtime_call unwind_exception Runtime1 stub}
  0x000002296c3cd66c: 005d e98d | ab1a 07f4 | f4f4 f4f4 | f4f4 f4f4 | f4f4 f4f4 
[Stub Code]
  0x000002296c3cd680: ;   {no_reloc}
  0x000002296c3cd680: 0f1f 4400 

  0x000002296c3cd684: ;   {static_stub}
  0x000002296c3cd684: 0048 bb00 | 0000 0000 

  0x000002296c3cd68c: ;   {runtime_call}
  0x000002296c3cd68c: 0000 00e9 | fbff ffff 

  0x000002296c3cd694: ;   {static_stub}
  0x000002296c3cd694: 9048 bb00 | 0000 0000 

  0x000002296c3cd69c: ;   {runtime_call}
  0x000002296c3cd69c: 0000 00e9 | fbff ffff 

  0x000002296c3cd6a4: ;   {static_stub}
  0x000002296c3cd6a4: 9048 bb00 | 0000 0000 

  0x000002296c3cd6ac: ;   {runtime_call}
  0x000002296c3cd6ac: 0000 00e9 | fbff ffff 

  0x000002296c3cd6b4: ;   {static_stub}
  0x000002296c3cd6b4: 9048 bb00 | 0000 0000 

  0x000002296c3cd6bc: ;   {runtime_call}
  0x000002296c3cd6bc: 0000 00e9 | fbff ffff 

  0x000002296c3cd6c4: ;   {static_stub}
  0x000002296c3cd6c4: 9048 bb00 | 0000 0000 

  0x000002296c3cd6cc: ;   {runtime_call}
  0x000002296c3cd6cc: 0000 00e9 | fbff ffff 

  0x000002296c3cd6d4: ;   {static_stub}
  0x000002296c3cd6d4: 9048 bb00 | 0000 0000 

  0x000002296c3cd6dc: ;   {runtime_call}
  0x000002296c3cd6dc: 0000 00e9 | fbff ffff 

  0x000002296c3cd6e4: ;   {static_stub}
  0x000002296c3cd6e4: 9048 bb00 | 0000 0000 

  0x000002296c3cd6ec: ;   {runtime_call}
  0x000002296c3cd6ec: 0000 00e9 | fbff ffff 

  0x000002296c3cd6f4: ;   {static_stub}
  0x000002296c3cd6f4: 9048 bb00 | 0000 0000 

  0x000002296c3cd6fc: ;   {runtime_call}
  0x000002296c3cd6fc: 0000 00e9 | fbff ffff 

  0x000002296c3cd704: ;   {static_stub}
  0x000002296c3cd704: 9048 bb00 | 0000 0000 

  0x000002296c3cd70c: ;   {runtime_call}
  0x000002296c3cd70c: 0000 00e9 | fbff ffff 

  0x000002296c3cd714: ;   {static_stub}
  0x000002296c3cd714: 9048 bb00 | 0000 0000 

  0x000002296c3cd71c: ;   {runtime_call}
  0x000002296c3cd71c: 0000 00e9 | fbff ffff 

  0x000002296c3cd724: ;   {static_stub}
  0x000002296c3cd724: 9048 bb00 | 0000 0000 

  0x000002296c3cd72c: ;   {runtime_call}
  0x000002296c3cd72c: 0000 00e9 | fbff ffff 

  0x000002296c3cd734: ;   {static_stub}
  0x000002296c3cd734: 9048 bb00 | 0000 0000 

  0x000002296c3cd73c: ;   {runtime_call}
  0x000002296c3cd73c: 0000 00e9 | fbff ffff 

  0x000002296c3cd744: ;   {static_stub}
  0x000002296c3cd744: 9048 bb00 | 0000 0000 

  0x000002296c3cd74c: ;   {runtime_call}
  0x000002296c3cd74c: 0000 00e9 | fbff ffff 

  0x000002296c3cd754: ;   {static_stub}
  0x000002296c3cd754: 9048 bb00 | 0000 0000 

  0x000002296c3cd75c: ;   {runtime_call}
  0x000002296c3cd75c: 0000 00e9 | fbff ffff 

  0x000002296c3cd764: ;   {static_stub}
  0x000002296c3cd764: 9048 bb00 | 0000 0000 

  0x000002296c3cd76c: ;   {runtime_call}
  0x000002296c3cd76c: 0000 00e9 | fbff ffff 

  0x000002296c3cd774: ;   {static_stub}
  0x000002296c3cd774: 9048 bb00 | 0000 0000 

  0x000002296c3cd77c: ;   {runtime_call}
  0x000002296c3cd77c: 0000 00e9 | fbff ffff 

  0x000002296c3cd784: ;   {static_stub}
  0x000002296c3cd784: 9048 bb00 | 0000 0000 

  0x000002296c3cd78c: ;   {runtime_call}
  0x000002296c3cd78c: 0000 00e9 | fbff ffff 

  0x000002296c3cd794: ;   {static_stub}
  0x000002296c3cd794: 9048 bb00 | 0000 0000 

  0x000002296c3cd79c: ;   {runtime_call}
  0x000002296c3cd79c: 0000 00e9 | fbff ffff 

  0x000002296c3cd7a4: ;   {static_stub}
  0x000002296c3cd7a4: 9048 bb00 | 0000 0000 

  0x000002296c3cd7ac: ;   {runtime_call}
  0x000002296c3cd7ac: 0000 00e9 | fbff ffff 

  0x000002296c3cd7b4: ;   {static_stub}
  0x000002296c3cd7b4: 9048 bb00 | 0000 0000 

  0x000002296c3cd7bc: ;   {runtime_call}
  0x000002296c3cd7bc: 0000 00e9 | fbff ffff 

  0x000002296c3cd7c4: ;   {static_stub}
  0x000002296c3cd7c4: 9048 bb00 | 0000 0000 

  0x000002296c3cd7cc: ;   {runtime_call}
  0x000002296c3cd7cc: 0000 00e9 | fbff ffff 

  0x000002296c3cd7d4: ;   {static_stub}
  0x000002296c3cd7d4: 9048 bb00 | 0000 0000 

  0x000002296c3cd7dc: ;   {runtime_call}
  0x000002296c3cd7dc: 0000 00e9 | fbff ffff 

  0x000002296c3cd7e4: ;   {static_stub}
  0x000002296c3cd7e4: 9048 bb00 | 0000 0000 

  0x000002296c3cd7ec: ;   {runtime_call}
  0x000002296c3cd7ec: 0000 00e9 | fbff ffff 

  0x000002296c3cd7f4: ;   {static_stub}
  0x000002296c3cd7f4: 9048 bb00 | 0000 0000 

  0x000002296c3cd7fc: ;   {runtime_call}
  0x000002296c3cd7fc: 0000 00e9 | fbff ffff 

  0x000002296c3cd804: ;   {static_stub}
  0x000002296c3cd804: 9048 bb00 | 0000 0000 

  0x000002296c3cd80c: ;   {runtime_call}
  0x000002296c3cd80c: 0000 00e9 | fbff ffff 

  0x000002296c3cd814: ;   {static_stub}
  0x000002296c3cd814: 9048 bb00 | 0000 0000 

  0x000002296c3cd81c: ;   {runtime_call}
  0x000002296c3cd81c: 0000 00e9 | fbff ffff 

  0x000002296c3cd824: ;   {static_stub}
  0x000002296c3cd824: 9048 bb00 | 0000 0000 

  0x000002296c3cd82c: ;   {runtime_call}
  0x000002296c3cd82c: 0000 00e9 | fbff ffff 

  0x000002296c3cd834: ;   {static_stub}
  0x000002296c3cd834: 9048 bb00 | 0000 0000 

  0x000002296c3cd83c: ;   {runtime_call}
  0x000002296c3cd83c: 0000 00e9 | fbff ffff 

  0x000002296c3cd844: ;   {static_stub}
  0x000002296c3cd844: 9048 bb00 | 0000 0000 

  0x000002296c3cd84c: ;   {runtime_call}
  0x000002296c3cd84c: 0000 00e9 | fbff ffff 

  0x000002296c3cd854: ;   {static_stub}
  0x000002296c3cd854: 9048 bb00 | 0000 0000 

  0x000002296c3cd85c: ;   {runtime_call}
  0x000002296c3cd85c: 0000 00e9 | fbff ffff 

  0x000002296c3cd864: ;   {static_stub}
  0x000002296c3cd864: 9048 bb00 | 0000 0000 

  0x000002296c3cd86c: ;   {runtime_call}
  0x000002296c3cd86c: 0000 00e9 | fbff ffff 

  0x000002296c3cd874: ;   {static_stub}
  0x000002296c3cd874: 9048 bb00 | 0000 0000 

  0x000002296c3cd87c: ;   {runtime_call}
  0x000002296c3cd87c: 0000 00e9 | fbff ffff 

  0x000002296c3cd884: ;   {static_stub}
  0x000002296c3cd884: 9048 bb00 | 0000 0000 

  0x000002296c3cd88c: ;   {runtime_call}
  0x000002296c3cd88c: 0000 00e9 | fbff ffff 

  0x000002296c3cd894: ;   {static_stub}
  0x000002296c3cd894: 9048 bb00 | 0000 0000 

  0x000002296c3cd89c: ;   {runtime_call}
  0x000002296c3cd89c: 0000 00e9 | fbff ffff 

  0x000002296c3cd8a4: ;   {static_stub}
  0x000002296c3cd8a4: 9048 bb00 | 0000 0000 

  0x000002296c3cd8ac: ;   {runtime_call}
  0x000002296c3cd8ac: 0000 00e9 | fbff ffff 

  0x000002296c3cd8b4: ;   {static_stub}
  0x000002296c3cd8b4: 9048 bb00 | 0000 0000 

  0x000002296c3cd8bc: ;   {runtime_call}
  0x000002296c3cd8bc: 0000 00e9 | fbff ffff 

  0x000002296c3cd8c4: ;   {static_stub}
  0x000002296c3cd8c4: 9048 bb00 | 0000 0000 

  0x000002296c3cd8cc: ;   {runtime_call}
  0x000002296c3cd8cc: 0000 00e9 | fbff ffff 

  0x000002296c3cd8d4: ;   {static_stub}
  0x000002296c3cd8d4: 9048 bb00 | 0000 0000 

  0x000002296c3cd8dc: ;   {runtime_call}
  0x000002296c3cd8dc: 0000 00e9 | fbff ffff 

  0x000002296c3cd8e4: ;   {static_stub}
  0x000002296c3cd8e4: 9048 bb00 | 0000 0000 

  0x000002296c3cd8ec: ;   {runtime_call}
  0x000002296c3cd8ec: 0000 00e9 | fbff ffff 

  0x000002296c3cd8f4: ;   {static_stub}
  0x000002296c3cd8f4: 9048 bb00 | 0000 0000 

  0x000002296c3cd8fc: ;   {runtime_call}
  0x000002296c3cd8fc: 0000 00e9 | fbff ffff 

  0x000002296c3cd904: ;   {static_stub}
  0x000002296c3cd904: 9048 bb00 | 0000 0000 

  0x000002296c3cd90c: ;   {runtime_call}
  0x000002296c3cd90c: 0000 00e9 | fbff ffff 

  0x000002296c3cd914: ;   {static_stub}
  0x000002296c3cd914: 9048 bb00 | 0000 0000 

  0x000002296c3cd91c: ;   {runtime_call}
  0x000002296c3cd91c: 0000 00e9 | fbff ffff 

  0x000002296c3cd924: ;   {static_stub}
  0x000002296c3cd924: 9048 bb00 | 0000 0000 

  0x000002296c3cd92c: ;   {runtime_call}
  0x000002296c3cd92c: 0000 00e9 | fbff ffff 

  0x000002296c3cd934: ;   {static_stub}
  0x000002296c3cd934: 9048 bb00 | 0000 0000 

  0x000002296c3cd93c: ;   {runtime_call}
  0x000002296c3cd93c: 0000 00e9 | fbff ffff 

  0x000002296c3cd944: ;   {static_stub}
  0x000002296c3cd944: 9048 bb00 | 0000 0000 

  0x000002296c3cd94c: ;   {runtime_call}
  0x000002296c3cd94c: 0000 00e9 | fbff ffff 

  0x000002296c3cd954: ;   {static_stub}
  0x000002296c3cd954: 9048 bb00 | 0000 0000 

  0x000002296c3cd95c: ;   {runtime_call}
  0x000002296c3cd95c: 0000 00e9 | fbff ffff 

  0x000002296c3cd964: ;   {static_stub}
  0x000002296c3cd964: 9048 bb00 | 0000 0000 

  0x000002296c3cd96c: ;   {runtime_call}
  0x000002296c3cd96c: 0000 00e9 | fbff ffff 

  0x000002296c3cd974: ;   {static_stub}
  0x000002296c3cd974: 9048 bb00 | 0000 0000 

  0x000002296c3cd97c: ;   {runtime_call}
  0x000002296c3cd97c: 0000 00e9 | fbff ffff 

  0x000002296c3cd984: ;   {static_stub}
  0x000002296c3cd984: 9048 bb00 | 0000 0000 

  0x000002296c3cd98c: ;   {runtime_call}
  0x000002296c3cd98c: 0000 00e9 | fbff ffff 

  0x000002296c3cd994: ;   {static_stub}
  0x000002296c3cd994: 9048 bb00 | 0000 0000 

  0x000002296c3cd99c: ;   {runtime_call}
  0x000002296c3cd99c: 0000 00e9 | fbff ffff 

  0x000002296c3cd9a4: ;   {static_stub}
  0x000002296c3cd9a4: 9048 bb00 | 0000 0000 

  0x000002296c3cd9ac: ;   {runtime_call}
  0x000002296c3cd9ac: 0000 00e9 | fbff ffff 

  0x000002296c3cd9b4: ;   {static_stub}
  0x000002296c3cd9b4: 9048 bb00 | 0000 0000 

  0x000002296c3cd9bc: ;   {runtime_call}
  0x000002296c3cd9bc: 0000 00e9 | fbff ffff 

  0x000002296c3cd9c4: ;   {static_stub}
  0x000002296c3cd9c4: 9048 bb00 | 0000 0000 

  0x000002296c3cd9cc: ;   {runtime_call}
  0x000002296c3cd9cc: 0000 00e9 | fbff ffff 

  0x000002296c3cd9d4: ;   {static_stub}
  0x000002296c3cd9d4: 9048 bb00 | 0000 0000 

  0x000002296c3cd9dc: ;   {runtime_call}
  0x000002296c3cd9dc: 0000 00e9 | fbff ffff 

  0x000002296c3cd9e4: ;   {static_stub}
  0x000002296c3cd9e4: 9048 bb00 | 0000 0000 

  0x000002296c3cd9ec: ;   {runtime_call}
  0x000002296c3cd9ec: 0000 00e9 | fbff ffff 

  0x000002296c3cd9f4: ;   {static_stub}
  0x000002296c3cd9f4: 9048 bb00 | 0000 0000 

  0x000002296c3cd9fc: ;   {runtime_call}
  0x000002296c3cd9fc: 0000 00e9 | fbff ffff 

  0x000002296c3cda04: ;   {static_stub}
  0x000002296c3cda04: 9048 bb00 | 0000 0000 

  0x000002296c3cda0c: ;   {runtime_call}
  0x000002296c3cda0c: 0000 00e9 | fbff ffff 

  0x000002296c3cda14: ;   {static_stub}
  0x000002296c3cda14: 9048 bb00 | 0000 0000 

  0x000002296c3cda1c: ;   {runtime_call}
  0x000002296c3cda1c: 0000 00e9 | fbff ffff 

  0x000002296c3cda24: ;   {static_stub}
  0x000002296c3cda24: 9048 bb00 | 0000 0000 

  0x000002296c3cda2c: ;   {runtime_call}
  0x000002296c3cda2c: 0000 00e9 | fbff ffff 

  0x000002296c3cda34: ;   {static_stub}
  0x000002296c3cda34: 9048 bb00 | 0000 0000 

  0x000002296c3cda3c: ;   {runtime_call}
  0x000002296c3cda3c: 0000 00e9 | fbff ffff 

  0x000002296c3cda44: ;   {static_stub}
  0x000002296c3cda44: 9048 bb00 | 0000 0000 

  0x000002296c3cda4c: ;   {runtime_call}
  0x000002296c3cda4c: 0000 00e9 | fbff ffff 

  0x000002296c3cda54: ;   {static_stub}
  0x000002296c3cda54: 9048 bb00 | 0000 0000 

  0x000002296c3cda5c: ;   {runtime_call}
  0x000002296c3cda5c: 0000 00e9 | fbff ffff 

  0x000002296c3cda64: ;   {static_stub}
  0x000002296c3cda64: 9048 bb00 | 0000 0000 

  0x000002296c3cda6c: ;   {runtime_call}
  0x000002296c3cda6c: 0000 00e9 | fbff ffff 

  0x000002296c3cda74: ;   {static_stub}
  0x000002296c3cda74: 9048 bb00 | 0000 0000 

  0x000002296c3cda7c: ;   {runtime_call}
  0x000002296c3cda7c: 0000 00e9 | fbff ffff 

  0x000002296c3cda84: ;   {static_stub}
  0x000002296c3cda84: 9048 bb00 | 0000 0000 

  0x000002296c3cda8c: ;   {runtime_call}
  0x000002296c3cda8c: 0000 00e9 | fbff ffff 

  0x000002296c3cda94: ;   {static_stub}
  0x000002296c3cda94: 9048 bb00 | 0000 0000 

  0x000002296c3cda9c: ;   {runtime_call}
  0x000002296c3cda9c: 0000 00e9 | fbff ffff 

  0x000002296c3cdaa4: ;   {static_stub}
  0x000002296c3cdaa4: 9048 bb00 | 0000 0000 

  0x000002296c3cdaac: ;   {runtime_call}
  0x000002296c3cdaac: 0000 00e9 | fbff ffff 

  0x000002296c3cdab4: ;   {static_stub}
  0x000002296c3cdab4: 9048 bb00 | 0000 0000 

  0x000002296c3cdabc: ;   {runtime_call}
  0x000002296c3cdabc: 0000 00e9 | fbff ffff 

  0x000002296c3cdac4: ;   {static_stub}
  0x000002296c3cdac4: 9048 bb00 | 0000 0000 

  0x000002296c3cdacc: ;   {runtime_call}
  0x000002296c3cdacc: 0000 00e9 | fbff ffff 

  0x000002296c3cdad4: ;   {static_stub}
  0x000002296c3cdad4: 9048 bb00 | 0000 0000 

  0x000002296c3cdadc: ;   {runtime_call}
  0x000002296c3cdadc: 0000 00e9 | fbff ffff 

  0x000002296c3cdae4: ;   {static_stub}
  0x000002296c3cdae4: 9048 bb00 | 0000 0000 

  0x000002296c3cdaec: ;   {runtime_call}
  0x000002296c3cdaec: 0000 00e9 | fbff ffff 

  0x000002296c3cdaf4: ;   {static_stub}
  0x000002296c3cdaf4: 9048 bb00 | 0000 0000 

  0x000002296c3cdafc: ;   {runtime_call}
  0x000002296c3cdafc: 0000 00e9 | fbff ffff 

  0x000002296c3cdb04: ;   {static_stub}
  0x000002296c3cdb04: 9048 bb00 | 0000 0000 

  0x000002296c3cdb0c: ;   {runtime_call}
  0x000002296c3cdb0c: 0000 00e9 | fbff ffff 

  0x000002296c3cdb14: ;   {static_stub}
  0x000002296c3cdb14: 9048 bb00 | 0000 0000 

  0x000002296c3cdb1c: ;   {runtime_call}
  0x000002296c3cdb1c: 0000 00e9 | fbff ffff 

  0x000002296c3cdb24: ;   {static_stub}
  0x000002296c3cdb24: 9048 bb00 | 0000 0000 

  0x000002296c3cdb2c: ;   {runtime_call}
  0x000002296c3cdb2c: 0000 00e9 | fbff ffff 

  0x000002296c3cdb34: ;   {static_stub}
  0x000002296c3cdb34: 9048 bb00 | 0000 0000 

  0x000002296c3cdb3c: ;   {runtime_call}
  0x000002296c3cdb3c: 0000 00e9 | fbff ffff 

  0x000002296c3cdb44: ;   {static_stub}
  0x000002296c3cdb44: 9048 bb00 | 0000 0000 

  0x000002296c3cdb4c: ;   {runtime_call}
  0x000002296c3cdb4c: 0000 00e9 | fbff ffff 

  0x000002296c3cdb54: ;   {static_stub}
  0x000002296c3cdb54: 9048 bb00 | 0000 0000 

  0x000002296c3cdb5c: ;   {runtime_call}
  0x000002296c3cdb5c: 0000 00e9 | fbff ffff 

  0x000002296c3cdb64: ;   {static_stub}
  0x000002296c3cdb64: 9048 bb00 | 0000 0000 

  0x000002296c3cdb6c: ;   {runtime_call}
  0x000002296c3cdb6c: 0000 00e9 | fbff ffff 

  0x000002296c3cdb74: ;   {static_stub}
  0x000002296c3cdb74: 9048 bb00 | 0000 0000 

  0x000002296c3cdb7c: ;   {runtime_call}
  0x000002296c3cdb7c: 0000 00e9 | fbff ffff 

  0x000002296c3cdb84: ;   {static_stub}
  0x000002296c3cdb84: 9048 bb00 | 0000 0000 

  0x000002296c3cdb8c: ;   {runtime_call}
  0x000002296c3cdb8c: 0000 00e9 | fbff ffff 

  0x000002296c3cdb94: ;   {static_stub}
  0x000002296c3cdb94: 9048 bb00 | 0000 0000 

  0x000002296c3cdb9c: ;   {runtime_call}
  0x000002296c3cdb9c: 0000 00e9 | fbff ffff 

  0x000002296c3cdba4: ;   {static_stub}
  0x000002296c3cdba4: 9048 bb00 | 0000 0000 

  0x000002296c3cdbac: ;   {runtime_call}
  0x000002296c3cdbac: 0000 00e9 | fbff ffff 

  0x000002296c3cdbb4: ;   {static_stub}
  0x000002296c3cdbb4: 9048 bb00 | 0000 0000 

  0x000002296c3cdbbc: ;   {runtime_call}
  0x000002296c3cdbbc: 0000 00e9 | fbff ffff 

  0x000002296c3cdbc4: ;   {static_stub}
  0x000002296c3cdbc4: 9048 bb00 | 0000 0000 

  0x000002296c3cdbcc: ;   {runtime_call}
  0x000002296c3cdbcc: 0000 00e9 | fbff ffff 

  0x000002296c3cdbd4: ;   {static_stub}
  0x000002296c3cdbd4: 9048 bb00 | 0000 0000 

  0x000002296c3cdbdc: ;   {runtime_call}
  0x000002296c3cdbdc: 0000 00e9 | fbff ffff 

  0x000002296c3cdbe4: ;   {static_stub}
  0x000002296c3cdbe4: 9048 bb00 | 0000 0000 

  0x000002296c3cdbec: ;   {runtime_call}
  0x000002296c3cdbec: 0000 00e9 | fbff ffff 

  0x000002296c3cdbf4: ;   {static_stub}
  0x000002296c3cdbf4: 9048 bbe8 | 0e08 5229 

  0x000002296c3cdbfc: ;   {runtime_call I2C/C2I adapters}
  0x000002296c3cdbfc: 0200 00e9 | 598a 1907 
[Exception Handler]
  0x000002296c3cdc04: ;   {runtime_call handle_exception_from_callee Runtime1 stub}
  0x000002296c3cdc04: e877 a323 

  0x000002296c3cdc08: ;   {external_word}
  0x000002296c3cdc08: 0748 b900 | ea85 98f9 | 7f00 0048 

  0x000002296c3cdc14: ;   {runtime_call}
  0x000002296c3cdc14: 83e4 f049 | ba40 964e | 98f9 7f00 | 0041 ffd2 

  0x000002296c3cdc24: ;   {section_word}
  0x000002296c3cdc24: f449 ba25 | dc3c 6c29 | 0200 0041 

  0x000002296c3cdc30: ;   {runtime_call DeoptimizationBlob}
  0x000002296c3cdc30: 52e9 6a90 | 1907 f4f4 
[/MachCode]


Compiled method (c1) 124076 6053       3       ai.onnxruntime.OrtSession::run (11 bytes)
 total in heap  [0x000002296c6c1890,0x000002296c6c1c90] = 1024
 relocation     [0x000002296c6c19f0,0x000002296c6c1a38] = 72
 main code      [0x000002296c6c1a40,0x000002296c6c1ba0] = 352
 stub code      [0x000002296c6c1ba0,0x000002296c6c1be8] = 72
 oops           [0x000002296c6c1be8,0x000002296c6c1bf0] = 8
 metadata       [0x000002296c6c1bf0,0x000002296c6c1c08] = 24
 scopes data    [0x000002296c6c1c08,0x000002296c6c1c38] = 48
 scopes pcs     [0x000002296c6c1c38,0x000002296c6c1c88] = 80
 dependencies   [0x000002296c6c1c88,0x000002296c6c1c90] = 8

[Constant Pool (empty)]

[MachCode]
[Entry Point]
  # {method} {0x0000022952ecf3e8} 'run' '(Ljava/util/Map;Ljava/util/Set;)Lai/onnxruntime/OrtSession$Result;' in 'ai/onnxruntime/OrtSession'
  # this:     rdx:rdx   = 'ai/onnxruntime/OrtSession'
  # parm0:    r8:r8     = 'java/util/Map'
  # parm1:    r9:r9     = 'java/util/Set'
  #           [sp+0x60]  (sp of caller)
  0x000002296c6c1a40: 448b 5208 | 49bb 0000 | 0010 2902 | 0000 4d03 | d34c 3bd0 

  0x000002296c6c1a54: ;   {runtime_call ic_miss_stub}
  0x000002296c6c1a54: 0f85 26f6 | e906 660f | 1f44 0000 
[Verified Entry Point]
  0x000002296c6c1a60: 8984 2400 | 90ff ff55 | 4883 ec50 

  0x000002296c6c1a6c: ;   {metadata(method data for {method} {0x0000022952ecf3e8} 'run' '(Ljava/util/Map;Ljava/util/Set;)Lai/onnxruntime/OrtSession$Result;' in 'ai/onnxruntime/OrtSession')}
  0x000002296c6c1a6c: 48bf 3806 | 0253 2902 | 0000 8bb7 | cc00 0000 | 83c6 0289 | b7cc 0000 | 0081 e6fe | 0700 0083 
  0x000002296c6c1a8c: fe00 0f84 | 7b00 0000 

  0x000002296c6c1a94: ;   {metadata(method data for {method} {0x0000022952ecf3e8} 'run' '(Ljava/util/Map;Ljava/util/Set;)Lai/onnxruntime/OrtSession$Result;' in 'ai/onnxruntime/OrtSession')}
  0x000002296c6c1a94: 48bf 3806 | 0253 2902 | 0000 4883 | 8710 0100 

  0x000002296c6c1aa4: ;   {metadata(method data for {method} {0x0000022910382c98} 'emptyMap' '()Ljava/util/Map;' in 'java/util/Collections')}
  0x000002296c6c1aa4: 0001 48bf | 28a6 3952 | 2902 0000 | 8bb7 cc00 | 0000 83c6 | 0289 b7cc | 0000 0081 | e6fe ff1f 
  0x000002296c6c1ac4: 0083 fe00 | 0f84 6200 | 0000 488b 

  0x000002296c6c1ad0: ;   {metadata(method data for {method} {0x0000022952ecf3e8} 'run' '(Ljava/util/Map;Ljava/util/Set;)Lai/onnxruntime/OrtSession$Result;' in 'ai/onnxruntime/OrtSession')}
  0x000002296c6c1ad0: fa48 be38 | 0602 5329 | 0200 0048 | 8386 3801 

  0x000002296c6c1ae0: ;   {oop(a 'java/util/Collections$EmptyMap'{0x00000006439f2868})}
  0x000002296c6c1ae0: 0000 0148 | bf68 289f | 4306 0000 

  0x000002296c6c1aec: ;   {oop(NULL)}
  0x000002296c6c1aec: 0048 be00 | 0000 0000 

  0x000002296c6c1af4: ;   {optimized virtual_call}
  0x000002296c6c1af4: 0000 00e8 

  0x000002296c6c1af8: ; ImmutableOopMap {}
                      ;*invokevirtual run {reexecute=0 rethrow=0 return_oop=0}
                      ; - ai.onnxruntime.OrtSession::run@7 (line 269)
  0x000002296c6c1af8: a45e d0ff | 4883 c450 

  0x000002296c6c1b00: ;   {poll_return}
  0x000002296c6c1b00: 5d49 3ba7 | 4803 0000 | 0f87 4000 

  0x000002296c6c1b0c: ;   {metadata({method} {0x0000022952ecf3e8} 'run' '(Ljava/util/Map;Ljava/util/Set;)Lai/onnxruntime/OrtSession$Result;' in 'ai/onnxruntime/OrtSession')}
  0x000002296c6c1b0c: 0000 c349 | bae0 f3ec | 5229 0200 | 004c 8954 | 2408 48c7 | 0424 ffff 

  0x000002296c6c1b24: ;   {runtime_call counter_overflow Runtime1 stub}
  0x000002296c6c1b24: ffff e855 

  0x000002296c6c1b28: ; ImmutableOopMap {rdx=Oop r8=Oop r9=Oop }
                      ;*synchronization entry
                      ; - ai.onnxruntime.OrtSession::run@-1 (line 269)
  0x000002296c6c1b28: 9df4 06e9 | 64ff ffff 

  0x000002296c6c1b30: ;   {metadata({method} {0x0000022910382c98} 'emptyMap' '()Ljava/util/Map;' in 'java/util/Collections')}
  0x000002296c6c1b30: 49ba 902c | 3810 2902 | 0000 4c89 | 5424 0848 | c704 24ff 

  0x000002296c6c1b44: ;   {runtime_call counter_overflow Runtime1 stub}
  0x000002296c6c1b44: ffff ffe8 

  0x000002296c6c1b48: ; ImmutableOopMap {rdx=Oop r8=Oop r9=Oop }
                      ;*synchronization entry
                      ; - java.util.Collections::emptyMap@-1 (line 4654)
                      ; - ai.onnxruntime.OrtSession::run@3 (line 269)
  0x000002296c6c1b48: 349d f406 

  0x000002296c6c1b4c: ;   {internal_word}
  0x000002296c6c1b4c: eb80 49ba | 011b 6c6c | 2902 0000 | 4d89 9760 

  0x000002296c6c1b5c: ;   {runtime_call SafepointBlob}
  0x000002296c6c1b5c: 0300 00e9 | 9c5e ea06 | 9090 498b | 87d8 0300 | 0049 c787 | d803 0000 | 0000 0000 | 49c7 87e0 
  0x000002296c6c1b7c: 0300 0000 | 0000 0048 | 83c4 505d 

  0x000002296c6c1b88: ;   {runtime_call unwind_exception Runtime1 stub}
  0x000002296c6c1b88: e973 66eb | 06f4 f4f4 | f4f4 f4f4 | f4f4 f4f4 | f4f4 f4f4 | f4f4 f4f4 
[Stub Code]
  0x000002296c6c1ba0: ;   {no_reloc}
  0x000002296c6c1ba0: 0f1f 4400 

  0x000002296c6c1ba4: ;   {static_stub}
  0x000002296c6c1ba4: 0048 bb00 | 0000 0000 

  0x000002296c6c1bac: ;   {runtime_call}
  0x000002296c6c1bac: 0000 00e9 | fbff ffff 
[Exception Handler]
  0x000002296c6c1bb4: ;   {runtime_call handle_exception_from_callee Runtime1 stub}
  0x000002296c6c1bb4: e8c7 63f4 

  0x000002296c6c1bb8: ;   {external_word}
  0x000002296c6c1bb8: 0648 b900 | ea85 98f9 | 7f00 0048 

  0x000002296c6c1bc4: ;   {runtime_call}
  0x000002296c6c1bc4: 83e4 f049 | ba40 964e | 98f9 7f00 | 0041 ffd2 

  0x000002296c6c1bd4: ;   {section_word}
  0x000002296c6c1bd4: f449 bad5 | 1b6c 6c29 | 0200 0041 

  0x000002296c6c1be0: ;   {runtime_call DeoptimizationBlob}
  0x000002296c6c1be0: 52e9 ba50 | ea06 f4f4 
[/MachCode]


---------------  P R O C E S S  ---------------

Threads class SMR info:
_java_thread_list=0x000002295e7c0f30, length=27, elements={
0x000002297ec8c0f0, 0x000002297ec8cab0, 0x000002297ecaa0d0, 0x000002297ecca9b0,
0x000002297eccb280, 0x000002297eccbb50, 0x000002297eccc750, 0x000002297ecdd120,
0x0000022951089f50, 0x00000229511a6510, 0x00000229511a55e0, 0x00000229511a41a0,
0x00000229511a46b0, 0x00000229511a6000, 0x00000229511a7440, 0x00000229511a3c90,
0x00000229511a50d0, 0x0000022956b72b50, 0x0000022956b72130, 0x0000022956b744a0,
0x0000022956b758e0, 0x0000022956b75df0, 0x0000022956b76300, 0x0000022956b72640,
0x0000022956b77740, 0x0000022956b78b80, 0x0000022956b73570
}

Java Threads: ( => current thread )
  0x000002297ec8c0f0 JavaThread "Reference Handler" daemon [_thread_blocked, id=20900, stack(0x000000fb9c100000,0x000000fb9c200000)]
  0x000002297ec8cab0 JavaThread "Finalizer" daemon [_thread_blocked, id=31340, stack(0x000000fb9c200000,0x000000fb9c300000)]
  0x000002297ecaa0d0 JavaThread "Signal Dispatcher" daemon [_thread_blocked, id=30668, stack(0x000000fb9c300000,0x000000fb9c400000)]
  0x000002297ecca9b0 JavaThread "Attach Listener" daemon [_thread_blocked, id=28656, stack(0x000000fb9c400000,0x000000fb9c500000)]
  0x000002297eccb280 JavaThread "Service Thread" daemon [_thread_blocked, id=28892, stack(0x000000fb9c500000,0x000000fb9c600000)]
  0x000002297eccbb50 JavaThread "Monitor Deflation Thread" daemon [_thread_blocked, id=22496, stack(0x000000fb9c600000,0x000000fb9c700000)]
  0x000002297eccc750 JavaThread "C2 CompilerThread0" daemon [_thread_blocked, id=19636, stack(0x000000fb9c700000,0x000000fb9c800000)]
  0x000002297ecdd120 JavaThread "C1 CompilerThread0" daemon [_thread_blocked, id=28932, stack(0x000000fb9c800000,0x000000fb9c900000)]
  0x0000022951089f50 JavaThread "Sweeper thread" daemon [_thread_blocked, id=5076, stack(0x000000fb9c900000,0x000000fb9ca00000)]
  0x00000229511a6510 JavaThread "Common-Cleaner" daemon [_thread_blocked, id=20852, stack(0x000000fb9cb00000,0x000000fb9cc00000)]
  0x00000229511a55e0 JavaThread "Notification Thread" daemon [_thread_blocked, id=30508, stack(0x000000fb9d200000,0x000000fb9d300000)]
  0x00000229511a41a0 JavaThread "InvokeLaterDispatcher" daemon [_thread_blocked, id=12332, stack(0x000000fb9d700000,0x000000fb9d800000)]
  0x00000229511a46b0 JavaThread "Thread-2" daemon [_thread_in_native, id=31172, stack(0x000000fb9e300000,0x000000fb9e400000)]
  0x00000229511a6000 JavaThread "atomic-processor-1" daemon [_thread_in_native, id=8904, stack(0x000000fb9ef00000,0x000000fb9f000000)]
  0x00000229511a7440 JavaThread "webcam-discovery-service" daemon [_thread_blocked, id=28832, stack(0x000000fb9ee00000,0x000000fb9ef00000)]
  0x00000229511a3c90 JavaThread "Prism Font Disposer" daemon [_thread_blocked, id=13800, stack(0x000000fb9f100000,0x000000fb9f200000)]
  0x00000229511a50d0 JavaThread "Cleaner-0" daemon [_thread_blocked, id=31288, stack(0x000000fb9f400000,0x000000fb9f500000)]
=>0x0000022956b72b50 JavaThread "camera-worker" daemon [_thread_in_native, id=26872, stack(0x000000fb9fe00000,0x000000fb9ff00000)]
  0x0000022956b72130 JavaThread "webcam-lock-[Integrated Camera 0]" daemon [_thread_blocked, id=14560, stack(0x000000fb9f500000,0x000000fb9f600000)]
  0x0000022956b744a0 JavaThread "webcam-lock-[c922 Pro Stream Webcam 1]" daemon [_thread_blocked, id=30208, stack(0x000000fba0100000,0x000000fba0200000)]
  0x0000022956b758e0 JavaThread "frames-refresher-[1]" daemon [_thread_blocked, id=21540, stack(0x000000fb9d000000,0x000000fb9d100000)]
  0x0000022956b75df0 JavaThread "frames-refresher-[0]" daemon [_thread_blocked, id=19600, stack(0x000000fba1500000,0x000000fba1600000)]
  0x0000022956b76300 JavaThread "Java2D Disposer" daemon [_thread_blocked, id=11412, stack(0x000000fba0200000,0x000000fba0300000)]
  0x0000022956b72640 JavaThread "DestroyJavaVM" [_thread_blocked, id=14168, stack(0x000000fb9ba00000,0x000000fb9bb00000)]
  0x0000022956b77740 JavaThread "shutdown-hook-1" daemon [_thread_blocked, id=24268, stack(0x000000fb9f700000,0x000000fb9f800000)]
  0x0000022956b78b80 JavaThread "shutdown-hook-2" daemon [_thread_blocked, id=11336, stack(0x000000fb9f900000,0x000000fb9fa00000)]
  0x0000022956b73570 JavaThread "AWT-Shutdown" [_thread_blocked, id=25180, stack(0x000000fb9b900000,0x000000fb9ba00000)]

Other Threads:
  0x000002297ec88cc0 VMThread "VM Thread" [stack: 0x000000fb9c000000,0x000000fb9c100000] [id=21068]
  0x00000229518663e0 WatcherThread [stack: 0x000000fb9d300000,0x000000fb9d400000] [id=2408]
  0x0000022962dfb990 GCTaskThread "GC Thread#0" [stack: 0x000000fb9bb00000,0x000000fb9bc00000] [id=26684]
  0x00000229565a99b0 GCTaskThread "GC Thread#1" [stack: 0x000000fb9e500000,0x000000fb9e600000] [id=6680]
  0x00000229565ce430 GCTaskThread "GC Thread#2" [stack: 0x000000fb9e600000,0x000000fb9e700000] [id=25116]
  0x00000229565ceb00 GCTaskThread "GC Thread#3" [stack: 0x000000fb9e700000,0x000000fb9e800000] [id=17592]
  0x00000229565ea5c0 GCTaskThread "GC Thread#4" [stack: 0x000000fb9e800000,0x000000fb9e900000] [id=21496]
  0x00000229565ea880 GCTaskThread "GC Thread#5" [stack: 0x000000fb9e900000,0x000000fb9ea00000] [id=18356]
  0x00000229565eab40 GCTaskThread "GC Thread#6" [stack: 0x000000fb9ea00000,0x000000fb9eb00000] [id=22428]
  0x00000229565fbe90 GCTaskThread "GC Thread#7" [stack: 0x000000fb9eb00000,0x000000fb9ec00000] [id=2760]
  0x00000229566747f0 GCTaskThread "GC Thread#8" [stack: 0x000000fb9ec00000,0x000000fb9ed00000] [id=28568]
  0x0000022956674ab0 GCTaskThread "GC Thread#9" [stack: 0x000000fb9ed00000,0x000000fb9ee00000] [id=19428]
  0x000002295c623d20 GCTaskThread "GC Thread#10" [stack: 0x000000fb9f200000,0x000000fb9f300000] [id=26112]
  0x0000022957155350 GCTaskThread "GC Thread#11" [stack: 0x000000fb9f300000,0x000000fb9f400000] [id=10524]
  0x000002295dfbc340 GCTaskThread "GC Thread#12" [stack: 0x000000fba1c00000,0x000000fba1d00000] [id=31096]
  0x0000022962e0a7b0 ConcurrentGCThread "G1 Main Marker" [stack: 0x000000fb9bc00000,0x000000fb9bd00000] [id=25100]
  0x0000022962e0bea0 ConcurrentGCThread "G1 Conc#0" [stack: 0x000000fb9bd00000,0x000000fb9be00000] [id=27116]
  0x00000229566fb5e0 ConcurrentGCThread "G1 Conc#1" [stack: 0x000000fba2600000,0x000000fba2700000] [id=11900]
  0x00000229566fbb60 ConcurrentGCThread "G1 Conc#2" [stack: 0x000000fba2800000,0x000000fba2900000] [id=9652]
  0x000002297ebc69b0 ConcurrentGCThread "G1 Refine#0" [stack: 0x000000fb9be00000,0x000000fb9bf00000] [id=29816]
  0x0000022957154830 ConcurrentGCThread "G1 Refine#1" [stack: 0x000000fb9cc00000,0x000000fb9cd00000] [id=26128]
  0x0000022951107ef0 ConcurrentGCThread "G1 Refine#2" [stack: 0x000000fba2900000,0x000000fba2a00000] [id=18596]
  0x0000022951107c00 ConcurrentGCThread "G1 Refine#3" [stack: 0x000000fba2a00000,0x000000fba2b00000] [id=31584]
  0x000002297ebc7180 ConcurrentGCThread "G1 Service" [stack: 0x000000fb9bf00000,0x000000fb9c000000] [id=20656]

Threads with active compile tasks:

VM state: not at safepoint (normal execution)

VM Mutex/Monitor currently owned by a thread: None

Heap address: 0x0000000642400000, size: 7132 MB, Compressed Oops mode: Zero based, Oop shift amount: 3

CDS archive(s) mapped at: [0x0000022910000000-0x0000022910bb0000-0x0000022910bb0000), size 12255232, SharedBaseAddress: 0x0000022910000000, ArchiveRelocationMode: 1.
Compressed class space mapped at: 0x0000022911000000-0x0000022951000000, reserved size: 1073741824
Narrow klass base: 0x0000022910000000, Narrow klass shift: 0, Narrow klass range: 0x100000000

GC Precious Log:
 CPUs: 16 total, 16 available
 Memory: 28524M
 Large Page Support: Disabled
 NUMA Support: Disabled
 Compressed Oops: Enabled (Zero based)
 Heap Region Size: 4M
 Heap Min Capacity: 8M
 Heap Initial Capacity: 448M
 Heap Max Capacity: 7132M
 Pre-touch: Disabled
 Parallel Workers: 13
 Concurrent Workers: 3
 Concurrent Refinement Workers: 13
 Periodic GC: Disabled

Heap:
 garbage-first heap   total 286720K, used 110176K [0x0000000642400000, 0x0000000800000000)
  region size 4096K, 17 young (69632K), 2 survivors (8192K)
 Metaspace       used 26998K, committed 27328K, reserved 1114112K
  class space    used 3693K, committed 3840K, reserved 1048576K

Heap Regions: E=young(eden), S=young(survivor), O=old, HS=humongous(starts), HC=humongous(continues), CS=collection set, F=free, OA=open archive, CA=closed archive, TAMS=top-at-mark-start (previous, next)
|   0|0x0000000642400000, 0x0000000642800000, 0x0000000642800000|100%|HS|  |TAMS 0x0000000642800000, 0x0000000642400000| Complete 
|   1|0x0000000642800000, 0x0000000642c00000, 0x0000000642c00000|100%|HC|  |TAMS 0x0000000642c00000, 0x0000000642800000| Complete 
|   2|0x0000000642c00000, 0x0000000643000000, 0x0000000643000000|100%| O|  |TAMS 0x0000000642c00000, 0x0000000642c00000| Untracked 
|   3|0x0000000643000000, 0x0000000643400000, 0x0000000643400000|100%| O|  |TAMS 0x0000000643400000, 0x0000000643000000| Untracked 
|   4|0x0000000643400000, 0x0000000643800000, 0x0000000643800000|100%| O|  |TAMS 0x0000000643800000, 0x0000000643400000| Untracked 
|   5|0x0000000643800000, 0x0000000643c00000, 0x0000000643c00000|100%| O|  |TAMS 0x0000000643c00000, 0x0000000643800000| Untracked 
|   6|0x0000000643c00000, 0x0000000644000000, 0x0000000644000000|100%| O|  |TAMS 0x0000000644000000, 0x0000000643c00000| Untracked 
|   7|0x0000000644000000, 0x0000000644400000, 0x0000000644400000|100%| O|  |TAMS 0x0000000644000000, 0x0000000644000000| Untracked 
|   8|0x0000000644400000, 0x0000000644800000, 0x0000000644800000|100%| O|  |TAMS 0x0000000644400000, 0x0000000644400000| Untracked 
|   9|0x0000000644800000, 0x0000000644c00000, 0x0000000644c00000|100%| O|  |TAMS 0x0000000644800000, 0x0000000644800000| Untracked 
|  10|0x0000000644c00000, 0x0000000645000000, 0x0000000645000000|100%| O|  |TAMS 0x0000000644c00000, 0x0000000644c00000| Untracked 
|  11|0x0000000645000000, 0x0000000645400000, 0x0000000645400000|100%| O|  |TAMS 0x0000000645000000, 0x0000000645000000| Untracked 
|  12|0x0000000645400000, 0x0000000645561800, 0x0000000645800000| 34%| O|  |TAMS 0x0000000645400000, 0x0000000645400000| Untracked 
|  13|0x0000000645800000, 0x0000000645800000, 0x0000000645c00000|  0%| F|  |TAMS 0x0000000645800000, 0x0000000645800000| Untracked 
|  14|0x0000000645c00000, 0x0000000645c00000, 0x0000000646000000|  0%| F|  |TAMS 0x0000000645c00000, 0x0000000645c00000| Untracked 
|  15|0x0000000646000000, 0x0000000646000000, 0x0000000646400000|  0%| F|  |TAMS 0x0000000646000000, 0x0000000646000000| Untracked 
|  16|0x0000000646400000, 0x0000000646400000, 0x0000000646800000|  0%| F|  |TAMS 0x0000000646400000, 0x0000000646400000| Untracked 
|  17|0x0000000646800000, 0x0000000646800000, 0x0000000646c00000|  0%| F|  |TAMS 0x0000000646800000, 0x0000000646800000| Untracked 
|  18|0x0000000646c00000, 0x0000000646c00000, 0x0000000647000000|  0%| F|  |TAMS 0x0000000646c00000, 0x0000000646c00000| Untracked 
|  19|0x0000000647000000, 0x0000000647000000, 0x0000000647400000|  0%| F|  |TAMS 0x0000000647000000, 0x0000000647000000| Untracked 
|  20|0x0000000647400000, 0x0000000647400000, 0x0000000647800000|  0%| F|  |TAMS 0x0000000647400000, 0x0000000647400000| Untracked 
|  21|0x0000000647800000, 0x0000000647800000, 0x0000000647c00000|  0%| F|  |TAMS 0x0000000647800000, 0x0000000647800000| Untracked 
|  22|0x0000000647c00000, 0x0000000647c00000, 0x0000000648000000|  0%| F|  |TAMS 0x0000000647c00000, 0x0000000647c00000| Untracked 
|  23|0x0000000648000000, 0x0000000648000000, 0x0000000648400000|  0%| F|  |TAMS 0x0000000648000000, 0x0000000648000000| Untracked 
|  24|0x0000000648400000, 0x0000000648400000, 0x0000000648800000|  0%| F|  |TAMS 0x0000000648400000, 0x0000000648400000| Untracked 
|  25|0x0000000648800000, 0x0000000648800000, 0x0000000648c00000|  0%| F|  |TAMS 0x0000000648800000, 0x0000000648800000| Untracked 
|  26|0x0000000648c00000, 0x0000000648c00000, 0x0000000649000000|  0%| F|  |TAMS 0x0000000648c00000, 0x0000000648c00000| Untracked 
|  27|0x0000000649000000, 0x0000000649000000, 0x0000000649400000|  0%| F|  |TAMS 0x0000000649000000, 0x0000000649000000| Untracked 
|  28|0x0000000649400000, 0x0000000649400000, 0x0000000649800000|  0%| F|  |TAMS 0x0000000649400000, 0x0000000649400000| Untracked 
|  29|0x0000000649800000, 0x0000000649a369a0, 0x0000000649c00000| 55%| S|CS|TAMS 0x0000000649800000, 0x0000000649800000| Complete 
|  30|0x0000000649c00000, 0x000000064a000000, 0x000000064a000000|100%| S|CS|TAMS 0x0000000649c00000, 0x0000000649c00000| Complete 
|  31|0x000000064a000000, 0x000000064a000000, 0x000000064a400000|  0%| F|  |TAMS 0x000000064a000000, 0x000000064a000000| Untracked 
|  32|0x000000064a400000, 0x000000064a400000, 0x000000064a800000|  0%| F|  |TAMS 0x000000064a400000, 0x000000064a400000| Untracked 
|  33|0x000000064a800000, 0x000000064a800000, 0x000000064ac00000|  0%| F|  |TAMS 0x000000064a800000, 0x000000064a800000| Untracked 
|  34|0x000000064ac00000, 0x000000064ac00000, 0x000000064b000000|  0%| F|  |TAMS 0x000000064ac00000, 0x000000064ac00000| Untracked 
|  35|0x000000064b000000, 0x000000064b000000, 0x000000064b400000|  0%| F|  |TAMS 0x000000064b000000, 0x000000064b000000| Untracked 
|  36|0x000000064b400000, 0x000000064b400000, 0x000000064b800000|  0%| F|  |TAMS 0x000000064b400000, 0x000000064b400000| Untracked 
|  37|0x000000064b800000, 0x000000064b800000, 0x000000064bc00000|  0%| F|  |TAMS 0x000000064b800000, 0x000000064b800000| Untracked 
|  38|0x000000064bc00000, 0x000000064bc00000, 0x000000064c000000|  0%| F|  |TAMS 0x000000064bc00000, 0x000000064bc00000| Untracked 
|  39|0x000000064c000000, 0x000000064c000000, 0x000000064c400000|  0%| F|  |TAMS 0x000000064c000000, 0x000000064c000000| Untracked 
|  40|0x000000064c400000, 0x000000064c400000, 0x000000064c800000|  0%| F|  |TAMS 0x000000064c400000, 0x000000064c400000| Untracked 
|  41|0x000000064c800000, 0x000000064c800000, 0x000000064cc00000|  0%| F|  |TAMS 0x000000064c800000, 0x000000064c800000| Untracked 
|  42|0x000000064cc00000, 0x000000064cc00000, 0x000000064d000000|  0%| F|  |TAMS 0x000000064cc00000, 0x000000064cc00000| Untracked 
|  43|0x000000064d000000, 0x000000064d000000, 0x000000064d400000|  0%| F|  |TAMS 0x000000064d000000, 0x000000064d000000| Untracked 
|  44|0x000000064d400000, 0x000000064d400000, 0x000000064d800000|  0%| F|  |TAMS 0x000000064d400000, 0x000000064d400000| Untracked 
|  45|0x000000064d800000, 0x000000064d800000, 0x000000064dc00000|  0%| F|  |TAMS 0x000000064d800000, 0x000000064d800000| Untracked 
|  46|0x000000064dc00000, 0x000000064dc00000, 0x000000064e000000|  0%| F|  |TAMS 0x000000064dc00000, 0x000000064dc00000| Untracked 
|  47|0x000000064e000000, 0x000000064e000000, 0x000000064e400000|  0%| F|  |TAMS 0x000000064e000000, 0x000000064e000000| Untracked 
|  48|0x000000064e400000, 0x000000064e400000, 0x000000064e800000|  0%| F|  |TAMS 0x000000064e400000, 0x000000064e400000| Untracked 
|  49|0x000000064e800000, 0x000000064e800000, 0x000000064ec00000|  0%| F|  |TAMS 0x000000064e800000, 0x000000064e800000| Untracked 
|  50|0x000000064ec00000, 0x000000064ec00000, 0x000000064f000000|  0%| F|  |TAMS 0x000000064ec00000, 0x000000064ec00000| Untracked 
|  51|0x000000064f000000, 0x000000064f000000, 0x000000064f400000|  0%| F|  |TAMS 0x000000064f000000, 0x000000064f000000| Untracked 
|  52|0x000000064f400000, 0x000000064f400000, 0x000000064f800000|  0%| F|  |TAMS 0x000000064f400000, 0x000000064f400000| Untracked 
|  53|0x000000064f800000, 0x000000064f800000, 0x000000064fc00000|  0%| F|  |TAMS 0x000000064f800000, 0x000000064f800000| Untracked 
|  54|0x000000064fc00000, 0x000000064fc00000, 0x0000000650000000|  0%| F|  |TAMS 0x000000064fc00000, 0x000000064fc00000| Untracked 
|  55|0x0000000650000000, 0x000000065012c010, 0x0000000650400000| 29%| E|  |TAMS 0x0000000650000000, 0x0000000650000000| Complete 
|  56|0x0000000650400000, 0x0000000650720020, 0x0000000650800000| 78%| E|  |TAMS 0x0000000650400000, 0x0000000650400000| Complete 
|  57|0x0000000650800000, 0x0000000650c00000, 0x0000000650c00000|100%| E|CS|TAMS 0x0000000650800000, 0x0000000650800000| Complete 
|  58|0x0000000650c00000, 0x0000000651000000, 0x0000000651000000|100%| E|CS|TAMS 0x0000000650c00000, 0x0000000650c00000| Complete 
|  59|0x0000000651000000, 0x0000000651400000, 0x0000000651400000|100%| E|CS|TAMS 0x0000000651000000, 0x0000000651000000| Complete 
|  60|0x0000000651400000, 0x0000000651800000, 0x0000000651800000|100%| E|CS|TAMS 0x0000000651400000, 0x0000000651400000| Complete 
|  61|0x0000000651800000, 0x0000000651c00000, 0x0000000651c00000|100%| E|CS|TAMS 0x0000000651800000, 0x0000000651800000| Complete 
|  62|0x0000000651c00000, 0x0000000652000000, 0x0000000652000000|100%| E|CS|TAMS 0x0000000651c00000, 0x0000000651c00000| Complete 
|  63|0x0000000652000000, 0x0000000652400000, 0x0000000652400000|100%| E|CS|TAMS 0x0000000652000000, 0x0000000652000000| Complete 
|  64|0x0000000652400000, 0x0000000652800000, 0x0000000652800000|100%| E|CS|TAMS 0x0000000652400000, 0x0000000652400000| Complete 
|  65|0x0000000652800000, 0x0000000652c00000, 0x0000000652c00000|100%| E|CS|TAMS 0x0000000652800000, 0x0000000652800000| Complete 
|  66|0x0000000652c00000, 0x0000000653000000, 0x0000000653000000|100%| E|CS|TAMS 0x0000000652c00000, 0x0000000652c00000| Complete 
|  67|0x0000000653000000, 0x0000000653400000, 0x0000000653400000|100%| E|CS|TAMS 0x0000000653000000, 0x0000000653000000| Complete 
|  68|0x0000000653400000, 0x0000000653800000, 0x0000000653800000|100%| E|CS|TAMS 0x0000000653400000, 0x0000000653400000| Complete 
| 111|0x000000065e000000, 0x000000065e400000, 0x000000065e400000|100%| E|CS|TAMS 0x000000065e000000, 0x000000065e000000| Complete 

Card table byte_map: [0x000002297ce60000,0x000002297dc50000] _byte_map_base: 0x0000022979c4e000

Marking Bits (Prev, Next): (CMBitMap*) 0x0000022962dfbff0, (CMBitMap*) 0x0000022962dfbfb0
 Prev Bits: [0x0000022906f70000, 0x000002290dee0000)
 Next Bits: [0x0000022900000000, 0x0000022906f70000)

Polling page: 0x0000022962ab0000

Metaspace:

Usage:
  Non-class:     22.76 MB used.
      Class:      3.61 MB used.
       Both:     26.37 MB used.

Virtual space:
  Non-class space:       64.00 MB reserved,      22.94 MB ( 36%) committed,  1 nodes.
      Class space:        1.00 GB reserved,       3.75 MB ( <1%) committed,  1 nodes.
             Both:        1.06 GB reserved,      26.69 MB (  2%) committed. 

Chunk freelists:
   Non-Class:  8.72 MB
       Class:  12.10 MB
        Both:  20.83 MB

MaxMetaspaceSize: unlimited
CompressedClassSpaceSize: 1.00 GB
Initial GC threshold: 21.00 MB
Current GC threshold: 35.12 MB
CDS: on
MetaspaceReclaimPolicy: balanced
 - commit_granule_bytes: 65536.
 - commit_granule_words: 8192.
 - virtual_space_node_default_size: 8388608.
 - enlarge_chunks_in_place: 1.
 - new_chunks_are_fully_committed: 0.
 - uncommit_free_chunks: 1.
 - use_allocation_guard: 0.
 - handle_deallocations: 1.


Internal statistics:

num_allocs_failed_limit: 3.
num_arena_births: 262.
num_arena_deaths: 0.
num_vsnodes_births: 2.
num_vsnodes_deaths: 0.
num_space_committed: 427.
num_space_uncommitted: 0.
num_chunks_returned_to_freelist: 3.
num_chunks_taken_from_freelist: 1077.
num_chunk_merges: 0.
num_chunk_splits: 776.
num_chunks_enlarged: 635.
num_inconsistent_stats: 0.

CodeHeap 'non-profiled nmethods': size=119168Kb used=4081Kb max_used=5454Kb free=115086Kb
 bounds [0x0000022973c60000, 0x00000229741c0000, 0x000002297b0c0000]
CodeHeap 'profiled nmethods': size=119104Kb used=13574Kb max_used=14340Kb free=105529Kb
 bounds [0x000002296c0c0000, 0x000002296ced0000, 0x0000022973510000]
CodeHeap 'non-nmethods': size=7488Kb used=1544Kb max_used=3284Kb free=5943Kb
 bounds [0x0000022973510000, 0x0000022973860000, 0x0000022973c60000]
 total_blobs=7470 nmethods=6535 adapters=845
 compilation: enabled
              stopped_count=0, restarted_count=0
 full_count=0

Compilation events (20 events):
Event: 123.698 Thread 0x000002297ecdd120 8132       3       java.lang.StringLatin1$CharsSpliterator::estimateSize (11 bytes)
Event: 123.699 Thread 0x000002297ecdd120 nmethod 8132 0x000002296c4fa390 code [0x000002296c4fa520, 0x000002296c4fa638]
Event: 123.699 Thread 0x000002297ecdd120 8133       3       java.io.FileOutputStream::open (7 bytes)
Event: 123.699 Thread 0x000002297ecdd120 nmethod 8133 0x000002296c62e190 code [0x000002296c62e340, 0x000002296c62e488]
Event: 123.699 Thread 0x000002297ecdd120 8134       3       java.security.DrbgParameters::nextBytes (11 bytes)
Event: 123.699 Thread 0x000002297ecdd120 nmethod 8134 0x000002296c520b90 code [0x000002296c520d40, 0x000002296c520ec8]
Event: 123.699 Thread 0x000002297ecdd120 8135  s    3       sun.security.provider.AbstractDrbg::instantiateIfNecessary (60 bytes)
Event: 123.699 Thread 0x000002297ecdd120 nmethod 8135 0x000002296c519f90 code [0x000002296c51a180, 0x000002296c51a658]
Event: 123.699 Thread 0x000002297ecdd120 8139   !   3       java.io.FileOutputStream::close (69 bytes)
Event: 123.699 Thread 0x000002297ecdd120 nmethod 8139 0x000002296c394e10 code [0x000002296c395000, 0x000002296c395538]
Event: 123.699 Thread 0x000002297ecdd120 8137       3       java.io.FileOutputStream::<init> (7 bytes)
Event: 123.699 Thread 0x000002297ecdd120 nmethod 8137 0x000002296c6f4390 code [0x000002296c6f4540, 0x000002296c6f4688]
Event: 123.699 Thread 0x000002297ecdd120 8138       3       java.io.FileOutputStream::<init> (111 bytes)
Event: 123.700 Thread 0x000002297ecdd120 nmethod 8138 0x000002296c8ac490 code [0x000002296c8ac720, 0x000002296c8ad208]
Event: 123.700 Thread 0x000002297ecdd120 8140       3       java.io.FileOutputStream$1::<init> (10 bytes)
Event: 123.700 Thread 0x000002297ecdd120 nmethod 8140 0x000002296c5dc210 code [0x000002296c5dc3c0, 0x000002296c5dc598]
Event: 123.735 Thread 0x000002297ecdd120 8142       3       com.sun.javafx.tk.quantum.PaintCollector::setDirty (19 bytes)
Event: 123.736 Thread 0x000002297ecdd120 nmethod 8142 0x000002296c4d6990 code [0x000002296c4d6b80, 0x000002296c4d72c8]
Event: 123.740 Thread 0x000002297eccc750 8143       4       java.util.HashSet::contains (9 bytes)
Event: 123.747 Thread 0x000002297eccc750 nmethod 8143 0x0000022973f15d90 code [0x0000022973f15f60, 0x0000022973f164d8]

GC Heap History (20 events):
Event: 108.624 GC heap before
{Heap before GC invocations=84 (full 0):
 garbage-first heap   total 286720K, used 212537K [0x0000000642400000, 0x0000000800000000)
  region size 4096K, 42 young (172032K), 4 survivors (16384K)
 Metaspace       used 26523K, committed 26752K, reserved 1114112K
  class space    used 3609K, committed 3712K, reserved 1048576K
}
Event: 108.625 GC heap after
{Heap after GC invocations=85 (full 0):
 garbage-first heap   total 286720K, used 57559K [0x0000000642400000, 0x0000000800000000)
  region size 4096K, 3 young (12288K), 3 survivors (12288K)
 Metaspace       used 26523K, committed 26752K, reserved 1114112K
  class space    used 3609K, committed 3712K, reserved 1048576K
}
Event: 110.275 GC heap before
{Heap before GC invocations=85 (full 0):
 garbage-first heap   total 286720K, used 213207K [0x0000000642400000, 0x0000000800000000)
  region size 4096K, 42 young (172032K), 3 survivors (12288K)
 Metaspace       used 26524K, committed 26752K, reserved 1114112K
  class space    used 3609K, committed 3712K, reserved 1048576K
}
Event: 110.276 GC heap after
{Heap after GC invocations=86 (full 0):
 garbage-first heap   total 286720K, used 56299K [0x0000000642400000, 0x0000000800000000)
  region size 4096K, 3 young (12288K), 3 survivors (12288K)
 Metaspace       used 26524K, committed 26752K, reserved 1114112K
  class space    used 3609K, committed 3712K, reserved 1048576K
}
Event: 111.832 GC heap before
{Heap before GC invocations=86 (full 0):
 garbage-first heap   total 286720K, used 211947K [0x0000000642400000, 0x0000000800000000)
  region size 4096K, 42 young (172032K), 3 survivors (12288K)
 Metaspace       used 26746K, committed 27008K, reserved 1114112K
  class space    used 3661K, committed 3776K, reserved 1048576K
}
Event: 111.833 GC heap after
{Heap after GC invocations=87 (full 0):
 garbage-first heap   total 286720K, used 58275K [0x0000000642400000, 0x0000000800000000)
  region size 4096K, 3 young (12288K), 3 survivors (12288K)
 Metaspace       used 26746K, committed 27008K, reserved 1114112K
  class space    used 3661K, committed 3776K, reserved 1048576K
}
Event: 113.432 GC heap before
{Heap before GC invocations=87 (full 0):
 garbage-first heap   total 286720K, used 213923K [0x0000000642400000, 0x0000000800000000)
  region size 4096K, 42 young (172032K), 3 survivors (12288K)
 Metaspace       used 26747K, committed 27008K, reserved 1114112K
  class space    used 3661K, committed 3776K, reserved 1048576K
}
Event: 113.434 GC heap after
{Heap after GC invocations=88 (full 0):
 garbage-first heap   total 286720K, used 60521K [0x0000000642400000, 0x0000000800000000)
  region size 4096K, 4 young (16384K), 4 survivors (16384K)
 Metaspace       used 26747K, committed 27008K, reserved 1114112K
  class space    used 3661K, committed 3776K, reserved 1048576K
}
Event: 115.029 GC heap before
{Heap before GC invocations=88 (full 0):
 garbage-first heap   total 286720K, used 212073K [0x0000000642400000, 0x0000000800000000)
  region size 4096K, 42 young (172032K), 4 survivors (16384K)
 Metaspace       used 26836K, committed 27072K, reserved 1114112K
  class space    used 3675K, committed 3776K, reserved 1048576K
}
Event: 115.031 GC heap after
{Heap after GC invocations=89 (full 0):
 garbage-first heap   total 286720K, used 61487K [0x0000000642400000, 0x0000000800000000)
  region size 4096K, 3 young (12288K), 3 survivors (12288K)
 Metaspace       used 26836K, committed 27072K, reserved 1114112K
  class space    used 3675K, committed 3776K, reserved 1048576K
}
Event: 116.634 GC heap before
{Heap before GC invocations=89 (full 0):
 garbage-first heap   total 286720K, used 217135K [0x0000000642400000, 0x0000000800000000)
  region size 4096K, 42 young (172032K), 3 survivors (12288K)
 Metaspace       used 26836K, committed 27072K, reserved 1114112K
  class space    used 3675K, committed 3776K, reserved 1048576K
}
Event: 116.635 GC heap after
{Heap after GC invocations=90 (full 0):
 garbage-first heap   total 286720K, used 57929K [0x0000000642400000, 0x0000000800000000)
  region size 4096K, 2 young (8192K), 2 survivors (8192K)
 Metaspace       used 26836K, committed 27072K, reserved 1114112K
  class space    used 3675K, committed 3776K, reserved 1048576K
}
Event: 118.318 GC heap before
{Heap before GC invocations=90 (full 0):
 garbage-first heap   total 286720K, used 217673K [0x0000000642400000, 0x0000000800000000)
  region size 4096K, 42 young (172032K), 2 survivors (8192K)
 Metaspace       used 26836K, committed 27072K, reserved 1114112K
  class space    used 3675K, committed 3776K, reserved 1048576K
}
Event: 118.320 GC heap after
{Heap after GC invocations=91 (full 0):
 garbage-first heap   total 286720K, used 58914K [0x0000000642400000, 0x0000000800000000)
  region size 4096K, 3 young (12288K), 3 survivors (12288K)
 Metaspace       used 26836K, committed 27072K, reserved 1114112K
  class space    used 3675K, committed 3776K, reserved 1048576K
}
Event: 119.930 GC heap before
{Heap before GC invocations=91 (full 0):
 garbage-first heap   total 286720K, used 214562K [0x0000000642400000, 0x0000000800000000)
  region size 4096K, 42 young (172032K), 3 survivors (12288K)
 Metaspace       used 26837K, committed 27072K, reserved 1114112K
  class space    used 3675K, committed 3776K, reserved 1048576K
}
Event: 119.932 GC heap after
{Heap after GC invocations=92 (full 0):
 garbage-first heap   total 286720K, used 57979K [0x0000000642400000, 0x0000000800000000)
  region size 4096K, 2 young (8192K), 2 survivors (8192K)
 Metaspace       used 26837K, committed 27072K, reserved 1114112K
  class space    used 3675K, committed 3776K, reserved 1048576K
}
Event: 121.626 GC heap before
{Heap before GC invocations=92 (full 0):
 garbage-first heap   total 286720K, used 217723K [0x0000000642400000, 0x0000000800000000)
  region size 4096K, 43 young (176128K), 2 survivors (8192K)
 Metaspace       used 26850K, committed 27072K, reserved 1114112K
  class space    used 3675K, committed 3776K, reserved 1048576K
}
Event: 121.628 GC heap after
{Heap after GC invocations=93 (full 0):
 garbage-first heap   total 286720K, used 59973K [0x0000000642400000, 0x0000000800000000)
  region size 4096K, 3 young (12288K), 3 survivors (12288K)
 Metaspace       used 26850K, committed 27072K, reserved 1114112K
  class space    used 3675K, committed 3776K, reserved 1048576K
}
Event: 123.253 GC heap before
{Heap before GC invocations=93 (full 0):
 garbage-first heap   total 286720K, used 215621K [0x0000000642400000, 0x0000000800000000)
  region size 4096K, 42 young (172032K), 3 survivors (12288K)
 Metaspace       used 26854K, committed 27072K, reserved 1114112K
  class space    used 3675K, committed 3776K, reserved 1048576K
}
Event: 123.254 GC heap after
{Heap after GC invocations=94 (full 0):
 garbage-first heap   total 286720K, used 56928K [0x0000000642400000, 0x0000000800000000)
  region size 4096K, 2 young (8192K), 2 survivors (8192K)
 Metaspace       used 26854K, committed 27072K, reserved 1114112K
  class space    used 3675K, committed 3776K, reserved 1048576K
}

Dll operation events (20 events):
Event: 0.252 Loaded shared library C:\Users\zeren\.openjfx\cache\21.0.2+5\amd64\api-ms-win-crt-time-l1-1-0.dll
Event: 0.254 Loaded shared library C:\Users\zeren\.openjfx\cache\21.0.2+5\amd64\api-ms-win-crt-utility-l1-1-0.dll
Event: 0.263 Loaded shared library C:\Users\zeren\.openjfx\cache\21.0.2+5\amd64\ucrtbase.dll
Event: 0.265 Loaded shared library C:\Users\zeren\.openjfx\cache\21.0.2+5\amd64\vcruntime140.dll
Event: 0.268 Loaded shared library C:\Users\zeren\.openjfx\cache\21.0.2+5\amd64\vcruntime140_1.dll
Event: 0.273 Loaded shared library C:\Users\zeren\.openjfx\cache\21.0.2+5\amd64\msvcp140.dll
Event: 0.275 Loaded shared library C:\Users\zeren\.openjfx\cache\21.0.2+5\amd64\msvcp140_1.dll
Event: 0.279 Loaded shared library C:\Users\zeren\.openjfx\cache\21.0.2+5\amd64\msvcp140_2.dll
Event: 0.303 Loaded shared library C:\Users\zeren\.openjfx\cache\21.0.2+5\amd64\prism_d3d.dll
Event: 0.343 Loaded shared library C:\Users\zeren\.openjfx\cache\21.0.2+5\amd64\glass.dll
Event: 0.406 Loaded shared library C:\Program Files\Eclipse Adoptium\jdk-17.0.18.8-hotspot\bin\jimage.dll
Event: 0.419 Loaded shared library C:\Program Files\Eclipse Adoptium\jdk-17.0.18.8-hotspot\bin\verify.dll
Event: 0.547 Loaded shared library C:\Users\zeren\AppData\Local\Temp\sqlite-3.46.1.0-9a9b162a-222a-4e9d-af3f-8e2d6778efb2-sqlitejdbc.dll
Event: 0.595 Loaded shared library C:\Users\zeren\AppData\Local\Temp\BridJExtractedLibraries2957279039011433991\bridj.dll
Event: 0.689 Loaded shared library C:\Program Files\Eclipse Adoptium\jdk-17.0.18.8-hotspot\bin\awt.dll
Event: 0.748 Loaded shared library C:\Users\zeren\.openjfx\cache\21.0.2+5\amd64\javafx_font.dll
Event: 1.343 Loaded shared library C:\Users\zeren\AppData\Local\Temp\onnxruntime-java2349169572313015945\onnxruntime.dll
Event: 1.347 Loaded shared library C:\Users\zeren\AppData\Local\Temp\onnxruntime-java2349169572313015945\onnxruntime4j_jni.dll
Event: 30.511 Loaded shared library C:\Program Files\Eclipse Adoptium\jdk-17.0.18.8-hotspot\bin\freetype.dll
Event: 30.513 Loaded shared library C:\Program Files\Eclipse Adoptium\jdk-17.0.18.8-hotspot\bin\fontmanager.dll

Deoptimization events (20 events):
Event: 123.729 Thread 0x00000229511a5af0 Uncommon trap: trap_request=0xffffff45 fr.pc=0x000002297401f238 relative=0x0000000000000098
Event: 123.729 Thread 0x00000229511a5af0 Uncommon trap: reason=unstable_if action=reinterpret pc=0x000002297401f238 method=com.sun.javafx.stage.WindowCloseRequestHandler.dispatchBubblingEvent(Ljavafx/event/Event;)Ljavafx/event/Event; @ 7 c2
Event: 123.729 Thread 0x00000229511a5af0 DEOPT PACKING pc=0x000002297401f238 sp=0x000000fb9d8fd5d0
Event: 123.729 Thread 0x00000229511a5af0 DEOPT UNPACKING pc=0x00000229735669a3 sp=0x000000fb9d8fd558 mode 2
Event: 123.735 Thread 0x00000229511a5af0 Uncommon trap: trap_request=0xffffff45 fr.pc=0x00000229740d7a80 relative=0x00000000000003c0
Event: 123.735 Thread 0x00000229511a5af0 Uncommon trap: reason=unstable_if action=reinterpret pc=0x00000229740d7a80 method=com.sun.javafx.application.PlatformImpl.checkIdle()V @ 40 c2
Event: 123.735 Thread 0x00000229511a5af0 DEOPT PACKING pc=0x00000229740d7a80 sp=0x000000fb9d8fcf30
Event: 123.735 Thread 0x00000229511a5af0 DEOPT UNPACKING pc=0x00000229735669a3 sp=0x000000fb9d8fcec0 mode 2
Event: 123.738 Thread 0x00000229511a5af0 Uncommon trap: trap_request=0xffffff45 fr.pc=0x00000229740d8338 relative=0x0000000000000458
Event: 123.738 Thread 0x00000229511a5af0 Uncommon trap: reason=unstable_if action=reinterpret pc=0x00000229740d8338 method=com.sun.javafx.application.PlatformImpl.checkIdle()V @ 40 c2
Event: 123.738 Thread 0x00000229511a5af0 DEOPT PACKING pc=0x00000229740d8338 sp=0x000000fb9d8fea40
Event: 123.738 Thread 0x00000229511a5af0 DEOPT UNPACKING pc=0x00000229735669a3 sp=0x000000fb9d8fe8f8 mode 2
Event: 123.744 Thread 0x00000229511a5af0 Uncommon trap: trap_request=0xffffff45 fr.pc=0x0000022973e9c3e8 relative=0x00000000000000c8
Event: 123.744 Thread 0x00000229511a5af0 Uncommon trap: reason=unstable_if action=reinterpret pc=0x0000022973e9c3e8 method=java.util.concurrent.locks.ReentrantLock$Sync.tryRelease(I)Z @ 26 c2
Event: 123.744 Thread 0x00000229511a5af0 DEOPT PACKING pc=0x0000022973e9c3e8 sp=0x000000fb9d8fe310
Event: 123.744 Thread 0x00000229511a5af0 DEOPT UNPACKING pc=0x00000229735669a3 sp=0x000000fb9d8fe2b0 mode 2
Event: 123.745 Thread 0x0000022956b72640 Uncommon trap: trap_request=0xffffff45 fr.pc=0x0000022973eb0f48 relative=0x0000000000000048
Event: 123.745 Thread 0x0000022956b72640 Uncommon trap: reason=unstable_if action=reinterpret pc=0x0000022973eb0f48 method=java.lang.Thread.interrupted()Z @ 10 c2
Event: 123.745 Thread 0x0000022956b72640 DEOPT PACKING pc=0x0000022973eb0f48 sp=0x000000fba00ff220
Event: 123.745 Thread 0x0000022956b72640 DEOPT UNPACKING pc=0x00000229735669a3 sp=0x000000fba00ff1b0 mode 2

Classes loaded (20 events):
Event: 31.567 Loading class java/util/IdentityHashMap$ValueIterator
Event: 31.567 Loading class java/util/IdentityHashMap$ValueIterator done
Event: 52.562 Loading class java/util/EnumMap$Values
Event: 52.562 Loading class java/util/EnumMap$Values done
Event: 52.562 Loading class java/util/EnumMap$ValueIterator
Event: 52.562 Loading class java/util/EnumMap$EnumMapIterator
Event: 52.562 Loading class java/util/EnumMap$EnumMapIterator done
Event: 52.562 Loading class java/util/EnumMap$ValueIterator done
Event: 103.764 Loading class java/util/BitSet
Event: 103.765 Loading class java/util/BitSet done
Event: 103.846 Loading class java/util/BitSet$1BitSetSpliterator
Event: 103.847 Loading class java/util/BitSet$1BitSetSpliterator done
Event: 103.847 Loading class java/util/stream/IntPipeline$1
Event: 103.847 Loading class java/util/stream/IntPipeline$1 done
Event: 103.847 Loading class java/util/stream/IntPipeline$1$1
Event: 103.847 Loading class java/util/stream/IntPipeline$1$1 done
Event: 103.925 Loading class java/security/AllPermissionCollection
Event: 103.925 Loading class java/security/AllPermissionCollection done
Event: 108.030 Loading class java/text/FieldPosition$Delegate
Event: 108.030 Loading class java/text/FieldPosition$Delegate done

Classes unloaded (0 events):
No events

Classes redefined (0 events):
No events

Internal exceptions (20 events):
Event: 103.776 Thread 0x00000229511a5af0 Exception <a 'java/lang/NoSuchMethodError'{0x000000064be097b8}: 'java.lang.Object java.lang.invoke.Invokers$Holder.linkToTargetMethod(java.lang.Object, java.lang.Object, java.lang.Object, java.lang.Object, java.lang.Object, java.lang.Object, java.lang.Object, java.lang.Object)'> (0x000000064be097b8) 
thrown [s\src\hotspot\share\interpreter\linkResolver.cpp, line 759]
Event: 103.777 Thread 0x00000229511a5af0 Exception <a 'java/lang/NoSuchMethodError'{0x000000064be10078}: 'void java.lang.invoke.DirectMethodHandle$Holder.invokeVirtual(java.lang.Object, java.lang.Object, int)'> (0x000000064be10078) 
thrown [s\src\hotspot\share\interpreter\linkResolver.cpp, line 759]
Event: 103.790 Thread 0x00000229511a5af0 Implicit null exception at 0x00000229740b4a31 to 0x00000229740b4d28
Event: 103.790 Thread 0x00000229511a5af0 Exception <a 'java/lang/ClassNotFoundException'{0x000000064bf43528}: com/sun/javafx/scene/control/skin/resources/controls> (0x000000064bf43528) 
thrown [s\src\hotspot\share\prims\jni.cpp, line 535]
Event: 103.790 Thread 0x00000229511a5af0 Exception <a 'java/lang/ClassNotFoundException'{0x000000064bf53f68}: com/sun/javafx/scene/control/skin/resources/controls_tr> (0x000000064bf53f68) 
thrown [s\src\hotspot\share\prims\jni.cpp, line 535]
Event: 103.791 Thread 0x00000229511a5af0 Exception <a 'java/lang/ClassNotFoundException'{0x000000064bf55550}: com/sun/javafx/scene/control/skin/resources/controls_tr_TR> (0x000000064bf55550) 
thrown [s\src\hotspot\share\prims\jni.cpp, line 535]
Event: 103.807 Thread 0x00000229511a5af0 Implicit null exception at 0x000002297402c6d4 to 0x0000022974031fb0
Event: 103.807 Thread 0x00000229511a5af0 Implicit null exception at 0x0000022973ee8fd0 to 0x0000022973ee9040
Event: 103.809 Thread 0x00000229511a5af0 Exception <a 'java/lang/NoSuchMethodError'{0x000000064b8c3de0}: 'void java.lang.invoke.DirectMethodHandle$Holder.invokeSpecial(java.lang.Object, java.lang.Object, java.lang.Object, java.lang.Object, java.lang.Object, java.lang.Object)'> (0x000000064b8c3de0) 
thrown [s\src\hotspot\share\interpreter\linkResolver.cpp, line 759]
Event: 103.873 Thread 0x00000229511a5af0 Exception <a 'java/lang/NoSuchMethodError'{0x000000064ad2b970}: 'int java.lang.invoke.DirectMethodHandle$Holder.invokeSpecial(java.lang.Object, java.lang.Object, int)'> (0x000000064ad2b970) 
thrown [s\src\hotspot\share\interpreter\linkResolver.cpp, line 759]
Event: 104.011 Thread 0x00000229511a5af0 Implicit null exception at 0x0000022973d7fedf to 0x0000022973d80af8
Event: 104.019 Thread 0x00000229511a5af0 Implicit null exception at 0x00000229740c5007 to 0x00000229740c77dc
Event: 104.029 Thread 0x00000229511a6a20 Implicit null exception at 0x0000022973e5a4c7 to 0x0000022973e5c7ec
Event: 108.049 Thread 0x00000229511a6a20 Implicit null exception at 0x0000022973f73dd2 to 0x0000022973f7502c
Event: 108.049 Thread 0x00000229511a6a20 Implicit null exception at 0x0000022973f0d72a to 0x0000022973f100a8
Event: 113.689 Thread 0x00000229511a5af0 Implicit null exception at 0x00000229741899e3 to 0x00000229741929ac
Event: 113.702 Thread 0x00000229511a5af0 Implicit null exception at 0x0000022973e0257b to 0x0000022973e03004
Event: 113.703 Thread 0x00000229511a5af0 Implicit null exception at 0x00000229740652b8 to 0x0000022974065314
Event: 113.731 Thread 0x00000229511a6a20 Implicit null exception at 0x0000022974031b76 to 0x0000022974033d60
Event: 123.742 Thread 0x00000229511a5af0 Exception <a 'java/lang/NoSuchMethodError'{0x00000006513a2f80}: 'void java.lang.invoke.DirectMethodHandle$Holder.invokeVirtual(java.lang.Object, java.lang.Object)'> (0x00000006513a2f80) 
thrown [s\src\hotspot\share\interpreter\linkResolver.cpp, line 759]

VM Operations (20 events):
Event: 113.712 Executing VM operation: HandshakeAllThreads
Event: 113.712 Executing VM operation: HandshakeAllThreads done
Event: 114.712 Executing VM operation: Cleanup
Event: 114.712 Executing VM operation: Cleanup done
Event: 115.029 Executing VM operation: G1CollectForAllocation
Event: 115.031 Executing VM operation: G1CollectForAllocation done
Event: 116.634 Executing VM operation: G1CollectForAllocation
Event: 116.635 Executing VM operation: G1CollectForAllocation done
Event: 118.318 Executing VM operation: G1CollectForAllocation
Event: 118.320 Executing VM operation: G1CollectForAllocation done
Event: 119.930 Executing VM operation: G1CollectForAllocation
Event: 119.932 Executing VM operation: G1CollectForAllocation done
Event: 120.316 Executing VM operation: HandshakeAllThreads
Event: 120.316 Executing VM operation: HandshakeAllThreads done
Event: 121.626 Executing VM operation: G1CollectForAllocation
Event: 121.626 Executing VM operation: G1CollectForAllocation done
Event: 121.626 Executing VM operation: G1CollectForAllocation
Event: 121.628 Executing VM operation: G1CollectForAllocation done
Event: 123.253 Executing VM operation: G1CollectForAllocation
Event: 123.254 Executing VM operation: G1CollectForAllocation done

Memory protections (0 events):
No events

Nmethod flushes (20 events):
Event: 113.721 Thread 0x0000022951089f50 flushing  nmethod 0x000002296ca49b90
Event: 113.721 Thread 0x0000022951089f50 flushing  nmethod 0x000002296ca53790
Event: 113.721 Thread 0x0000022951089f50 flushing  nmethod 0x000002296ca68810
Event: 113.721 Thread 0x0000022951089f50 flushing  nmethod 0x000002296ca70890
Event: 113.721 Thread 0x0000022951089f50 flushing  nmethod 0x000002296ca70d90
Event: 113.721 Thread 0x0000022951089f50 flushing  nmethod 0x000002296ca71290
Event: 113.721 Thread 0x0000022951089f50 flushing  nmethod 0x000002296ca71d10
Event: 113.721 Thread 0x0000022951089f50 flushing  nmethod 0x000002296cadfd90
Event: 113.721 Thread 0x0000022951089f50 flushing  nmethod 0x000002296cb0e190
Event: 113.721 Thread 0x0000022951089f50 flushing  nmethod 0x000002296cb28290
Event: 113.722 Thread 0x0000022951089f50 flushing  nmethod 0x000002296cbfd210
Event: 113.723 Thread 0x0000022951089f50 flushing  nmethod 0x000002296cc42a10
Event: 113.724 Thread 0x0000022951089f50 flushing  nmethod 0x000002296cd6d710
Event: 113.724 Thread 0x0000022951089f50 flushing  nmethod 0x000002296cdd3910
Event: 113.724 Thread 0x0000022951089f50 flushing  nmethod 0x000002296ce19c90
Event: 113.724 Thread 0x0000022951089f50 flushing  nmethod 0x000002296ce31390
Event: 113.724 Thread 0x0000022951089f50 flushing  nmethod 0x000002296ce41c90
Event: 113.725 Thread 0x0000022951089f50 flushing  nmethod 0x000002296ce5cf90
Event: 113.725 Thread 0x0000022951089f50 flushing  nmethod 0x000002296ce67d10
Event: 113.725 Thread 0x0000022951089f50 flushing  nmethod 0x000002296ce7e910

Events (20 events):
Event: 109.776 Thread 0x000002295c3c3a80 Thread exited: 0x000002295c3c3a80
Event: 110.935 Thread 0x000002297ecdd120 Thread added: 0x000002295c3c6500
Event: 110.935 Thread 0x000002297ecdd120 Thread added: 0x000002295c3c6a50
Event: 110.971 Thread 0x000002297ecdd120 Thread added: 0x000002295c3c5a60
Event: 110.978 Thread 0x000002297ecdd120 Thread added: 0x000002295c3c4520
Event: 110.979 Thread 0x000002297ecdd120 Thread added: 0x000002295c3c5fb0
Event: 111.554 Thread 0x000002295c3c5fb0 Thread exited: 0x000002295c3c5fb0
Event: 111.554 Thread 0x000002295c3c5a60 Thread exited: 0x000002295c3c5a60
Event: 111.574 Thread 0x000002295c3c4520 Thread exited: 0x000002295c3c4520
Event: 111.574 Thread 0x000002295c3c6a50 Thread exited: 0x000002295c3c6a50
Event: 113.312 Thread 0x000002295c3c6500 Thread exited: 0x000002295c3c6500
Event: 113.692 Thread 0x000002297ecdd120 Thread added: 0x000002295c3c5a60
Event: 113.692 Thread 0x000002297ecdd120 Thread added: 0x000002295c3c3a80
Event: 113.708 Thread 0x000002297eccc750 Thread added: 0x000002295c3c3fd0
Event: 113.712 Thread 0x000002297ecdd120 Thread added: 0x000002295c3c4520
Event: 114.458 Thread 0x000002295c3c4520 Thread exited: 0x000002295c3c4520
Event: 114.458 Thread 0x000002295c3c3a80 Thread exited: 0x000002295c3c3a80
Event: 114.458 Thread 0x000002295c3c3fd0 Thread exited: 0x000002295c3c3fd0
Event: 114.577 Thread 0x000002295c3c5a60 Thread exited: 0x000002295c3c5a60
Event: 123.745 Thread 0x0000022956b72640 Thread exited: 0x0000022956b72640


Dynamic libraries:
0x00007ff6a3fe0000 - 0x00007ff6a3fee000 	C:\Program Files\Eclipse Adoptium\jdk-17.0.18.8-hotspot\bin\java.exe
0x00007ffa64a20000 - 0x00007ffa64c87000 	C:\WINDOWS\SYSTEM32\ntdll.dll
0x00007ffa63c40000 - 0x00007ffa63d09000 	C:\WINDOWS\System32\KERNEL32.DLL
0x00007ffa617a0000 - 0x00007ffa61b94000 	C:\WINDOWS\System32\KERNELBASE.dll
0x00007ffa612f0000 - 0x00007ffa6143b000 	C:\WINDOWS\System32\ucrtbase.dll
0x00007ffa586d0000 - 0x00007ffa586e8000 	C:\Program Files\Eclipse Adoptium\jdk-17.0.18.8-hotspot\bin\jli.dll
0x00007ffa59760000 - 0x00007ffa5977e000 	C:\Program Files\Eclipse Adoptium\jdk-17.0.18.8-hotspot\bin\VCRUNTIME140.dll
0x00007ffa62d60000 - 0x00007ffa62f25000 	C:\WINDOWS\System32\USER32.dll
0x00007ffa624a0000 - 0x00007ffa624c7000 	C:\WINDOWS\System32\win32u.dll
0x00007ffa50250000 - 0x00007ffa504e3000 	C:\WINDOWS\WinSxS\amd64_microsoft.windows.common-controls_6595b64144ccf1df_6.0.26100.8115_none_3e075c82e3354f9c\COMCTL32.dll
0x00007ffa62f40000 - 0x00007ffa62f6b000 	C:\WINDOWS\System32\GDI32.dll
0x00007ffa62840000 - 0x00007ffa628e9000 	C:\WINDOWS\System32\msvcrt.dll
0x00007ffa614f0000 - 0x00007ffa6161b000 	C:\WINDOWS\System32\gdi32full.dll
0x00007ffa62590000 - 0x00007ffa62633000 	C:\WINDOWS\System32\msvcp_win.dll
0x00007ffa62fd0000 - 0x00007ffa63002000 	C:\WINDOWS\System32\IMM32.DLL
0x00007ffa5ba30000 - 0x00007ffa5ba3c000 	C:\Program Files\Eclipse Adoptium\jdk-17.0.18.8-hotspot\bin\vcruntime140_1.dll
0x00007ffa4d660000 - 0x00007ffa4d6ed000 	C:\Program Files\Eclipse Adoptium\jdk-17.0.18.8-hotspot\bin\msvcp140.dll
0x00007ff997f30000 - 0x00007ff998b9b000 	C:\Program Files\Eclipse Adoptium\jdk-17.0.18.8-hotspot\bin\server\jvm.dll
0x00007ffa628f0000 - 0x00007ffa629a6000 	C:\WINDOWS\System32\ADVAPI32.dll
0x00007ffa64340000 - 0x00007ffa643e7000 	C:\WINDOWS\System32\sechost.dll
0x00007ffa64890000 - 0x00007ffa649a8000 	C:\WINDOWS\System32\RPCRT4.dll
0x00007ffa627b0000 - 0x00007ffa62830000 	C:\WINDOWS\System32\WS2_32.dll
0x00007ffa61150000 - 0x00007ffa611ae000 	C:\WINDOWS\SYSTEM32\POWRPROF.dll
0x00007ffa56400000 - 0x00007ffa56436000 	C:\WINDOWS\SYSTEM32\WINMM.dll
0x00007ffa583b0000 - 0x00007ffa583bb000 	C:\WINDOWS\SYSTEM32\VERSION.dll
0x00007ffa61130000 - 0x00007ffa61144000 	C:\WINDOWS\SYSTEM32\UMPDC.dll
0x00007ffa60080000 - 0x00007ffa6009b000 	C:\WINDOWS\SYSTEM32\kernel.appcore.dll
0x00007ffa58450000 - 0x00007ffa5845a000 	C:\Program Files\Eclipse Adoptium\jdk-17.0.18.8-hotspot\bin\jimage.dll
0x00007ffa5e3f0000 - 0x00007ffa5e632000 	C:\WINDOWS\SYSTEM32\DBGHELP.DLL
0x00007ffa64400000 - 0x00007ffa64782000 	C:\WINDOWS\System32\combase.dll
0x00007ffa63010000 - 0x00007ffa630e8000 	C:\WINDOWS\System32\OLEAUT32.dll
0x00007ffa3f730000 - 0x00007ffa3f76b000 	C:\WINDOWS\SYSTEM32\dbgcore.DLL
0x00007ffa61440000 - 0x00007ffa614e5000 	C:\WINDOWS\System32\bcryptPrimitives.dll
0x00007ffa4d820000 - 0x00007ffa4d845000 	C:\Program Files\Eclipse Adoptium\jdk-17.0.18.8-hotspot\bin\java.dll
0x00007ffa4d0a0000 - 0x00007ffa4d177000 	C:\Program Files\Eclipse Adoptium\jdk-17.0.18.8-hotspot\bin\jsvml.dll
0x00007ffa63100000 - 0x00007ffa63867000 	C:\WINDOWS\System32\SHELL32.dll
0x00007ffa62640000 - 0x00007ffa627aa000 	C:\WINDOWS\System32\wintypes.dll
0x00007ffa61c30000 - 0x00007ffa62498000 	C:\WINDOWS\System32\windows.storage.dll
0x00007ffa63870000 - 0x00007ffa63968000 	C:\WINDOWS\System32\SHCORE.dll
0x00007ffa62bf0000 - 0x00007ffa62c56000 	C:\WINDOWS\System32\shlwapi.dll
0x00007ffa61210000 - 0x00007ffa61239000 	C:\WINDOWS\SYSTEM32\profapi.dll
0x00007ffa4d800000 - 0x00007ffa4d81a000 	C:\Program Files\Eclipse Adoptium\jdk-17.0.18.8-hotspot\bin\net.dll
0x00007ffa5c2d0000 - 0x00007ffa5c3fd000 	C:\WINDOWS\SYSTEM32\WINHTTP.dll
0x00007ffa605f0000 - 0x00007ffa6065c000 	C:\WINDOWS\system32\mswsock.dll
0x00007ffa4d7b0000 - 0x00007ffa4d7c6000 	C:\Program Files\Eclipse Adoptium\jdk-17.0.18.8-hotspot\bin\nio.dll
0x00007ffa4d640000 - 0x00007ffa4d658000 	C:\Program Files\Eclipse Adoptium\jdk-17.0.18.8-hotspot\bin\zip.dll
0x000002290fff0000 - 0x000002290fff3000 	C:\Users\zeren\.openjfx\cache\21.0.2+5\amd64\api-ms-win-core-console-l1-1-0.dll
0x0000022951c00000 - 0x0000022951c03000 	C:\Users\zeren\.openjfx\cache\21.0.2+5\amd64\api-ms-win-core-console-l1-2-0.dll
0x0000022951c10000 - 0x0000022951c13000 	C:\Users\zeren\.openjfx\cache\21.0.2+5\amd64\api-ms-win-core-datetime-l1-1-0.dll
0x0000022951c20000 - 0x0000022951c23000 	C:\Users\zeren\.openjfx\cache\21.0.2+5\amd64\api-ms-win-core-debug-l1-1-0.dll
0x0000022951c30000 - 0x0000022951c33000 	C:\Users\zeren\.openjfx\cache\21.0.2+5\amd64\api-ms-win-core-errorhandling-l1-1-0.dll
0x0000022951c40000 - 0x0000022951c44000 	C:\Users\zeren\.openjfx\cache\21.0.2+5\amd64\api-ms-win-core-file-l1-1-0.dll
0x0000022951c50000 - 0x0000022951c53000 	C:\Users\zeren\.openjfx\cache\21.0.2+5\amd64\api-ms-win-core-file-l1-2-0.dll
0x0000022951c60000 - 0x0000022951c63000 	C:\Users\zeren\.openjfx\cache\21.0.2+5\amd64\api-ms-win-core-file-l2-1-0.dll
0x0000022951c70000 - 0x0000022951c73000 	C:\Users\zeren\.openjfx\cache\21.0.2+5\amd64\api-ms-win-core-handle-l1-1-0.dll
0x0000022951c80000 - 0x0000022951c83000 	C:\Users\zeren\.openjfx\cache\21.0.2+5\amd64\api-ms-win-core-heap-l1-1-0.dll
0x0000022951c90000 - 0x0000022951c93000 	C:\Users\zeren\.openjfx\cache\21.0.2+5\amd64\api-ms-win-core-interlocked-l1-1-0.dll
0x0000022951ca0000 - 0x0000022951ca3000 	C:\Users\zeren\.openjfx\cache\21.0.2+5\amd64\api-ms-win-core-libraryloader-l1-1-0.dll
0x0000022951cb0000 - 0x0000022951cb3000 	C:\Users\zeren\.openjfx\cache\21.0.2+5\amd64\api-ms-win-core-localization-l1-2-0.dll
0x0000022951cc0000 - 0x0000022951cc3000 	C:\Users\zeren\.openjfx\cache\21.0.2+5\amd64\api-ms-win-core-memory-l1-1-0.dll
0x0000022951cd0000 - 0x0000022951cd3000 	C:\Users\zeren\.openjfx\cache\21.0.2+5\amd64\api-ms-win-core-namedpipe-l1-1-0.dll
0x0000022951ce0000 - 0x0000022951ce3000 	C:\Users\zeren\.openjfx\cache\21.0.2+5\amd64\api-ms-win-core-processenvironment-l1-1-0.dll
0x0000022951cf0000 - 0x0000022951cf3000 	C:\Users\zeren\.openjfx\cache\21.0.2+5\amd64\api-ms-win-core-processthreads-l1-1-0.dll
0x0000022951d00000 - 0x0000022951d03000 	C:\Users\zeren\.openjfx\cache\21.0.2+5\amd64\api-ms-win-core-processthreads-l1-1-1.dll
0x0000022951d10000 - 0x0000022951d13000 	C:\Users\zeren\.openjfx\cache\21.0.2+5\amd64\api-ms-win-core-profile-l1-1-0.dll
0x0000022951d20000 - 0x0000022951d23000 	C:\Users\zeren\.openjfx\cache\21.0.2+5\amd64\api-ms-win-core-rtlsupport-l1-1-0.dll
0x0000022951d30000 - 0x0000022951d33000 	C:\Users\zeren\.openjfx\cache\21.0.2+5\amd64\api-ms-win-core-string-l1-1-0.dll
0x0000022951d40000 - 0x0000022951d43000 	C:\Users\zeren\.openjfx\cache\21.0.2+5\amd64\api-ms-win-core-synch-l1-1-0.dll
0x0000022951d50000 - 0x0000022951d53000 	C:\Users\zeren\.openjfx\cache\21.0.2+5\amd64\api-ms-win-core-synch-l1-2-0.dll
0x0000022951d60000 - 0x0000022951d63000 	C:\Users\zeren\.openjfx\cache\21.0.2+5\amd64\api-ms-win-core-sysinfo-l1-1-0.dll
0x0000022951d70000 - 0x0000022951d73000 	C:\Users\zeren\.openjfx\cache\21.0.2+5\amd64\api-ms-win-core-timezone-l1-1-0.dll
0x0000022951d80000 - 0x0000022951d83000 	C:\Users\zeren\.openjfx\cache\21.0.2+5\amd64\api-ms-win-core-util-l1-1-0.dll
0x0000022951d90000 - 0x0000022951d93000 	C:\Users\zeren\.openjfx\cache\21.0.2+5\amd64\api-ms-win-crt-conio-l1-1-0.dll
0x0000022951da0000 - 0x0000022951da4000 	C:\Users\zeren\.openjfx\cache\21.0.2+5\amd64\api-ms-win-crt-convert-l1-1-0.dll
0x0000022951db0000 - 0x0000022951db3000 	C:\Users\zeren\.openjfx\cache\21.0.2+5\amd64\api-ms-win-crt-environment-l1-1-0.dll
0x0000022951dc0000 - 0x0000022951dc3000 	C:\Users\zeren\.openjfx\cache\21.0.2+5\amd64\api-ms-win-crt-filesystem-l1-1-0.dll
0x0000022951dd0000 - 0x0000022951dd3000 	C:\Users\zeren\.openjfx\cache\21.0.2+5\amd64\api-ms-win-crt-heap-l1-1-0.dll
0x0000022951de0000 - 0x0000022951de3000 	C:\Users\zeren\.openjfx\cache\21.0.2+5\amd64\api-ms-win-crt-locale-l1-1-0.dll
0x0000022951df0000 - 0x0000022951df5000 	C:\Users\zeren\.openjfx\cache\21.0.2+5\amd64\api-ms-win-crt-math-l1-1-0.dll
0x0000022951e00000 - 0x0000022951e05000 	C:\Users\zeren\.openjfx\cache\21.0.2+5\amd64\api-ms-win-crt-multibyte-l1-1-0.dll
0x0000022951e10000 - 0x0000022951e20000 	C:\Users\zeren\.openjfx\cache\21.0.2+5\amd64\api-ms-win-crt-private-l1-1-0.dll
0x0000022951e20000 - 0x0000022951e23000 	C:\Users\zeren\.openjfx\cache\21.0.2+5\amd64\api-ms-win-crt-process-l1-1-0.dll
0x0000022951e30000 - 0x0000022951e34000 	C:\Users\zeren\.openjfx\cache\21.0.2+5\amd64\api-ms-win-crt-runtime-l1-1-0.dll
0x0000022951e40000 - 0x0000022951e44000 	C:\Users\zeren\.openjfx\cache\21.0.2+5\amd64\api-ms-win-crt-stdio-l1-1-0.dll
0x0000022951e50000 - 0x0000022951e54000 	C:\Users\zeren\.openjfx\cache\21.0.2+5\amd64\api-ms-win-crt-string-l1-1-0.dll
0x0000022951e60000 - 0x0000022951e63000 	C:\Users\zeren\.openjfx\cache\21.0.2+5\amd64\api-ms-win-crt-time-l1-1-0.dll
0x0000022951e70000 - 0x0000022951e73000 	C:\Users\zeren\.openjfx\cache\21.0.2+5\amd64\api-ms-win-crt-utility-l1-1-0.dll
0x00007ffa26910000 - 0x00007ffa26a0c000 	C:\Users\zeren\.openjfx\cache\21.0.2+5\amd64\ucrtbase.dll
0x00007ffa4d5f0000 - 0x00007ffa4d60b000 	C:\Users\zeren\.openjfx\cache\21.0.2+5\amd64\vcruntime140.dll
0x00007ffa4ee20000 - 0x00007ffa4ee2c000 	C:\Users\zeren\.openjfx\cache\21.0.2+5\amd64\vcruntime140_1.dll
0x00007ffa4cda0000 - 0x00007ffa4ce2e000 	C:\Users\zeren\.openjfx\cache\21.0.2+5\amd64\msvcp140.dll
0x00007ffa4e050000 - 0x00007ffa4e059000 	C:\Users\zeren\.openjfx\cache\21.0.2+5\amd64\msvcp140_1.dll
0x00007ffa49300000 - 0x00007ffa49341000 	C:\Users\zeren\.openjfx\cache\21.0.2+5\amd64\msvcp140_2.dll
0x00007ffa4d070000 - 0x00007ffa4d0a0000 	C:\Users\zeren\.openjfx\cache\21.0.2+5\amd64\prism_d3d.dll
0x00007ffa03220000 - 0x00007ffa033d2000 	C:\WINDOWS\system32\d3d9.dll
0x00007ffa5f020000 - 0x00007ffa5f04f000 	C:\WINDOWS\SYSTEM32\dwmapi.dll
0x00007ffa5ee40000 - 0x00007ffa5ee83000 	C:\WINDOWS\SYSTEM32\dxcore.dll
0x00007ffa5ed30000 - 0x00007ffa5edd9000 	C:\WINDOWS\system32\uxtheme.dll
0x00007ffa641a0000 - 0x00007ffa64337000 	C:\WINDOWS\System32\ole32.dll
0x00007ffa63d10000 - 0x00007ffa64197000 	C:\WINDOWS\System32\SETUPAPI.dll
0x00007ffa5a490000 - 0x00007ffa5a4f1000 	C:\WINDOWS\SYSTEM32\directxdatabasehelper.dll
0x00007ffa60ed0000 - 0x00007ffa60f21000 	C:\WINDOWS\SYSTEM32\cfgmgr32.dll
0x00007ffa43b40000 - 0x00007ffa43b82000 	C:\Users\zeren\.openjfx\cache\21.0.2+5\amd64\glass.dll
0x00007ffa62c60000 - 0x00007ffa62d4f000 	C:\WINDOWS\System32\COMDLG32.dll
0x00007ffa629b0000 - 0x00007ffa62b0c000 	C:\WINDOWS\System32\MSCTF.dll
0x00007ffa58440000 - 0x00007ffa58450000 	C:\Program Files\Eclipse Adoptium\jdk-17.0.18.8-hotspot\bin\verify.dll
0x00007ffa608e0000 - 0x00007ffa608fb000 	C:\WINDOWS\SYSTEM32\CRYPTSP.dll
0x00007ffa5ffc0000 - 0x00007ffa5fff9000 	C:\WINDOWS\system32\rsaenh.dll
0x00007ffa606a0000 - 0x00007ffa606d3000 	C:\WINDOWS\SYSTEM32\USERENV.dll
0x00007ffa611e0000 - 0x00007ffa6120a000 	C:\WINDOWS\SYSTEM32\bcrypt.dll
0x00007ffa608d0000 - 0x00007ffa608dc000 	C:\WINDOWS\SYSTEM32\CRYPTBASE.dll
0x00007ffa5fa80000 - 0x00007ffa5fab2000 	C:\WINDOWS\SYSTEM32\IPHLPAPI.DLL
0x00007ffa630f0000 - 0x00007ffa630fa000 	C:\WINDOWS\System32\NSI.dll
0x00007ffa5c460000 - 0x00007ffa5c47d000 	C:\WINDOWS\SYSTEM32\dhcpcsvc6.DLL
0x00007ffa5c430000 - 0x00007ffa5c455000 	C:\WINDOWS\SYSTEM32\dhcpcsvc.DLL
0x00007ffa5fb20000 - 0x00007ffa5fc52000 	C:\WINDOWS\SYSTEM32\DNSAPI.dll
0x00007ffa26810000 - 0x00007ffa26906000 	C:\Users\zeren\AppData\Local\Temp\sqlite-3.46.1.0-9a9b162a-222a-4e9d-af3f-8e2d6778efb2-sqlitejdbc.dll
0x00007ffa4caf0000 - 0x00007ffa4cb19000 	C:\Users\zeren\AppData\Local\Temp\BridJExtractedLibraries2957279039011433991\bridj.dll
0x00007ffa44150000 - 0x00007ffa44186000 	C:\Users\zeren\AppData\Local\Temp\BridJExtractedLibraries2957279039011433991\OpenIMAJGrabber.dll
0x00007ffa62b30000 - 0x00007ffa62bde000 	C:\WINDOWS\System32\clbcatq.dll
0x00007ff99b720000 - 0x00007ff99b741000 	C:\Windows\System32\devenum.dll
0x00007ffa601a0000 - 0x00007ffa601d6000 	C:\WINDOWS\SYSTEM32\ntmarta.dll
0x00007ffa60ea0000 - 0x00007ffa60ecd000 	C:\WINDOWS\SYSTEM32\DEVOBJ.dll
0x00007ffa61ba0000 - 0x00007ffa61c22000 	C:\WINDOWS\System32\WINTRUST.dll
0x00007ffa61620000 - 0x00007ffa61797000 	C:\WINDOWS\System32\CRYPT32.dll
0x00007ffa60a00000 - 0x00007ffa60a13000 	C:\WINDOWS\SYSTEM32\MSASN1.dll
0x00007ffa4ade0000 - 0x00007ffa4adee000 	C:\WINDOWS\SYSTEM32\msdmo.dll
0x00007ffa24e00000 - 0x00007ffa24f91000 	C:\Program Files\Eclipse Adoptium\jdk-17.0.18.8-hotspot\bin\awt.dll

dbghelp: loaded successfully - version: 4.0.5 - missing functions: none
symbol engine: initialized successfully - sym options: 0x614 - pdb path: .;C:\Program Files\Eclipse Adoptium\jdk-17.0.18.8-hotspot\bin;C:\WINDOWS\SYSTEM32;C:\WINDOWS\WinSxS\amd64_microsoft.windows.common-controls_6595b64144ccf1df_6.0.26100.8115_none_3e075c82e3354f9c;C:\Program Files\Eclipse Adoptium\jdk-17.0.18.8-hotspot\bin\server;C:\Users\zeren\.openjfx\cache\21.0.2+5\amd64;C:\WINDOWS\System32\DriverStore\FileRepository\u0387352.inf_amd64_ce4ceb13d73334be\B385477;C:\Users\zeren\AppData\Local\Temp;C:\Users\zeren\AppData\Local\Temp\BridJExtractedLibraries2957279039011433991;C:\Program Files\Common Files\Microsoft Shared\Ink;C:\Users\zeren\AppData\Local\Temp\onnxruntime-java2349169572313015945;C:\WINDOWS\WinSxS\amd64_microsoft.windows.gdiplus_6595b64144ccf1df_1.1.26100.8246_none_6ef5395a3dc52f61;C:\Program Files\obs-studio\data\obs-plugins\win-dshow

VM Arguments:
jvm_args: --module-path=C:\Users\zeren\.m2\repository\org\openjfx\javafx-base\21.0.2\javafx-base-21.0.2-win.jar;C:\Users\zeren\.m2\repository\org\openjfx\javafx-base\21.0.2\javafx-base-21.0.2.jar;C:\Users\zeren\.m2\repository\org\openjfx\javafx-controls\21.0.2\javafx-controls-21.0.2-win.jar;C:\Users\zeren\.m2\repository\org\openjfx\javafx-controls\21.0.2\javafx-controls-21.0.2.jar;C:\Users\zeren\.m2\repository\org\openjfx\javafx-fxml\21.0.2\javafx-fxml-21.0.2-win.jar;C:\Users\zeren\.m2\repository\org\openjfx\javafx-fxml\21.0.2\javafx-fxml-21.0.2.jar;C:\Users\zeren\.m2\repository\org\openjfx\javafx-graphics\21.0.2\javafx-graphics-21.0.2-win.jar;C:\Users\zeren\.m2\repository\org\openjfx\javafx-graphics\21.0.2\javafx-graphics-21.0.2.jar;C:\Users\zeren\.m2\repository\org\openjfx\javafx-swing\21.0.2\javafx-swing-21.0.2-win.jar;C:\Users\zeren\.m2\repository\org\openjfx\javafx-swing\21.0.2\javafx-swing-21.0.2.jar --add-modules=javafx.base,javafx.controls,javafx.fxml,javafx.graphics,javafx.swing 
java_command: com.gozcu.MainApp
java_class_path (initial): C:\Gozcu-Desktop\target\classes;C:\Users\zeren\.m2\repository\com\github\sarxos\webcam-capture\0.3.12\webcam-capture-0.3.12.jar;C:\Users\zeren\.m2\repository\com\microsoft\onnxruntime\onnxruntime\1.20.0\onnxruntime-1.20.0.jar;C:\Users\zeren\.m2\repository\com\nativelibs4java\bridj\0.7.0\bridj-0.7.0.jar;C:\Users\zeren\.m2\repository\org\slf4j\slf4j-api\1.7.36\slf4j-api-1.7.36.jar;C:\Users\zeren\.m2\repository\org\xerial\sqlite-jdbc\3.46.1.0\sqlite-jdbc-3.46.1.0.jar
Launcher Type: SUN_STANDARD

[Global flags]
     intx CICompilerCount                          = 12                                        {product} {ergonomic}
     uint ConcGCThreads                            = 3                                         {product} {ergonomic}
     uint G1ConcRefinementThreads                  = 13                                        {product} {ergonomic}
   size_t G1HeapRegionSize                         = 4194304                                   {product} {ergonomic}
    uintx GCDrainStackTargetSize                   = 64                                        {product} {ergonomic}
   size_t InitialHeapSize                          = 469762048                                 {product} {ergonomic}
   size_t MarkStackSize                            = 4194304                                   {product} {ergonomic}
   size_t MaxHeapSize                              = 7478444032                                {product} {ergonomic}
   size_t MaxNewSize                               = 4483710976                                {product} {ergonomic}
   size_t MinHeapDeltaBytes                        = 4194304                                   {product} {ergonomic}
   size_t MinHeapSize                              = 8388608                                   {product} {ergonomic}
    uintx NonNMethodCodeHeapSize                   = 7602480                                {pd product} {ergonomic}
    uintx NonProfiledCodeHeapSize                  = 122027880                              {pd product} {ergonomic}
    uintx ProfiledCodeHeapSize                     = 122027880                              {pd product} {ergonomic}
    uintx ReservedCodeCacheSize                    = 251658240                              {pd product} {ergonomic}
     bool SegmentedCodeCache                       = true                                      {product} {ergonomic}
   size_t SoftMaxHeapSize                          = 7478444032                             {manageable} {ergonomic}
     bool UseCompressedClassPointers               = true                           {product lp64_product} {ergonomic}
     bool UseCompressedOops                        = true                           {product lp64_product} {ergonomic}
     bool UseG1GC                                  = true                                      {product} {ergonomic}
     bool UseLargePagesIndividualAllocation        = false                                  {pd product} {ergonomic}

Logging:
Log output configuration:
 #0: stdout all=warning uptime,level,tags
 #1: stderr all=off uptime,level,tags

Environment Variables:
PATH=C:\Program Files\Eclipse Adoptium\jdk-17.0.18.8-hotspot\bin;C:\Program Files\Common Files\Oracle\Java\javapath;C:\Program Files\NVIDIA GPU Computing Toolkit\CUDA\v12.5\bin;C:\Program Files\NVIDIA GPU Computing Toolkit\CUDA\v12.5\libnvvp;C:\Program Files (x86)\VMware\VMware Workstation\bin\;C:\Program Files (x86)\Razer Chroma SDK\bin;C:\Program Files\Razer Chroma SDK\bin;C:\Program Files (x86)\Razer\ChromaBroadcast\bin;C:\Program Files\Razer\ChromaBroadcast\bin;C:\Program Files (x86)\Common Files\Oracle\Java\javapath;C:\Windows\system32;C:\Windows;C:\Windows\System32\Wbem;C:\Windows\System32\WindowsPowerShell\v1.0\;C:\Windows\System32\OpenSSH\;C:\Windows\system32\config\systemprofile\AppData\Local\Microsoft\WindowsApps;C:\WINDOWS\system32;C:\WINDOWS;C:\WINDOWS\System32\Wbem;C:\WINDOWS\System32\WindowsPowerShell\v1.0\;C:\WINDOWS\System32\OpenSSH\;C:\Program Files\NVIDIA Corporation\NVIDIA app\NvDLISR;C:\Program Files (x86)\NVIDIA Corporation\PhysX\Common;C:\Program Files\nodejs\;C:\Users\zeren\anaconda3\Scripts;C:\Users\zeren\anaconda3;C:\Users\zeren\anaconda3\Library\bin;C:\Program Files\NVIDIA Corporation\Nsight Compute 2024.2.1\;C:\Program Files\Git\cmd;C:\Program Files\dotnet\;C:\Program Files\Microsoft SQL Server\170\Tools\Binn\;C:\Program Files\Microsoft SQL Server\Client SDK\ODBC\170\Tools\Binn\;C:\Program Files\Apache\maven\bin;C:\Program Files\MySQL\MySQL Shell 8.0\bin\;C:\Users\zeren\AppData\Local\Programs\Python\Python313\Scripts\;C:\Users\zeren\AppData\Local\Programs\Python\Python313\;C:\Users\zeren\AppData\Local\Programs\Python\Launcher\;C:\Users\zeren\AppData\Local\Microsoft\WindowsApps;C:\Users\zeren\AppData\Local\GitHubDesktop\bin;C:\Users\zeren\AppData\Local\Programs\Microsoft VS Code\bin;C:\msys64\mingw64\bin;C:\Users\zeren\AppData\Roaming\npm;C:\Users\zeren\AppData\Local\Programs\Antigravity\bin;C:\Program Files (x86)\Nmap;C:\Users\zeren\.dotnet\tools;c:\Users\zeren\.antigravity\extensions\vscjava.vscode-java-debug-0.59.0-universal\bundled\scripts\noConfigScripts
USERNAME=zeren
LANG=en_US.UTF-8
OS=Windows_NT
PROCESSOR_IDENTIFIER=AMD64 Family 25 Model 80 Stepping 0, AuthenticAMD
TMP=C:\Users\zeren\AppData\Local\Temp
TEMP=C:\Users\zeren\AppData\Local\Temp



Periodic native trim disabled


---------------  S Y S T E M  ---------------

OS:
 Windows 11 , 64 bit Build 26100 (10.0.26100.8246)
OS uptime: 0 days 1:48 hours
Hyper-V role detected

CPU: total 16 (initial active 16) (16 cores per cpu, 2 threads per core) family 25 model 80 stepping 0 microcode 0xa50000c, cx8, cmov, fxsr, ht, mmx, 3dnowpref, sse, sse2, sse3, ssse3, sse4a, sse4.1, sse4.2, popcnt, lzcnt, tsc, tscinvbit, avx, avx2, aes, erms, clmul, bmi1, bmi2, adx, sha, fma, vzeroupper, clflush, clflushopt, hv
Processor Information for processor 0
  Max Mhz: 3301, Current Mhz: 3301, Mhz Limit: 3301
Processor Information for processor 1
  Max Mhz: 3301, Current Mhz: 2652, Mhz Limit: 3301
Processor Information for processor 2
  Max Mhz: 3301, Current Mhz: 3301, Mhz Limit: 3301
Processor Information for processor 3
  Max Mhz: 3301, Current Mhz: 3301, Mhz Limit: 3301
Processor Information for processor 4
  Max Mhz: 3301, Current Mhz: 3301, Mhz Limit: 3301
Processor Information for processor 5
  Max Mhz: 3301, Current Mhz: 2652, Mhz Limit: 3301
Processor Information for processor 6
  Max Mhz: 3301, Current Mhz: 3301, Mhz Limit: 3301
Processor Information for processor 7
  Max Mhz: 3301, Current Mhz: 2652, Mhz Limit: 3301
Processor Information for processor 8
  Max Mhz: 3301, Current Mhz: 3301, Mhz Limit: 3301
Processor Information for processor 9
  Max Mhz: 3301, Current Mhz: 2652, Mhz Limit: 3301
Processor Information for processor 10
  Max Mhz: 3301, Current Mhz: 3301, Mhz Limit: 3301
Processor Information for processor 11
  Max Mhz: 3301, Current Mhz: 3301, Mhz Limit: 3301
Processor Information for processor 12
  Max Mhz: 3301, Current Mhz: 3301, Mhz Limit: 3301
Processor Information for processor 13
  Max Mhz: 3301, Current Mhz: 3301, Mhz Limit: 3301
Processor Information for processor 14
  Max Mhz: 3301, Current Mhz: 2652, Mhz Limit: 3301
Processor Information for processor 15
  Max Mhz: 3301, Current Mhz: 3301, Mhz Limit: 3301

Memory: 4k page, system-wide physical 28524M (12653M free)
TotalPageFile size 38764M (AvailPageFile size 15342M)
current process WorkingSet (physical memory assigned to process): 610M, peak: 711M
current process commit charge ("private bytes"): 955M, peak: 1214M

vm_info: OpenJDK 64-Bit Server VM (17.0.18+8) for windows-amd64 JRE (17.0.18+8), built on Jan 20 2026 22:28:22 by "admin" with MS VC++ 17.12 (VS2022)

END.
